,代码,名称
1074,000508,琼民源A
1075,000418,小天鹅A
1076,000412,ST五环
1077,000406,石油大明
1078,000405,ST鑫光
1079,000047,ST中侨
1080,000033,新都退
1081,000024,招商地产
1082,000018,神城A退
1083,000015,PT中浩A
1084,000013,*ST石化A
1085,000003,PT金田A
1086,688606,奥泰生物
1087,000786,北新建材
1088,300035,中科电气
1089,300819,聚杰微纤
1090,603059,倍加洁
1091,600071,凤凰光学
1092,605077,华康股份
1093,002825,纳尔股份
1094,002900,哈三联
1095,002549,凯美特气
1096,605303,园林股份
1097,603309,维力医疗
1098,830799,艾融软件
1099,600977,中国电影
1100,600552,凯盛科技
1101,603629,利通电子
1102,300498,温氏股份
1103,600970,中材国际
1104,300260,新莱应材
1105,301178,天亿马
1106,002855,捷荣技术
1107,300555,路通视信
1108,300668,杰恩设计
1109,600883,博闻科技
1110,002796,世嘉科技
1111,003023,彩虹集团
1112,601069,西部黄金
1113,301037,保立佳
1114,600256,广汇能源
1115,300775,三角防务
1116,601225,陕西煤业
1117,301096,百诚医药
1118,601001,晋控煤业
1119,300512,中亚股份
1120,000488,晨鸣纸业
1121,000798,中水渔业
1122,002267,陕天然气
1123,600929,雪天盐业
1124,002982,湘佳股份
1125,603617,君禾股份
1126,603817,海峡环保
1127,002877,智能自控
1128,002403,爱仕达
1129,688350,富淼科技
1130,300879,大叶股份
1131,603970,中农立华
1132,600449,宁夏建材
1133,002061,浙江交科
1134,603559,中通国脉
1135,300032,金龙机电
1136,002170,芭田股份
1137,002787,华源控股
1138,000932,华菱钢铁
1139,603012,创力集团
1140,300630,普利制药
1141,002976,瑞玛精密
1142,600373,中文传媒
1143,688565,力源科技
1144,301036,双乐股份
1145,600820,隧道股份
1146,002091,江苏国泰
1147,002826,易明医药
1148,688155,先惠技术
1149,688799,华纳药厂
1150,688303,大全能源
1151,002671,龙泉股份
1152,002144,宏达高科
1153,600241,ST时万
1154,300597,吉大通信
1155,300573,兴齐眼药
1156,603536,惠发食品
1157,601375,中原证券
1158,000407,胜利股份
1159,600496,精工钢构
1160,603887,城地香江
1161,002392,北京利尔
1162,002340,格林美
1163,600488,天药股份
1164,000417,合肥百货
1165,001218,丽臣实业
1166,600658,电子城
1167,000926,福星股份
1168,605050,福然德
1169,002740,爱迪尔
1170,300194,福安药业
1171,300247,融捷健康
1172,600862,中航高科
1173,605319,无锡振华
1174,603001,奥康国际
1175,300447,全信股份
1176,300159,新研股份
1177,600425,青松建化
1178,301068,大地海洋
1179,002330,得利斯
1180,002394,联发股份
1181,000031,大悦城
1182,603508,思维列控
1183,601077,渝农商行
1184,002613,北玻股份
1185,600130,波导股份
1186,300736,百邦科技
1187,000919,金陵药业
1188,688062,迈威生物-U
1189,000813,德展健康
1190,600841,上柴股份
1191,603321,梅轮电梯
1192,002571,德力股份
1193,600628,新世界
1194,002543,万和电气
1195,002135,东南网架
1196,001211,双枪科技
1197,300893,松原股份
1198,002379,宏创控股
1199,300112,万讯自控
1200,002019,亿帆医药
1201,600981,汇鸿集团
1202,600746,江苏索普
1203,688317,之江生物
1204,300084,海默科技
1205,000852,石化机械
1206,603800,道森股份
1207,002134,天津普林
1208,002377,国创高新
1209,300557,理工光科
1210,600170,上海建工
1211,603106,恒银科技
1212,601999,出版传媒
1213,603811,诚意药业
1214,002820,桂发祥
1215,600419,天润乳业
1216,002277,友阿股份
1217,600722,金牛化工
1218,603477,巨星农牧
1219,600903,贵州燃气
1220,300449,汉邦高科
1221,000716,黑芝麻
1222,000635,英 力 特
1223,600622,光大嘉宝
1224,301057,汇隆新材
1225,601717,郑煤机
1226,600569,安阳钢铁
1227,603007,ST花王
1228,002778,中晟高科
1229,300252,金信诺
1230,300103,达刚控股
1231,000020,深华发Ａ
1232,600804,鹏博士
1233,688667,菱电电控
1234,600968,海油发展
1235,000836,富通信息
1236,002357,富临运业
1237,600737,中粮糖业
1238,300145,中金环境
1239,600422,昆药集团
1240,000965,天保基建
1241,300190,维尔利
1242,600382,*ST广珠
1243,000584,哈工智能
1244,600103,青山纸业
1245,603018,华设集团
1246,601991,大唐发电
1247,002137,实益达
1248,601700,风范股份
1249,002583,海能达
1250,002200,ST云投
1251,002843,泰嘉股份
1252,000617,中油资本
1253,002496,ST辉丰
1254,002224,三 力 士
1255,600255,鑫科材料
1256,600136,当代文体
1257,871396,常辅股份
1258,603111,康尼机电
1259,600941,中国移动
1260,601868,中国能建
1261,000702,正虹科技
1262,002789,建艺集团
1263,000758,中色股份
1264,002660,茂硕电源
1265,605188,国光连锁
1266,688393,安必平
1267,002369,卓翼科技
1268,601118,海南橡胶
1269,600302,标准股份
1270,300930,屹通新材
1271,002058,*ST威尔
1272,600755,厦门国贸
1273,000918,嘉凯城
1274,002546,新联电子
1275,601929,吉视传媒
1276,002514,宝馨科技
1277,605399,晨光新材
1278,601330,绿色动力
1279,300023,*ST宝德
1280,603320,迪贝电气
1281,002576,通达动力
1282,002858,力盛赛车
1283,688026,洁特生物
1284,301043,绿岛风
1285,603456,九洲药业
1286,300427,红相股份
1287,002264,新 华 都
1288,688309,恒誉环保
1289,600266,城建发展
1290,601366,利群股份
1291,688718,唯赛勃
1292,603221,爱丽家居
1293,300796,贝斯美
1294,600871,石化油服
1295,300004,南风股份
1296,002931,锋龙股份
1297,000971,ST高升
1298,689009,九号公司-WD
1299,000543,皖能电力
1300,600326,西藏天路
1301,002839,张家港行
1302,000544,中原环保
1303,600507,方大特钢
1304,002713,东易日盛
1305,000757,浩物股份
1306,300977,深圳瑞捷
1307,002895,川恒股份
1308,600477,杭萧钢构
1309,002871,伟隆股份
1310,600325,华发股份
1311,002034,旺能环境
1312,834682,球冠电缆
1313,002589,瑞康医药
1314,001267,汇绿生态
1315,002251,步 步 高
1316,688616,西力科技
1317,600678,四川金顶
1318,300967,晓鸣股份
1319,603889,新澳股份
1320,603090,宏盛股份
1321,600025,华能水电
1322,601390,中国中铁
1323,002038,双鹭药业
1324,603787,新日股份
1325,002337,赛象科技
1326,600386,北巴传媒
1327,600301,*ST南化
1328,300856,科思股份
1329,603530,神马电力
1330,601158,重庆水务
1331,002342,巨力索具
1332,833873,中设咨询
1333,600493,凤竹纺织
1334,603358,华达科技
1335,688509,正元地信
1336,002865,钧达股份
1337,603767,中马传动
1338,300281,金明精机
1339,600748,上实发展
1340,300176,派生科技
1341,002208,合肥城建
1342,601577,长沙银行
1343,000545,金浦钛业
1344,300942,易瑞生物
1345,603267,鸿远电子
1346,605098,行动教育
1347,002628,成都路桥
1348,002577,雷柏科技
1349,688098,申联生物
1350,600817,宇通重工
1351,600155,华创阳安
1352,600016,民生银行
1353,601985,中国核电
1354,002031,巨轮智能
1355,603222,济民医疗
1356,600064,南京高科
1357,600246,万通发展
1358,002365,永安药业
1359,000889,中嘉博创
1360,603031,安德利
1361,000961,中南建设
1362,603608,天创时尚
1363,002199,东晶电子
1364,002721,金一文化
1365,002295,精艺股份
1366,002528,英飞拓
1367,002701,奥瑞金
1368,002641,公元股份
1369,002681,奋达科技
1370,600446,金证股份
1371,600019,宝钢股份
1372,301033,迈普医学
1373,603385,惠达卫浴
1374,300632,光莆股份
1375,600797,浙大网新
1376,000863,三湘印象
1377,600900,长江电力
1378,000011,深物业A
1379,833819,颖泰生物
1380,601963,重庆银行
1381,300114,中航电测
1382,600605,汇通能源
1383,002702,海欣食品
1384,002905,金逸影视
1385,002691,冀凯股份
1386,000521,长虹美菱
1387,688685,迈信林
1388,600229,城市传媒
1389,000606,ST顺利
1390,000819,岳阳兴长
1391,600850,电科数字
1392,601002,晋亿实业
1393,003041,真爱美家
1394,601228,广州港
1395,600892,大晟文化
1396,000518,四环生物
1397,300520,科大国创
1398,002098,浔兴股份
1399,002497,雅化集团
1400,301116,益客食品
1401,603896,寿仙谷
1402,000631,顺发恒业
1403,300038,*ST数知
1404,600854,春兰股份
1405,002829,星网宇达
1406,688202,美迪西
1407,002712,思美传媒
1408,300019,硅宝科技
1409,002302,西部建设
1410,688690,纳微科技
1411,300277,海联讯
1412,000421,南京公用
1413,000657,中钨高新
1414,300808,久量股份
1415,603315,福鞍股份
1416,002566,益盛药业
1417,688097,博众精工
1418,000608,阳光股份
1419,603883,老百姓
1420,300839,博汇股份
1421,002216,三全食品
1422,002076,ST雪莱
1423,001212,中旗新材
1424,603968,醋化股份
1425,601825,沪农商行
1426,002424,贵州百灵
1427,000045,深纺织Ａ
1428,002692,ST远程
1429,601155,新城控股
1430,603527,众源新材
1431,300293,蓝英装备
1432,300535,达威股份
1433,000691,亚太实业
1434,300651,金陵体育
1435,000717,韶钢松山
1436,300983,尤安设计
1437,601860,紫金银行
1438,603033,三维股份
1439,834599,同力股份
1440,601088,中国神华
1441,300621,维业股份
1442,600778,友好集团
1443,300175,朗源股份
1444,600782,新钢股份
1445,000759,中百集团
1446,002469,三维化学
1447,002797,第一创业
1448,688658,悦康药业
1449,601988,中国银行
1450,603100,川仪股份
1451,603458,勘设股份
1452,002827,高争民爆
1453,600675,中华企业
1454,688285,高铁电气
1455,300600,国瑞科技
1456,000019,深粮控股
1457,002936,郑州银行
1458,002110,三钢闽光
1459,600228,返利科技
1460,300719,安达维尔
1461,600969,郴电国际
1462,688787,海天瑞声
1463,300244,迪安诊断
1464,002282,博深股份
1465,600598,北大荒
1466,300927,江天化学
1467,002446,盛路通信
1468,601169,北京银行
1469,600647,同达创业
1470,002633,申科股份
1471,603116,红蜻蜓
1472,300050,世纪鼎利
1473,688030,山石网科
1474,300411,金盾股份
1475,600814,杭州解百
1476,003816,中国广核
1477,600648,外高桥
1478,601992,金隅集团
1479,300363,博腾股份
1480,601000,唐山港
1481,603587,地素时尚
1482,300289,利德曼
1483,601512,中新集团
1484,002578,闽发铝业
1485,000516,ST国医
1486,603089,正裕工业
1487,833266,生物谷
1488,831856,浩淼科技
1489,830832,齐鲁华信
1490,600028,中国石化
1491,000738,航发控制
1492,603822,嘉澳环保
1493,603928,兴业股份
1494,601116,三江购物
1495,002575,*ST群兴
1496,300970,华绿生物
1497,600795,国电电力
1498,301073,君亭酒店
1499,002247,聚力文化
1500,600649,城投控股
1501,600826,兰生股份
1502,605298,必得科技
1503,000619,海螺型材
1504,600537,亿晶光电
1505,300025,华星创业
1506,000761,本钢板材
1507,301136,招标股份
1508,300345,华民股份
1509,000793,华闻集团
1510,603226,菲林格尔
1511,002388,新亚制程
1512,301024,霍普股份
1513,836675,秉扬科技
1514,600874,创业环保
1515,600555,*ST海创
1516,003001,中岩大地
1517,000989,九 芝 堂
1518,600231,凌钢股份
1519,603810,丰山集团
1520,600961,株冶集团
1521,002029,七 匹 狼
1522,000158,常山北明
1523,688456,有研粉材
1524,601003,柳钢股份
1525,300891,惠云钛业
1526,000576,甘化科工
1527,600133,东湖高新
1528,002486,嘉麟杰
1529,002470,ST金正
1530,300067,安诺其
1531,002948,青岛银行
1532,002889,东方嘉盛
1533,002072,*ST凯瑞
1534,603979,金诚信
1535,603722,阿科力
1536,000539,粤电力Ａ
1537,002234,民和股份
1538,000897,津滨发展
1539,601665,齐鲁银行
1540,300505,川金诺
1541,600719,大连热电
1542,603706,东方环宇
1543,002989,中天精装
1544,000501,鄂武商Ａ
1545,300335,迪森股份
1546,000589,贵州轮胎
1547,000570,苏常柴Ａ
1548,603408,建霖家居
1549,600186,莲花健康
1550,002807,江阴银行
1551,003036,泰坦股份
1552,603551,奥普家居
1553,600692,亚通股份
1554,600689,上海三毛
1555,000727,冠捷科技
1556,601928,凤凰传媒
1557,000650,仁和药业
1558,300086,康芝药业
1559,002770,*ST科迪
1560,002448,中原内配
1561,603829,洛凯股份
1562,601997,贵阳银行
1563,002325,洪涛股份
1564,000036,华联控股
1565,002673,西部证券
1566,002146,荣盛发展
1567,300392,腾信股份
1568,603306,华懋科技
1569,300163,先锋新材
1570,605577,龙版传媒
1571,000709,河钢股份
1572,002674,兴业科技
1573,300044,*ST赛为
1574,603232,格尔软件
1575,301028,东亚机械
1576,430489,佳先股份
1577,002611,东方精工
1578,301049,超越科技
1579,300771,智莱科技
1580,601500,通用股份
1581,603101,汇嘉时代
1582,002286,保龄宝
1583,300742,越博动力
1584,002823,凯中精密
1585,600235,民丰特纸
1586,600143,金发科技
1587,600495,晋西车轴
1588,301022,海泰科
1589,300155,安居宝
1590,300180,华峰超纤
1591,600526,菲达环保
1592,002795,永和智控
1593,300941,创识科技
1594,838030,德众汽车
1595,600858,银座股份
1596,600654,ST中安
1597,688081,兴图新科
1598,300351,永贵电器
1599,601686,友发集团
1600,000962,东方钽业
1601,688568,中科星图
1602,003033,征和工业
1603,688288,鸿泉物联
1604,300810,中科海讯
1605,600650,锦江在线
1606,600257,大湖股份
1607,002209,达 意 隆
1608,000722,湖南发展
1609,002391,长青股份
1610,301053,远信工业
1611,605255,天普股份
1612,600023,浙能电力
1613,300424,航新科技
1614,000671,阳 光 城
1615,300267,尔康制药
1616,601098,中南传媒
1617,300255,常山药业
1618,688617,惠泰医疗
1619,605268,王力安防
1620,002197,证通电子
1621,600908,无锡银行
1622,002521,齐峰新材
1623,603683,晶华新材
1624,603768,常青股份
1625,605086,龙高股份
1626,000026,飞亚达
1627,600576,祥源文化
1628,000789,万年青
1629,002886,沃特股份
1630,600308,华泰股份
1631,000605,渤海股份
1632,600076,康欣新材
1633,603630,拉芳家化
1634,601901,方正证券
1635,000700,模塑科技
1636,301106,骏成科技
1637,603976,正川股份
1638,603278,大业股份
1639,603606,东方电缆
1640,600462,ST九有
1641,000728,国元证券
1642,300466,赛摩智能
1643,301198,喜悦智行
1644,600615,*ST丰华
1645,300486,东杰智能
1646,002755,奥赛康
1647,600979,广安爱众
1648,300508,维宏股份
1649,601162,天风证券
1650,002763,汇洁股份
1651,600387,ST海越
1652,300643,万通智控
1653,002753,永东股份
1654,600642,申能股份
1655,600611,大众交通
1656,300324,旋极信息
1657,600671,ST目药
1658,688215,瑞晟智能
1659,300530,*ST达志
1660,603058,永吉股份
1661,600072,中船科技
1662,603993,洛阳钼业
1663,002148,北纬科技
1664,688679,通源环境
1665,001201,东瑞股份
1666,688106,金宏气体
1667,300141,和顺电气
1668,300702,天宇股份
1669,605296,神农集团
1670,300262,巴安水务
1671,002285,世联行
1672,002538,司尔特
1673,300611,美力科技
1674,600177,雅戈尔
1675,600638,新黄浦
1676,300021,大禹节水
1677,600118,中国卫星
1678,600067,冠城大通
1679,600215,派斯林
1680,000055,方大集团
1681,603229,奥翔药业
1682,603656,泰禾智能
1683,002688,金河生物
1684,300321,同大股份
1685,688218,江苏北人
1686,688377,迪威尔
1687,600838,上海九百
1688,600252,中恒集团
1689,603778,乾景园林
1690,002132,恒星科技
1691,300514,友讯达
1692,600966,博汇纸业
1693,000006,深振业Ａ
1694,002426,胜利精密
1695,000505,京粮控股
1696,600356,恒丰纸业
1697,600508,上海能源
1698,000697,炼石航空
1699,833427,华维设计
1700,000002,万  科Ａ
1701,688310,迈得医疗
1702,605151,西上海
1703,300422,博世科
1704,838275,驱动力
1705,600106,重庆路桥
1706,002627,三峡旅游
1707,002149,西部材料
1708,834475,三友科技
1709,603323,苏农银行
1710,300425,中建环能
1711,300746,汉嘉设计
1712,688256,寒武纪-U
1713,600275,*ST昌鱼
1714,688466,金科环境
1715,603318,水发燃气
1716,002278,神开股份
1717,002864,盘龙药业
1718,300737,科顺股份
1719,601236,红塔证券
1720,600694,大商股份
1721,000612,焦作万方
1722,300536,农尚环境
1723,603788,宁波高发
1724,603216,梦天家居
1725,300020,银江技术
1726,002883,中设股份
1727,688683,莱尔科技
1728,600825,新华传媒
1729,000553,安道麦A
1730,600058,五矿发展
1731,000090,天健集团
1732,002161,远 望 谷
1733,300051,ST三五
1734,838924,广脉科技
1735,600739,辽宁成大
1736,600055,万东医疗
1737,600888,新疆众和
1738,000966,长源电力
1739,600503,华丽家族
1740,600420,国药现代
1741,600101,明星电力
1742,600603,广汇物流
1743,002610,爱康科技
1744,600234,科新发展
1745,688385,复旦微电
1746,688109,品茗股份
1747,000859,国风新材
1748,601099,太平洋
1749,002022,科华生物
1750,002956,西麦食品
1751,002729,好利科技
1752,002868,绿康生化
1753,300907,康平科技
1754,002075,沙钢股份
1755,300341,麦克奥迪
1756,300312,*ST邦讯
1757,605155,西大门
1758,002490,山东墨龙
1759,600712,南宁百货
1760,002404,嘉欣丝绸
1761,000413,东旭光电
1762,002027,分众传媒
1763,300805,电声股份
1764,300539,横河精密
1765,300008,天海防务
1766,300790,宇瞳光学
1767,688015,交控科技
1768,002400,省广集团
1769,002582,好想你
1770,605066,天正电气
1771,600839,四川长虹
1772,600578,京能电力
1773,002381,双箭股份
1774,600562,国睿科技
1775,600881,亚泰集团
1776,600185,格力地产
1777,301129,瑞纳智能
1778,000157,中联重科
1779,300299,富春股份
1780,002361,神剑股份
1781,603066,音飞储存
1782,603042,华脉科技
1783,300242,佳云科技
1784,300414,中光防雷
1785,300018,中元股份
1786,605566,福莱蒽特
1787,300610,晨化股份
1788,600515,*ST基础
1789,002718,友邦吊顶
1790,605500,森林包装
1791,601288,农业银行
1792,600225,*ST松江
1793,000673,*ST当代
1794,002356,*ST赫美
1795,300137,先河环保
1796,000037,深南电A
1797,688093,世华科技
1798,600636,国新文化
1799,600208,新湖中宝
1800,600282,南钢股份
1801,600219,南山铝业
1802,300306,远方信息
1803,600173,卧龙地产
1804,002037,保利联合
1805,601555,东吴证券
1806,688425,铁建重工
1807,000898,鞍钢股份
1808,300877,金春股份
1809,000750,国海证券
1810,600033,福建高速
1811,002411,延安必康
1812,002211,宏达新材
1813,600986,浙文互联
1814,600262,北方股份
1815,600789,鲁抗医药
1816,000917,电广传媒
1817,688009,中国通号
1818,600713,南京医药
1819,002667,鞍重股份
1820,300950,德固特
1821,600693,东百集团
1822,001203,大中矿业
1823,603828,柯利达
1824,002495,佳隆股份
1825,002012,凯恩股份
1826,002818,富森美
1827,832566,梓橦宫
1828,601658,邮储银行
1829,000586,汇源通信
1830,600583,海油工程
1831,002657,中科金财
1832,600626,申达股份
1833,603238,诺邦股份
1834,301010,晶雪节能
1835,834021,流金岁月
1836,000402,金 融 街
1837,002039,黔源电力
1838,600898,ST美讯
1839,002697,红旗连锁
1840,603580,艾艾精工
1841,600800,渤海化学
1842,603050,科林电气
1843,002949,华阳国际
1844,002679,福建金森
1845,601128,常熟银行
1846,300554,三超新材
1847,000890,法尔胜
1848,000850,华茂股份
1849,000592,平潭发展
1850,301079,邵阳液压
1851,603368,柳药股份
1852,000952,广济药业
1853,603808,歌力思
1854,300513,恒实科技
1855,301070,开勒股份
1856,000616,ST海投
1857,603680,今创集团
1858,300085,银之杰
1859,600135,乐凯胶片
1860,000685,中山公用
1861,600466,蓝光发展
1862,301045,天禄科技
1863,605169,洪通燃气
1864,603708,家家悦
1865,300197,节能铁汉
1866,300931,通用电梯
1867,002494,华斯股份
1868,002662,京威股份
1869,000862,银星能源
1870,300237,美晨生态
1871,300645,正元智慧
1872,600637,东方明珠
1873,002447,*ST晨鑫
1874,301001,凯淳股份
1875,603316,诚邦股份
1876,600379,宝光股份
1877,300432,富临精工
1878,002310,东方园林
1879,600894,广日股份
1880,605287,德才股份
1881,600790,轻纺城
1882,300210,森远股份
1883,002021,ST中捷
1884,002187,广百股份
1885,603105,芯能科技
1886,000996,中国中期
1887,002112,三变科技
1888,300697,电工合金
1889,000565,渝三峡Ａ
1890,600505,西昌电力
1891,002910,庄园牧场
1892,603389,亚振家居
1893,002345,潮宏基
1894,002817,黄山胶囊
1895,300980,祥源新材
1896,601886,江河集团
1897,002417,深南股份
1898,603609,禾丰股份
1899,000600,建投能源
1900,300710,万隆光电
1901,605100,华丰股份
1902,603096,新经典
1903,600348,华阳股份
1904,600377,宁沪高速
1905,603360,百傲化学
1906,600438,通威股份
1907,600207,安彩高科
1908,000623,吉林敖东
1909,300631,久吾高科
1910,300233,金城医药
1911,000929,兰州黄河
1912,002852,道道全
1913,300318,博晖创新
1914,605003,众望布艺
1915,000698,沈阳化工
1916,300807,天迈科技
1917,600269,赣粤高速
1918,002658,雪迪龙
1919,600121,郑州煤电
1920,300678,中科信息
1921,300534,陇神戎发
1922,300637,扬帆新材
1923,002217,合力泰
1924,000010,美丽生态
1925,600595,ST中孚
1926,002863,今飞凯达
1927,300795,*ST米奥
1928,300692,中环环保
1929,300599,雄塑科技
1930,000723,美锦能源
1931,600397,安源煤业
1932,300596,利安隆
1933,600784,鲁银投资
1934,300011,鼎汉技术
1935,300029,*ST天龙
1936,603565,中谷物流
1937,603980,吉华集团
1938,601595,上海电影
1939,601568,北元集团
1940,000790,华神科技
1941,834415,恒拓开源
1942,002301,齐心集团
1943,000153,丰原药业
1944,603602,纵横通信
1945,601616,广电电气
1946,600316,洪都航空
1947,300579,数字认证
1948,688181,八亿时空
1949,300511,雪榕生物
1950,002182,云海金属
1951,688528,秦川物联
1952,002421,达实智能
1953,601939,建设银行
1954,002978,安宁股份
1955,002274,华昌化工
1956,601229,上海银行
1957,603023,威帝股份
1958,600114,东睦股份
1959,300105,龙源技术
1960,601006,大秦铁路
1961,300239,东宝生物
1962,002442,龙星化工
1963,000419,通程控股
1964,300849,锦盛新材
1965,301113,雅艺科技
1966,300905,宝丽迪
1967,002047,宝鹰股份
1968,000669,ST金鸿
1969,600674,川投能源
1970,002815,崇达技术
1971,688110,东芯股份
1972,603689,皖天然气
1973,002838,道恩股份
1974,000900,现代投资
1975,002722,金轮股份
1976,601916,浙商银行
1977,002062,宏润建设
1978,600188,兖矿能源
1979,600959,江苏有线
1980,600337,美克家居
1981,002535,ST林重
1982,835670,数字人
1983,600594,益佰制药
1984,002953,日丰股份
1985,300650,太龙股份
1986,300779,惠城环保
1987,832225,利通科技
1988,300401,花园生物
1989,837242,建邦科技
1990,002652,扬子新材
1991,000779,甘咨询
1992,000821,京山轻机
1993,600928,西安银行
1994,600217,中再资环
1995,300150,世纪瑞尔
1996,002181,粤 传 媒
1997,301098,金埔园林
1998,300883,龙利得
1999,301005,超捷股份
2000,600727,鲁北化工
2001,000957,中通客车
2002,601336,新华保险
2003,603188,亚邦股份
2004,002096,南岭民爆
2005,300716,国立科技
2006,600203,福日电子
2007,000652,泰达股份
2008,601199,江南水务
2009,300464,星徽股份
2010,600408,ST安泰
2011,603377,东方时尚
2012,600791,京能置业
2013,603655,朗博科技
2014,002406,远东传动
2015,300426,唐德影视
2016,002517,恺英网络
2017,601881,中国银河
2018,300861,美畅股份
2019,300517,海波重科
2020,300002,神州泰岳
2021,601519,大智慧
2022,603335,迪生力
2023,601177,杭齿前进
2024,603933,睿能科技
2025,603660,苏州科达
2026,603053,成都燃气
2027,002672,东江环保
2028,601187,厦门银行
2029,300091,金通灵
2030,002259,ST升达
2031,003019,宸展光电
2032,300273,和佳医疗
2033,300886,华业香料
2034,002998,优彩资源
2035,300245,天玑科技
2036,002175,*ST东网
2037,002828,贝肯能源
2038,603687,大胜达
2039,600476,湘邮科技
2040,002598,山东章鼓
2041,300027,华谊兄弟
2042,601766,中国中车
2043,603313,梦百合
2044,603022,新通联
2045,600644,乐山电力
2046,002430,杭氧股份
2047,002966,苏州银行
2048,600730,中国高科
2049,300167,迪威迅
2050,601728,中国电信
2051,600511,国药股份
2052,300139,晓程科技
2053,000686,东北证券
2054,601010,文峰股份
2055,002179,中航光电
2056,300409,道氏技术
2057,603167,渤海轮渡
2058,002184,海得控制
2059,301217,铜冠铜箔
2060,300202,*ST 聚龙
2061,688517,金冠电气
2062,002107,沃华医药
2063,002073,软控股份
2064,605060,联德股份
2065,000718,苏宁环球
2066,600794,保税科技
2067,003000,劲仔食品
2068,002360,同德化工
2069,300170,汉得信息
2070,603916,苏博特
2071,603192,汇得科技
2072,601377,兴业证券
2073,600355,精伦电子
2074,688636,智明达
2075,300278,*ST华昌
2076,300501,海顺新材
2077,603187,海容冷链
2078,603013,亚普股份
2079,000155,川能动力
2080,002422,科伦药业
2081,300606,金太阳
2082,000028,国药一致
2083,600015,华夏银行
2084,002926,华西证券
2085,300160,秀强股份
2086,603079,圣达生物
2087,600780,通宝能源
2088,001872,招商港口
2089,300882,万胜智能
2090,002647,仁东控股
2091,300420,五洋停车
2092,002700,ST浩源
2093,000816,智慧农业
2094,000599,青岛双星
2095,300404,博济医药
2096,002630,华西能源
2097,000688,国城矿业
2098,000809,铁岭新城
2099,601921,浙版传媒
2100,002670,国盛金控
2101,603678,火炬电子
2102,002742,三圣股份
2103,601168,西部矿业
2104,600332,白云山
2105,002290,禾盛新材
2106,000883,湖北能源
2107,000829,天音控股
2108,000590,启迪药业
2109,600116,三峡水利
2110,000803,北清环能
2111,000876,新 希 望
2112,688059,华锐精密
2113,603776,永安行
2114,605488,福莱新材
2115,600567,山鹰国际
2116,600967,内蒙一机
2117,600624,复旦复华
2118,002375,亚厦股份
2119,002609,捷顺科技
2120,002563,森马服饰
2121,601198,东兴证券
2122,688662,富信科技
2123,688687,凯因科技
2124,002760,凤形股份
2125,600619,海立股份
2126,300851,交大思诺
2127,300549,优德精密
2128,002746,仙坛股份
2129,601965,中国汽研
2130,300356,ST光一
2131,300195,长荣股份
2132,300781,因赛集团
2133,600109,国金证券
2134,002923,润都股份
2135,000885,城发环境
2136,002526,山东矿机
2137,871642,通易航天
2138,300107,建新股份
2139,600340,华夏幸福
2140,000639,西王食品
2141,603021,山东华鹏
2142,601258,庞大集团
2143,300063,天龙集团
2144,000755,山西路桥
2145,000050,深天马Ａ
2146,000899,赣能股份
2147,601012,隆基股份
2148,601007,金陵饭店
2149,000560,我爱我家
2150,603227,雪峰科技
2151,601998,中信银行
2152,600307,酒钢宏兴
2153,002593,日上集团
2154,688513,苑东生物
2155,601319,中国人保
2156,000529,广弘控股
2157,603328,依顿电子
2158,600918,中泰证券
2159,002698,博实股份
2160,600635,大众公用
2161,603709,中源家居
2162,300899,上海凯鑫
2163,605555,德昌股份
2164,600390,五矿资本
2165,002014,永新股份
2166,603390,通达电气
2167,300026,红日药业
2168,601890,亚星锚链
2169,836260,中寰股份
2170,002640,*ST跨境
2171,600623,华谊集团
2172,600000,浦发银行
2173,601015,陕西黑猫
2174,002131,利欧股份
2175,001210,金房节能
2176,600006,东风汽车
2177,603803,瑞斯康达
2178,603669,灵康药业
2179,601872,招商轮船
2180,000601,韶能股份
2181,603393,新天然气
2182,000921,海信家电
2183,000156,华数传媒
2184,301168,通灵股份
2185,603098,森特股份
2186,301080,百普赛斯
2187,603991,至正股份
2188,300664,鹏鹞环保
2189,603682,锦和商业
2190,830964,润农节水
2191,002186,全 聚 德
2192,600867,通化东宝
2193,300952,恒辉安防
2194,002386,天原股份
2195,600057,厦门象屿
2196,002515,金字火腿
2197,002355,兴民智通
2198,000572,海马汽车
2199,600545,卓郎智能
2200,300399,天利科技
2201,300738,奥飞数据
2202,300965,恒宇信通
2203,688722,同益中
2204,600685,中船防务
2205,002387,维信诺
2206,301016,雷尔伟
2207,688003,天准科技
2208,300733,西菱动力
2209,601727,上海电气
2210,300201,海伦哲
2211,300896,爱美客
2212,300840,酷特智能
2213,001965,招商公路
2214,600617,国新能源
2215,603949,雪龙集团
2216,300453,三鑫医疗
2217,600989,宝丰能源
2218,300198,纳川股份
2219,002314,南山控股
2220,300181,佐力药业
2221,000536,华映科技
2222,300827,上能电气
2223,600901,江苏租赁
2224,600815,厦工股份
2225,600061,国投资本
2226,002940,昂利康
2227,002272,川润股份
2228,688156,路德环境
2229,002117,东港股份
2230,002958,青农商行
2231,605365,立达信
2232,603037,凯众股份
2233,301056,森赫股份
2234,601698,中国卫通
2235,002962,五方光电
2236,002846,英联股份
2237,601028,玉龙股份
2238,603040,新坐标
2239,600580,卧龙电驱
2240,688036,传音控股
2241,688500,慧辰股份
2242,300110,华仁药业
2243,002322,理工能科
2244,603496,恒为科技
2245,300234,开尔新材
2246,688227,品高股份
2247,603797,联泰环保
2248,688195,腾景科技
2249,300488,恒锋工具
2250,000532,华金资本
2251,603336,宏辉果蔬
2252,600749,西藏旅游
2253,600120,浙江东方
2254,002684,*ST猛狮
2255,300128,锦富技术
2256,002780,三夫户外
2257,300634,彩讯股份
2258,300717,华信新材
2259,688192,迪哲医药-U
2260,603686,福龙马
2261,603878,武进不锈
2262,002927,泰永长征
2263,603333,尚纬股份
2264,600370,三房巷
2265,002081,金 螳 螂
2266,688066,航天宏图
2267,301041,金百泽
2268,600278,东方创业
2269,000027,深圳能源
2270,600686,金龙汽车
2271,002806,华锋股份
2272,300022,吉峰科技
2273,002888,惠威科技
2274,300265,通光线缆
2275,002476,宝莫股份
2276,002115,三维通信
2277,002238,天威视讯
2278,000548,湖南投资
2279,600760,中航沈飞
2280,300532,今天国际
2281,600293,三峡新材
2282,002228,合兴包装
2283,605055,迎丰股份
2284,601005,重庆钢铁
2285,600770,综艺股份
2286,605178,时空科技
2287,300540,深冷股份
2288,600651,飞乐音响
2289,600816,ST安信
2290,002756,永兴材料
2291,000039,中集集团
2292,300162,雷曼光电
2293,600081,东风科技
2294,300817,双飞股份
2295,002303,美盈森
2296,300080,易成新能
2297,002380,科远智慧
2298,600098,广州发展
2299,002167,东方锆业
2300,600368,五洲交通
2301,603015,弘讯科技
2302,300402,宝色股份
2303,600834,申通地铁
2304,002522,浙江众成
2305,002866,传艺科技
2306,600353,旭光电子
2307,000732,泰禾集团
2308,300640,德艺文创
2309,002225,濮耐股份
2310,002001,新 和 成
2311,300932,三友联众
2312,000422,湖北宜化
2313,300417,南华仪器
2314,603444,吉比特
2315,000969,安泰科技
2316,300900,广联航空
2317,300287,飞利信
2318,300776,帝尔激光
2319,600936,广西广电
2320,688395,正弦电气
2321,000733,振华科技
2322,603950,长源东谷
2323,600073,上海梅林
2324,002229,鸿博股份
2325,300519,新光药业
2326,688235,百济神州-U
2327,688335,复洁环保
2328,300478,杭州高新
2329,605177,东亚药业
2330,600848,上海临港
2331,600805,悦达投资
2332,600393,ST粤泰
2333,600169,太原重工
2334,301020,密封科技
2335,300375,鹏翎股份
2336,000534,万泽股份
2337,300509,新美星
2338,301007,德迈仕
2339,000797,中国武夷
2340,002564,天沃科技
2341,832735,德源药业
2342,002808,恒久科技
2343,000882,华联股份
2344,002896,中大力德
2345,001207,联科科技
2346,300798,锦鸡股份
2347,600461,洪城环境
2348,300644,南京聚隆
2349,600152,维科技术
2350,300667,必创科技
2351,600633,浙数文化
2352,003037,三和管桩
2353,000927,中国铁物
2354,003025,思进智能
2355,000735,罗 牛 山
2356,600398,海澜之家
2357,871553,凯腾精工
2358,603366,日出东方
2359,601989,中国重工
2360,601608,中信重工
2361,300929,华骐环保
2362,601818,光大银行
2363,000903,云内动力
2364,300403,汉宇集团
2365,002328,新朋股份
2366,600369,西南证券
2367,002556,辉隆股份
2368,300868,杰美特
2369,603679,华体科技
2370,600965,福成股份
2371,002198,嘉应制药
2372,300405,科隆股份
2373,600688,上海石化
2374,300056,中创环保
2375,601398,工商银行
2376,300100,双林股份
2377,831039,国义招标
2378,600280,中央商场
2379,688199,久日新材
2380,300908,仲景食品
2381,301199,迈赫股份
2382,603048,浙江黎明
2383,300149,睿智医药
2384,605118,力鼎光电
2385,603159,上海亚虹
2386,600192,长城电工
2387,002218,拓日新能
2388,300471,厚普股份
2389,300238,冠昊生物
2390,002757,南兴股份
2391,603929,亚翔集成
2392,002547,春兴精工
2393,600980,北矿科技
2394,600020,中原高速
2395,300625,三雄极光
2396,002471,中超控股
2397,600089,特变电工
2398,603006,联明股份
2399,688090,瑞松科技
2400,002835,同为股份
2401,603696,安记食品
2402,002382,蓝帆医疗
2403,688379,华光新材
2404,600261,阳光照明
2405,002569,ST步森
2406,688611,杭州柯林
2407,000920,沃顿科技
2408,000886,海南高速
2409,605368,蓝天燃气
2410,000566,海南海药
2411,000999,华润三九
2412,688681,科汇股份
2413,600499,科达制造
2414,603330,上海天洋
2415,002732,燕塘乳业
2416,002500,山西证券
2417,000166,申万宏源
2418,603081,大丰实业
2419,605056,咸亨国际
2420,603636,南威软件
2421,688038,中科通达
2422,600664,哈药股份
2423,300270,中威电子
2424,605286,同力日升
2425,600117,西宁特钢
2426,002312,川发龙蟒
2427,830839,万通液压
2428,002632,道明光学
2429,003015,日久光电
2430,002922,伊戈尔
2431,600717,天津港
2432,002459,晶澳科技
2433,603117,万林物流
2434,002035,华帝股份
2435,600975,新五丰
2436,000557,西部创业
2437,001696,宗申动力
2438,300799,左江科技
2439,300972,万辰生物
2440,600221,*ST海航
2441,300713,英可瑞
2442,601011,宝泰隆
2443,603299,苏盐井神
2444,600481,双良节能
2445,002668,ST奥马
2446,002961,瑞达期货
2447,002634,棒杰股份
2448,000610,西安旅游
2449,002816,和科达
2450,605318,法狮龙
2451,603711,香飘飘
2452,300169,天晟新材
2453,002174,游族网络
2454,600297,广汇汽车
2455,300185,通裕重工
2456,603978,深圳新星
2457,603798,康普顿
2458,600158,中体产业
2459,603217,元利科技
2460,600750,江中药业
2461,000533,顺钠股份
2462,603112,华翔股份
2463,600579,克劳斯
2464,000069,华侨城Ａ
2465,605378,野马电池
2466,300826,测绘股份
2467,000682,东方电子
2468,002811,郑中设计
2469,603605,珀莱雅
2470,300521,爱司凯
2471,600548,深高速
2472,300865,大宏立
2473,603926,铁流股份
2474,603165,荣晟环保
2475,000766,通化金马
2476,601200,上海环境
2477,301185,鸥玛软件
2478,300662,科锐国际
2479,603956,威派格
2480,301083,百胜智能
2481,603339,四方科技
2482,300462,华铭智能
2483,003002,壶化股份
2484,000410,ST沈机
2485,688511,天微电子
2486,600843,上工申贝
2487,605058,澳弘电子
2488,600176,中国巨石
2489,300961,深水海纳
2490,002743,富煌钢构
2491,300317,珈伟新能
2492,000068,华控赛格
2493,300385,雪浪环境
2494,600606,绿地控股
2495,603998,方盛制药
2496,603387,基蛋生物
2497,000930,中粮科技
2498,603286,日盈电子
2499,300154,瑞凌股份
2500,601108,财通证券
2501,002461,珠江啤酒
2502,600643,爱建集团
2503,002105,信隆健康
2504,600429,三元股份
2505,601609,金田铜业
2506,603180,金牌厨柜
2507,300246,宝莱特
2508,002395,双象股份
2509,600960,渤海汽车
2510,000048,京基智农
2511,000425,徐工机械
2512,002275,桂林三金
2513,600022,山东钢铁
2514,002488,金固股份
2515,688367,工大高科
2516,000663,永安林业
2517,605158,华达新材
2518,300516,久之洋
2519,603488,展鹏科技
2520,300751,迈为股份
2521,600587,新华医疗
2522,000593,德龙汇能
2523,600501,航天晨光
2524,600039,四川路桥
2525,002963,豪尔赛
2526,000839,中信国安
2527,000637,茂化实华
2528,600017,日照港
2529,300823,建科机械
2530,000541,佛山照明
2531,603017,中衡设计
2532,603823,百合花
2533,603099,长白山
2534,601328,交通银行
2535,688177,百奥泰-U
2536,002255,海陆重工
2537,605001,威奥股份
2538,301048,金鹰重工
2539,600773,西藏城投
2540,603009,北特科技
2541,600479,千金药业
2542,003027,同兴环保
2543,600535,天士力
2544,301000,肇民科技
2545,600433,冠豪高新
2546,603612,索通发展
2547,600889,南京化纤
2548,300656,民德电子
2549,600167,联美控股
2550,000680,山推股份
2551,300130,新国都
2552,603726,朗迪集团
2553,300659,中孚信息
2554,002785,万里石
2555,002271,东方雨虹
2556,601858,中国科传
2557,002969,嘉美包装
2558,000058,深 赛 格
2559,688226,威腾电气
2560,605108,同庆楼
2561,600197,伊力特
2562,600157,永泰能源
2563,603002,宏昌电子
2564,300313,ST天山
2565,300822,贝仕达克
2566,600242,ST中昌
2567,688116,天奈科技
2568,600558,大西洋
2569,603128,华贸物流
2570,001209,洪兴股份
2571,002462,嘉事堂
2572,603586,金麒麟
2573,688236,春立医疗
2574,603301,振德医疗
2575,871857,泓禧科技
2576,600518,*ST康美
2577,300749,顶固集创
2578,000046,泛海控股
2579,003018,金富科技
2580,688669,聚石化学
2581,688092,爱科科技
2582,300211,亿通科技
2583,603039,泛微网络
2584,601333,广深铁路
2585,300310,宜通世纪
2586,300214,日科化学
2587,002433,太安堂
2588,430198,微创光电
2589,000629,攀钢钒钛
2590,002296,辉煌科技
2591,600455,博通股份
2592,002023,海特高新
2593,300259,新天科技
2594,603505,金石资源
2595,688108,赛诺医疗
2596,600568,ST中珠
2597,002263,大东南
2598,600819,耀皮玻璃
2599,603607,京华激光
2600,002454,松芝股份
2601,002120,韵达股份
2602,301090,华润材料
2603,300618,寒锐钴业
2604,600731,湖南海利
2605,603177,德创环保
2606,688107,安路科技-U
2607,601518,吉林高速
2608,600088,中视传媒
2609,002686,亿利达
2610,002685,华东重机
2611,002425,凯撒文化
2612,002020,京新药业
2613,000564,*ST大集
2614,600345,长江通信
2615,002298,中电兴发
2616,300847,中船汉光
2617,300042,朗科科技
2618,000690,宝新能源
2619,000720,新能泰山
2620,603700,宁水集团
2621,603880,南卫股份
2622,688586,江航装备
2623,605277,新亚电子
2624,301023,江南奕帆
2625,600012,皖通高速
2626,300959,线上线下
2627,300837,浙矿股份
2628,601865,福莱特
2629,000551,创元科技
2630,601166,兴业银行
2631,002385,大北农
2632,603500,祥和实业
2633,603773,沃格光电
2634,603861,白云电器
2635,002853,皮阿诺
2636,600572,康恩贝
2637,603038,华立股份
2638,688188,柏楚电子
2639,688323,瑞华泰
2640,300065,海兰信
2641,300472,新元科技
2642,300510,金冠股份
2643,600327,大东方
2644,002289,宇顺电子
2645,300493,润欣科技
2646,688020,方邦股份
2647,002870,香山股份
2648,600987,航民股份
2649,002736,国信证券
2650,603166,福达股份
2651,002799,环球印务
2652,000559,万向钱潮
2653,000555,神州信息
2654,833346,威贸电子
2655,600227,圣济堂
2656,605136,丽人丽妆
2657,000561,烽火电子
2658,300492,华图山鼎
2659,002510,天汽模
2660,002512,达华智能
2661,002362,汉王科技
2662,603648,畅联股份
2663,603223,恒通股份
2664,603813,原尚股份
2665,601515,东风股份
2666,603637,镇海股份
2667,600710,苏美达
2668,603966,法兰泰克
2669,688551,科威尔
2670,300694,蠡湖股份
2671,837092,汉鑫科技
2672,600299,安迪苏
2673,300386,飞天诚信
2674,600416,湘电股份
2675,688259,创耀科技
2676,600868,梅雁吉祥
2677,300123,亚光科技
2678,001896,豫能控股
2679,601827,三峰环境
2680,002606,大连电瓷
2681,300290,荣科科技
2682,603095,越剑智能
2683,600189,泉阳泉
2684,301066,万事利
2685,688011,新光光电
2686,002291,星期六
2687,300016,北陆药业
2688,600104,上汽集团
2689,000558,莱茵体育
2690,300885,海昌新材
2691,002769,普路通
2692,832885,星辰科技
2693,601606,长城军工
2694,300816,艾可蓝
2695,688167,炬光科技
2696,603045,福达合金
2697,002293,罗莱生活
2698,002154,报 喜 鸟
2699,601216,君正集团
2700,600879,航天电子
2701,002991,甘源食品
2702,600538,国发股份
2703,600035,楚天高速
2704,002316,亚联发展
2705,000737,北方铜业
2706,000591,太阳能
2707,300047,天源迪科
2708,002552,宝鼎科技
2709,301047,义翘神州
2710,000061,农 产 品
2711,603421,鼎信通讯
2712,600835,上海机电
2713,300230,永利股份
2714,600621,华鑫股份
2715,000998,隆平高科
2716,002655,共达电声
2717,600410,华胜天成
2718,300173,福能东方
2719,002623,亚玛顿
2720,300575,中旗股份
2721,600315,上海家化
2722,300712,永福股份
2723,603519,立霸股份
2724,600787,中储股份
2725,002413,雷科防务
2726,688063,派能科技
2727,603115,海星股份
2728,600350,山东高速
2729,688196,卓越新能
2730,600193,创兴资源
2731,300367,ST网力
2732,600893,航发动力
2733,300864,南大环境
2734,600543,莫高股份
2735,300550,和仁科技
2736,603277,银都股份
2737,002160,常铝股份
2738,002884,凌霄泵业
2739,300897,山科智能
2740,002401,中远海科
2741,600775,南京熊猫
2742,300836,佰奥智能
2743,002590,万安科技
2744,600050,中国联通
2745,002560,通达股份
2746,688004,博汇科技
2747,000785,居然之家
2748,688619,罗普特
2749,000627,天茂集团
2750,002030,达安基因
2751,002254,泰和新材
2752,002687,乔治白
2753,603103,横店影视
2754,000025,特  力Ａ
2755,002141,贤丰控股
2756,002341,新纶新材
2757,870436,大地电气
2758,688505,复旦张江
2759,605069,正和生态
2760,688091,上海谊众-U
2761,300947,德必集团
2762,002968,新大正
2763,300304,云意电气
2764,300991,创益通
2765,300917,特发服务
2766,603658,安图生物
2767,300923,研奥股份
2768,688596,正帆科技
2769,300168,万达信息
2770,002859,洁美科技
2771,831445,龙竹科技
2772,600890,*ST中房
2773,600836,上海易连
2774,300326,凯利泰
2775,688080,映翰通
2776,872925,锦好医疗
2777,002390,信邦制药
2778,300187,永清环保
2779,300956,英力股份
2780,003013,地铁设计
2781,603917,合力科技
2782,000901,航天科技
2783,603818,曲美家居
2784,300117,嘉寓股份
2785,300726,宏达电子
2786,603353,和顺石油
2787,002677,浙江美大
2788,300276,三丰智能
2789,600837,海通证券
2790,600097,开创国际
2791,300533,冰川网络
2792,688665,四方光电
2793,300523,辰安科技
2794,600919,江苏银行
2795,600756,浪潮软件
2796,300132,青松股份
2797,002129,中环股份
2798,600864,哈投股份
2799,600785,新华百货
2800,603118,共进股份
2801,600475,华光环能
2802,600063,皖维高新
2803,002783,凯龙股份
2804,002339,积成电子
2805,300831,派瑞股份
2806,605162,新中港
2807,300076,GQY视讯
2808,002587,奥拓电子
2809,002399,海普瑞
2810,600516,方大炭素
2811,300301,长方集团
2812,002605,姚记科技
2813,688529,豪森股份
2814,600119,长江投资
2815,000507,珠海港
2816,000726,鲁  泰Ａ
2817,600546,山煤国际
2818,300797,钢研纳克
2819,603901,永创智能
2820,601222,林洋能源
2821,002983,芯瑞达
2822,300126,锐奇股份
2823,002344,海宁皮城
2824,605198,德利股份
2825,300546,雄帝科技
2826,603988,中电电机
2827,600570,恒生电子
2828,002451,摩恩电气
2829,600822,上海物贸
2830,002551,尚荣医疗
2831,600896,*ST海医
2832,300561,汇金科技
2833,002420,毅昌科技
2834,002152,广电运通
2835,002972,科安达
2836,300153,科泰电源
2837,002801,微光股份
2838,002013,中航机电
2839,300095,华伍股份
2840,000519,中兵红箭
2841,002367,康力电梯
2842,603131,上海沪工
2843,688129,东来技术
2844,000906,浙商中拓
2845,601113,ST华鼎
2846,002024,苏宁易购
2847,601311,骆驼股份
2848,002911,佛燃能源
2849,688101,三达膜
2850,000959,首钢股份
2851,300976,达瑞电子
2852,000034,神州数码
2853,000096,广聚能源
2854,600032,浙江新能
2855,002440,闰土股份
2856,600320,振华重工
2857,002044,美年健康
2858,002042,华孚时尚
2859,603611,诺力股份
2860,601990,南京证券
2861,600725,云维股份
2862,002253,川大智胜
2863,688210,统联精密
2864,002099,海翔药业
2865,688111,金山办公
2866,603826,坤彩科技
2867,002747,埃斯顿
2868,688123,聚辰股份
2869,600108,亚盛集团
2870,002489,浙江永强
2871,600268,国电南自
2872,300473,德尔股份
2873,000159,国际实业
2874,002353,杰瑞股份
2875,688265,南模生物
2876,688338,赛科希德
2877,600187,国中水务
2878,000066,中国长城
2879,000968,蓝焰控股
2880,300484,蓝海华腾
2881,600517,国网英大
2882,300964,本川智能
2883,002258,利尔化学
2884,300448,浩云科技
2885,600467,好当家
2886,601566,九牧王
2887,600184,光电股份
2888,000752,*ST西发
2889,002631,德尔未来
2890,000070,特发信息
2891,871245,威博液压
2892,300442,普丽盛
2893,603790,雅运股份
2894,688296,和达科技
2895,300951,博硕科技
2896,603359,东珠生态
2897,600391,航发科技
2898,300793,佳禾智能
2899,603777,来伊份
2900,300371,汇中股份
2901,603779,威龙股份
2902,601086,国芳集团
2903,603071,物产环能
2904,301032,新柴股份
2905,002078,太阳纸业
2906,002108,沧州明珠
2907,601339,百隆东方
2908,688010,福光股份
2909,600905,三峡能源
2910,300730,科创信息
2911,300590,移为通信
2912,300740,水羊股份
2913,600008,首创环保
2914,002554,惠博普
2915,002947,恒铭达
2916,002268,卫 士 通
2917,688311,盟升电子
2918,300686,智动力
2919,600385,*ST金泰
2920,000713,丰乐种业
2921,603016,新宏泰
2922,300487,蓝晓科技
2923,300566,激智科技
2924,300300,海峡创新
2925,600676,交运股份
2926,002654,万润科技
2927,300987,川网传媒
2928,600232,金鹰股份
2929,601798,蓝科高新
2930,002068,黑猫股份
2931,831726,朱老六
2932,600855,航天长峰
2933,000948,南天信息
2934,600428,中远海特
2935,300120,经纬辉开
2936,000528,柳    工
2937,001208,华菱线缆
2938,600592,龙溪股份
2939,000762,西藏矿业
2940,605081,太和水
2941,300739,明阳电路
2942,000791,甘肃电投
2943,600851,海欣股份
2944,600182,SST佳通
2945,300280,紫天科技
2946,002890,弘宇股份
2947,603758,秦安股份
2948,300563,神宇股份
2949,300380,安硕信息
2950,300800,力合科技
2951,600811,东方集团
2952,600917,重庆燃气
2953,603898,好莱客
2954,300669,沪宁股份
2955,688398,赛特新材
2956,300396,迪瑞医疗
2957,600729,重庆百货
2958,600213,亚星客车
2959,688028,沃尔德
2960,600336,澳柯玛
2961,605228,神通科技
2962,002165,红 宝 丽
2963,300200,高盟新材
2964,300993,玉马遮阳
2965,000040,东旭蓝天
2966,600180,瑞茂通
2967,300503,昊志机电
2968,600318,新力金融
2969,002527,新时达
2970,603610,麒盛科技
2971,600764,中国海防
2972,688269,凯立新材
2973,688777,中控技术
2974,600783,鲁信创投
2975,603633,徕木股份
2976,002625,光启技术
2977,601696,中银证券
2978,600604,市北高新
2979,603028,赛福天
2980,601399,国机重装
2981,601360,三六零
2982,002541,鸿路钢构
2983,300615,欣天科技
2984,300773,拉卡拉
2985,688255,凯尔达
2986,601611,中国核建
2987,002124,天邦股份
2988,000783,长江证券
2989,300722,新余国科
2990,300138,晨光生物
2991,603155,新亚强
2992,002893,华通热力
2993,002097,山河智能
2994,600216,浙江医药
2995,300871,回盛生物
2996,300848,美瑞新材
2997,603983,丸美股份
2998,601619,嘉泽新能
2999,603838,四通股份
3000,688260,昀冢科技
3001,600609,金杯汽车
3002,000908,景峰医药
3003,839946,华阳变速
3004,002313,日海智能
3005,000712,锦龙股份
3006,601066,中信建投
3007,603351,威尔药业
3008,002608,江苏国信
3009,601163,三角轮胎
3010,002423,中粮资本
3011,600059,古越龙山
3012,300416,苏试试验
3013,002136,安 纳 达
3014,300884,狄耐克
3015,300365,恒华科技
3016,600259,广晟有色
3017,600281,华阳新材
3018,603693,江苏新能
3019,002618,*ST丹邦
3020,300229,拓尔思
3021,838163,方大股份
3022,002907,华森制药
3023,688389,普门科技
3024,605183,确成股份
3025,600926,杭州银行
3026,600468,百利电气
3027,600704,物产中大
3028,688639,华恒生物
3029,300222,科大智能
3030,600080,金花股份
3031,300391,康跃科技
3032,300152,科融环境
3033,688737,中自科技
3034,600165,新日恒力
3035,430418,苏轴股份
3036,601869,长飞光纤
3037,300315,掌趣科技
3038,600062,华润双鹤
3039,603890,春秋电子
3040,002043,兔 宝 宝
3041,600561,江西长运
3042,600279,重庆港
3043,600105,永鼎股份
3044,002909,集泰股份
3045,300140,中环装备
3046,835508,殷图网联
3047,300935,盈建科
3048,300441,鲍斯股份
3049,603178,圣龙股份
3050,300419,浩丰科技
3051,002118,紫鑫药业
3052,002529,海源复材
3053,832000,安徽凤凰
3054,603329,上海雅仕
3055,600742,一汽富维
3056,603766,隆鑫通用
3057,600744,华银电力
3058,000563,陕国投Ａ
3059,300119,瑞普生物
3060,000007,*ST全新
3061,600732,爱旭股份
3062,301128,强瑞技术
3063,600877,声光电科
3064,300232,洲明科技
3065,300111,向日葵
3066,600500,中化国际
3067,300133,华策影视
3068,002194,武汉凡谷
3069,000666,经纬纺机
3070,688178,万德斯
3071,300109,新开源
3072,300984,金沃股份
3073,603378,亚士创能
3074,600460,士兰微
3075,605336,帅丰电器
3076,300231,银信科技
3077,688418,震有科技
3078,600586,金晶科技
3079,688182,灿勤科技
3080,002239,奥特佳
3081,600095,湘财股份
3082,300835,龙磁科技
3083,600618,氯碱化工
3084,000851,高鸿股份
3085,300577,开润股份
3086,688659,元琛科技
3087,603041,美思德
3088,002558,巨人网络
3089,300250,初灵信息
3090,603520,司太立
3091,000801,四川九洲
3092,605398,新炬网络
3093,300642,透景生命
3094,601279,英利汽车
3095,002065,东华软件
3096,002049,紫光国微
3097,603703,盛洋科技
3098,300594,朗进科技
3099,300445,康斯特
3100,603345,安井食品
3101,300758,七彩化学
3102,600608,ST沪科
3103,300098,高新兴
3104,002622,融钰集团
3105,000428,华天酒店
3106,600285,羚锐制药
3107,000990,诚志股份
3108,002553,南方轴承
3109,300226,上海钢联
3110,300943,春晖智控
3111,000668,荣丰控股
3112,000913,钱江摩托
3113,603020,爱普股份
3114,603200,上海洗霸
3115,601139,深圳燃气
3116,000848,承德露露
3117,003035,南网能源
3118,688536,思瑞浦
3119,002317,众生药业
3120,002562,兄弟科技
3121,002100,天康生物
3122,605588,冠石科技
3123,000925,众合科技
3124,688345,博力威
3125,688012,中微公司
3126,300041,回天新材
3127,002506,协鑫集成
3128,300820,英杰电气
3129,603989,艾华集团
3130,603126,中材节能
3131,002419,天虹股份
3132,301088,戎美股份
3133,688233,神工股份
3134,002203,海亮股份
3135,000430,张家界
3136,002299,圣农发展
3137,832278,鹿得医疗
3138,605123,派克新材
3139,688168,安博通
3140,603739,蔚蓝生物
3141,600085,同仁堂
3142,600765,中航重机
3143,300572,安车检测
3144,300565,科信技术
3145,300495,*ST美尚
3146,301076,新瀚新材
3147,300039,上海凯宝
3148,300113,顺网科技
3149,600999,招商证券
3150,601678,滨化股份
3151,688160,步科股份
3152,605258,协和电子
3153,600738,丽尚国潮
3154,002315,焦点科技
3155,300616,尚品宅配
3156,002276,万马股份
3157,300297,蓝盾股份
3158,600803,新奥股份
3159,600777,新潮能源
3160,000151,中成股份
3161,300337,银邦股份
3162,600774,汉商集团
3163,002016,世荣兆业
3164,688060,云涌科技
3165,002183,怡 亚 通
3166,603931,格林达
3167,688607,康众医疗
3168,603948,建业股份
3169,300720,海川智能
3170,600038,中直股份
3171,603628,清源股份
3172,002882,金龙羽
3173,688589,力合微
3174,002648,卫星化学
3175,300013,新宁物流
3176,600509,天富能源
3177,002773,康弘药业
3178,603556,海兴电力
3179,600776,东方通信
3180,300395,菲利华
3181,300926,博俊科技
3182,601788,光大证券
3183,600178,东安动力
3184,300062,中能电气
3185,002084,海鸥住工
3186,603839,安正时尚
3187,300061,旗天科技
3188,002032,苏 泊 尔
3189,300940,南极光
3190,300475,香农芯创
3191,300696,爱乐达
3192,600983,惠而浦
3193,300024,机器人
3194,603268,松发股份
3195,002125,湘潭电化
3196,300718,长盛轴承
3197,002480,新筑股份
3198,002739,万达电影
3199,603590,康辰药业
3200,002327,富安娜
3201,300895,铜牛信息
3202,000416,民生控股
3203,603990,麦迪科技
3204,000004,国华网安
3205,603392,万泰生物
3206,688599,天合光能
3207,601211,国泰君安
3208,600360,华微电子
3209,300985,致远新能
3210,603725,天安新材
3211,301011,华立科技
3212,688051,佳华科技
3213,002192,融捷股份
3214,002102,ST冠福
3215,300352,北信源
3216,603908,牧高笛
3217,688571,杭华股份
3218,600831,广电网络
3219,300989,蕾奥规划
3220,300003,乐普医疗
3221,000820,*ST节能
3222,300687,赛意信息
3223,603697,有友食品
3224,300855,图南股份
3225,002169,智光电气
3226,603858,步长制药
3227,300553,集智股份
3228,300592,华凯创意
3229,600753,东方银星
3230,300876,蒙泰高新
3231,300547,川环科技
3232,300116,保力新
3233,002445,中南文化
3234,000828,东莞控股
3235,300506,名家汇
3236,002902,铭普光磁
3237,002950,奥美医疗
3238,300316,晶盛机电
3239,002813,路畅科技
3240,002185,华天科技
3241,600236,桂冠电力
3242,600452,涪陵电力
3243,688055,龙腾光电
3244,300269,ST联建
3245,688217,睿昂基因
3246,600525,长园集团
3247,600409,三友化工
3248,300949,奥雅设计
3249,835184,国源科技
3250,688553,汇宇制药-W
3251,600681,百川能源
3252,300641,正丹股份
3253,603219,富佳股份
3254,603380,易德龙
3255,688183,生益电子
3256,600696,岩石股份
3257,600771,广誉远
3258,002918,蒙娜丽莎
3259,603903,中持股份
3260,300670,大烨智能
3261,603969,银龙股份
3262,603303,得邦照明
3263,603579,荣泰健康
3264,600549,厦门钨业
3265,002616,长青集团
3266,300161,华中数控
3267,002971,和远气体
3268,601179,中国西电
3269,300867,圣元环保
3270,300818,耐普矿机
3271,601016,节能风电
3272,300620,光库科技
3273,600962,国投中鲁
3274,000581,威孚高科
3275,300227,光韵达
3276,000415,渤海租赁
3277,605266,健之佳
3278,002127,南极电商
3279,600007,中国国贸
3280,300045,华力创通
3281,688526,科前生物
3282,001216,华瓷股份
3283,688067,爱威科技
3284,002751,易尚展示
3285,600827,百联股份
3286,002676,顺威股份
3287,600482,中国动力
3288,300997,欢乐家
3289,002749,国光股份
3290,688569,铁科轨道
3291,601702,华峰铝业
3292,605218,伟时电子
3293,002675,东诚药业
3294,002256,兆新股份
3295,002168,惠程科技
3296,603806,福斯特
3297,600027,华电国际
3298,300052,中青宝
3299,300741,华宝股份
3300,601238,广汽集团
3301,600973,宝胜股份
3302,688378,奥来德
3303,688520,神州细胞-U
3304,002466,天齐锂业
3305,002441,众业达
3306,002128,电投能源
3307,600161,天坛生物
3308,832089,禾昌聚合
3309,603011,合锻智能
3310,600222,太龙药业
3311,300053,欧比特
3312,688698,伟创电气
3313,301012,扬电科技
3314,600459,贵研铂业
3315,002334,英威腾
3316,603069,海汽集团
3317,002649,博彦科技
3318,002412,汉森制药
3319,002467,二六三
3320,002279,久其软件
3321,688298,东方生物
3322,300892,品渥食品
3323,300608,思特奇
3324,300143,盈康生命
3325,605128,上海沿浦
3326,002195,二三四五
3327,688228,开普云
3328,603319,湘油泵
3329,600663,陆家嘴
3330,688358,祥生医疗
3331,000869,张  裕Ａ
3332,300894,火星人
3333,000993,闽东电力
3334,002498,汉缆股份
3335,600793,宜宾纸业
3336,300537,广信材料
3337,300340,科恒股份
3338,688313,仕佳光子
3339,600179,安通控股
3340,300184,力源信息
3341,000030,富奥股份
3342,300529,健帆生物
3343,002669,康达新材
3344,605099,共创草坪
3345,688082,盛美上海
3346,300844,山水比德
3347,600223,鲁商发展
3348,601318,中国平安
3349,688516,奥特维
3350,002346,柘中股份
3351,600335,国机汽车
3352,300607,拓斯达
3353,600718,东软集团
3354,300933,中辰股份
3355,688069,德林海
3356,300711,广哈通信
3357,688212,澳华内镜
3358,002965,祥鑫科技
3359,605167,利柏特
3360,603662,柯力传感
3361,603365,水星家纺
3362,603757,大元泵业
3363,688739,成大生物
3364,002573,清新环境
3365,600875,东方电气
3366,600021,上海电力
3367,002798,帝欧家居
3368,600597,光明乳业
3369,603728,鸣志电器
3370,300936,中英科技
3371,688191,智洋创新
3372,002727,一心堂
3373,000987,越秀金控
3374,301061,匠心家居
3375,603600,永艺股份
3376,300055,万邦达
3377,002733,雄韬股份
3378,688189,南新制药
3379,002967,广电计量
3380,688630,芯碁微装
3381,300188,美亚柏科
3382,688676,金盘科技
3383,688501,青达环保
3384,002262,恩华药业
3385,000582,北部湾港
3386,688580,伟思医疗
3387,300097,智云股份
3388,600812,华北制药
3389,603283,赛腾股份
3390,603218,日月股份
3391,688488,艾迪药业
3392,002791,坚朗五金
3393,300906,日月明
3394,603416,信捷电气
3395,600206,有研新材
3396,605377,华旺科技
3397,300551,古鳌科技
3398,300515,三德科技
3399,002427,ST尤夫
3400,002040,南 京 港
3401,002240,盛新锂能
3402,300121,阳谷华泰
3403,300925,法本信息
3404,002664,长鹰信质
3405,300647,超频三
3406,002540,亚太科技
3407,300433,蓝思科技
3408,300005,探路者
3409,000949,新乡化纤
3410,300792,壹网壹创
3411,600163,中闽能源
3412,002689,远大智能
3413,688981,中芯国际
3414,300009,安科生物
3415,002383,合众思壮
3416,002860,星帅尔
3417,603568,伟明环保
3418,300423,昇辉科技
3419,300701,森霸传感
3420,300693,盛弘股份
3421,603239,浙江仙通
3422,603613,国联股份
3423,601677,明泰铝业
3424,002222,福晶科技
3425,300489,光智科技
3426,300852,四会富仕
3427,300814,中富电路
3428,300832,新产业
3429,002536,飞龙股份
3430,000613,*ST东海A
3431,688277,天智航-U
3432,300127,银河磁体
3433,002714,牧原股份
3434,300684,中石科技
3435,300772,运达股份
3436,603008,喜临门
3437,688176,亚虹医药-U
3438,601968,宝钢包装
3439,300605,恒锋信息
3440,600290,ST华仪
3441,002892,科力尔
3442,300768,迪普科技
3443,300898,熊猫乳品
3444,000995,皇台酒业
3445,300522,世名科技
3446,603585,苏利股份
3447,300209,天泽信息
3448,688590,新致软件
3449,603213,镇洋发展
3450,002418,康盛股份
3451,300490,华自科技
3452,600435,北方导航
3453,000049,德赛电池
3454,002881,美格智能
3455,300973,立高食品
3456,300854,中兰环保
3457,002665,首航高科
3458,002596,海南瑞泽
3459,603992,松霖科技
3460,688283,坤恒顺维
3461,002095,生 意 宝
3462,002723,金莱特
3463,002803,吉宏股份
3464,688095,福昕软件
3465,688190,云路股份
3466,605018,长华股份
3467,688566,吉贝尔
3468,002248,华东数控
3469,300444,双杰电气
3470,002055,得润电子
3471,300303,聚飞光电
3472,000502,*ST绿景
3473,300571,平治信息
3474,300545,联得装备
3475,600366,宁波韵升
3476,601601,中国太保
3477,002243,力合科创
3478,600329,中新药业
3479,300480,光力科技
3480,000547,航天发展
3481,688039,当虹科技
3482,600751,海航科技
3483,002559,亚威股份
3484,000800,一汽解放
3485,002912,中新赛克
3486,603566,普莱柯
3487,688609,九联科技
3488,300858,科拓生物
3489,688057,金达莱
3490,688656,浩欧博
3491,301177,迪阿股份
3492,603712,七一二
3493,688086,紫晶存储
3494,603515,欧普照明
3495,300443,金雷股份
3496,688032,禾迈股份
3497,300691,联合光电
3498,603010,万盛股份
3499,605580,恒盛能源
3500,000088,盐 田 港
3501,688550,瑞联新材
3502,603396,金辰股份
3503,601718,际华集团
3504,300981,中红医疗
3505,000651,格力电器
3506,300147,香雪制药
3507,002309,中利集团
3508,300376,易事特
3509,002777,久远银海
3510,600995,文山电力
3511,603919,金徽酒
3512,002581,未名医药
3513,600873,梅花生物
3514,002270,华明装备
3515,688013,天臣医疗
3516,301019,宁波色母
3517,300494,盛天网络
3518,301031,中熔电气
3519,003009,中天火箭
3520,600707,彩虹股份
3521,688079,美迪凯
3522,002607,中公教育
3523,300217,东方电热
3524,002917,金奥博
3525,002191,劲嘉股份
3526,300683,海特生物
3527,000910,大亚圣象
3528,002765,蓝黛科技
3529,300762,上海瀚讯
3530,300355,蒙草生态
3531,603718,海利生物
3532,000837,秦川机床
3533,002995,天地在线
3534,300124,汇川技术
3535,601866,中远海发
3536,300354,东华测试
3537,601882,海天精工
3538,600733,北汽蓝谷
3539,300383,光环新网
3540,301042,安联锐视
3541,002643,万润股份
3542,605008,长鸿高科
3543,300212,易华录
3544,300457,赢合科技
3545,831961,创远仪器
3546,603528,多伦科技
3547,600532,未来股份
3548,300909,汇创达
3549,603003,龙宇燃油
3550,300165,天瑞仪器
3551,603877,太平鸟
3552,603129,春风动力
3553,002054,德美化工
3554,601688,华泰证券
3555,300467,迅游科技
3556,000423,东阿阿胶
3557,688328,深科达
3558,001914,招商积余
3559,688728,格科微
3560,603198,迎驾贡酒
3561,600821,金开新能
3562,300271,华宇软件
3563,300760,迈瑞医疗
3564,605020,永和股份
3565,603699,纽威股份
3566,002479,富春环保
3567,601777,力帆科技
3568,600536,中国软件
3569,300975,商络电子
3570,002189,中光学
3571,600601,ST方科
3572,002456,欧菲光
3573,002690,美亚光电
3574,600616,金枫酒业
3575,300862,蓝盾光电
3576,002349,精华制药
3577,301013,利和兴
3578,600996,贵广网络
3579,000905,厦门港务
3580,688286,敏芯股份
3581,601326,秦港股份
3582,600100,同方股份
3583,600486,扬农化工
3584,300695,兆丰股份
3585,600955,维远股份
3586,300070,碧水源
3587,300224,正海磁材
3588,002491,通鼎互联
3589,003012,东鹏控股
3590,688165,埃夫特-U
3591,002986,宇新股份
3592,839680,广道高新
3593,301060,兰卫医学
3594,300302,同有科技
3595,002481,双塔食品
3596,002090,金智科技
3597,688113,联测科技
3598,603199,九华旅游
3599,603886,元祖股份
3600,300334,津膜科技
3601,603987,康德莱
3602,688588,凌志软件
3603,688663,新风光
3604,688655,迅捷兴
3605,002557,洽洽食品
3606,300707,威唐工业
3607,832171,志晟信息
3608,605338,巴比食品
3609,300543,朗科智能
3610,600682,南京新百
3611,000877,天山股份
3612,603259,药明康德
3613,002002,鸿达兴业
3614,603290,斯达半导
3615,300527,中船应急
3616,605068,明新旭腾
3617,300604,长川科技
3618,002130,沃尔核材
3619,601369,陕鼓动力
3620,300461,田中精机
3621,603258,电魂网络
3622,300778,新城市
3623,002010,传化智联
3624,600655,豫园股份
3625,600352,浙江龙盛
3626,605186,健麾信息
3627,002178,延华智能
3628,000756,新华制药
3629,300789,唐源电气
3630,600405,动力源
3631,600211,西藏药业
3632,002832,比音勒芬
3633,002601,龙佰集团
3634,301039,中集车辆
3635,688085,三友医疗
3636,603716,塞力医疗
3637,601933,永辉超市
3638,836263,中航泰达
3639,300889,爱克股份
3640,688257,新锐股份
3641,300666,江丰电子
3642,002533,金杯电工
3643,000032,深桑达Ａ
3644,300213,佳讯飞鸿
3645,002735,王子新材
3646,601975,招商南油
3647,002145,中核钛白
3648,301063,海锅股份
3649,605208,永茂泰
3650,002159,三特索道
3651,300101,振芯科技
3652,002642,荣联科技
3653,300218,安利股份
3654,300215,电科院
3655,688579,山大地纬
3656,834765,美之高
3657,600721,*ST百花
3658,831305,海希通讯
3659,600367,红星发展
3660,300446,*ST乐材
3661,002077,大港股份
3662,002057,中钢天源
3663,300957,贝泰妮
3664,603379,三美股份
3665,300724,捷佳伟创
3666,600935,华塑股份
3667,002478,常宝股份
3668,300709,精研科技
3669,600863,内蒙华电
3670,000099,中信海直
3671,600426,华鲁恒升
3672,300099,精准信息
3673,600060,海信视像
3674,600781,ST辅仁
3675,300560,中富通
3676,002005,ST德豪
3677,688050,爱博医疗
3678,002867,周大生
3679,300576,容大感光
3680,600767,运盛医疗
3681,000567,海德股份
3682,000776,广发证券
3683,002465,海格通信
3684,603882,金域医学
3685,605180,华生科技
3686,300333,兆日科技
3687,688308,欧科亿
3688,300040,九洲集团
3689,002252,上海莱士
3690,002752,昇兴股份
3691,002304,洋河股份
3692,002703,浙江世宝
3693,601138,工业富联
3694,002202,金风科技
3695,836433,大唐药业
3696,605300,佳禾食品
3697,002351,漫步者
3698,603755,日辰股份
3699,603879,永悦科技
3700,600400,红豆股份
3701,000795,英洛华
3702,300382,斯莱克
3703,002434,万里扬
3704,600212,江泉实业
3705,300491,通合科技
3706,300368,汇金股份
3707,300036,超图软件
3708,870204,沪江材料
3709,603189,网达软件
3710,300131,英唐智控
3711,603809,豪能股份
3712,300593,新雷能
3713,300429,强力新材
3714,300788,中信出版
3715,300812,易天股份
3716,600200,江苏吴中
3717,300017,网宿科技
3718,600498,烽火通信
3719,002288,超华科技
3720,600810,神马股份
3721,300920,润阳科技
3722,300988,津荣天宇
3723,002617,露笑科技
3724,301002,崧盛股份
3725,000683,远兴能源
3726,002376,新北洋
3727,002793,罗欣药业
3728,688315,诺禾致源
3729,600210,紫江企业
3730,688065,凯赛生物
3731,600202,哈空调
3732,603186,华正新材
3733,300082,奥克股份
3734,000531,穗恒运Ａ
3735,300470,中密控股
3736,600612,老凤祥
3737,688360,德马科技
3738,688626,翔宇医疗
3739,300463,迈克生物
3740,300585,奥联电子
3741,605358,立昂微
3742,603698,航天工程
3743,300748,金力永磁
3744,300360,炬华科技
3745,301082,久盛电气
3746,300256,*ST星星
3747,002550,千红制药
3748,300092,科新机电
3749,301188,力诺特玻
3750,300418,昆仑万维
3751,600853,龙建股份
3752,836149,旭杰科技
3753,605222,起帆电缆
3754,603638,艾迪精密
3755,002201,正威新材
3756,002156,通富微电
3757,300088,长信科技
3758,002204,大连重工
3759,688280,精进电动-UW
3760,688355,明志科技
3761,001205,盛航股份
3762,601226,华电重工
3763,688268,华特气体
3764,300285,国瓷材料
3765,600895,张江高科
3766,600090,*ST济堂
3767,600150,中国船舶
3768,002903,宇环数控
3769,603713,密尔克卫
3770,601156,东航物流
3771,002650,加加食品
3772,002821,凯莱英
3773,000503,国新健康
3774,300455,康拓红外
3775,002782,可立克
3776,002717,岭南股份
3777,000802,ST北文
3778,600310,桂东电力
3779,300682,朗新科技
3780,300307,慈星股份
3781,603897,长城科技
3782,002516,旷达科技
3783,300677,英科医疗
3784,300439,美康生物
3785,603355,莱克电气
3786,300325,*ST德威
3787,003028,振邦智能
3788,603109,神驰机电
3789,601298,青岛港
3790,300421,力星股份
3791,300400,劲拓股份
3792,000016,深康佳Ａ
3793,000035,中国天楹
3794,300729,乐歌股份
3795,003039,顺控发展
3796,603197,保隆科技
3797,002939,长城证券
3798,000725,京东方Ａ
3799,300857,协创数据
3800,603108,润达医疗
3801,002287,奇正藏药
3802,603076,乐惠国际
3803,600238,海南椰岛
3804,601579,会稽山
3805,600522,中天科技
3806,300962,中金辐照
3807,300853,申昊科技
3808,002332,仙琚制药
3809,688357,建龙微纳
3810,002266,浙富控股
3811,600897,厦门空港
3812,603181,皇马科技
3813,002059,云南旅游
3814,002284,亚太股份
3815,300236,上海新阳
3816,300725,药石科技
3817,002452,长高集团
3818,002437,誉衡药业
3819,001217,华尔泰
3820,002635,安洁科技
3821,600406,国电南瑞
3822,301029,怡合达
3823,300381,溢多利
3824,300305,裕兴股份
3825,601231,环旭电子
3826,300979,华利集团
3827,300661,圣邦股份
3828,605006,山东玻纤
3829,002033,丽江股份
3830,688017,绿的谐波
3831,300373,扬杰科技
3832,301179,泽宇智能
3833,601628,中国人寿
3834,601816,京沪高铁
3835,002368,太极股份
3836,300342,天银机电
3837,300996,普联软件
3838,603986,兆易创新
3839,300389,艾比森
3840,300309,吉艾科技
3841,605168,三人行
3842,688767,博拓生物
3843,688071,华依科技
3844,002849,威星智能
3845,300460,惠伦晶体
3846,688788,科思科技
3847,601878,浙商证券
3848,600010,包钢股份
3849,300676,华大基因
3850,000628,高新发展
3851,603121,华培动力
3852,301086,鸿富瀚
3853,603429,集友股份
3854,603663,三祥新材
3855,300903,科翔股份
3856,688239,航宇科技
3857,300582,英飞特
3858,002695,煌上煌
3859,300915,海融科技
3860,300481,濮阳惠成
3861,300673,佩蒂股份
3862,002213,大为股份
3863,002150,通润装备
3864,000815,美利云
3865,000598,兴蓉环境
3866,300986,志特新材
3867,600667,太极实业
3868,002123,梦网科技
3869,688289,圣湘生物
3870,688333,铂力特
3871,688276,百克生物
3872,600697,欧亚集团
3873,688206,概伦电子
3874,300390,天华超净
3875,300046,台基股份
3876,300220,金运激光
3877,688078,龙软科技
3878,603688,石英股份
3879,600673,东阳光
3880,300982,苏文电能
3881,603639,海利尔
3882,300570,太辰光
3883,688628,优利德
3884,000823,超声电子
3885,688128,中国电研
3886,688625,呈和科技
3887,603203,快克股份
3888,300219,鸿利智汇
3889,002458,益生股份
3890,002212,天融信
3891,300241,瑞丰光电
3892,603067,振华股份
3893,002683,广东宏大
3894,002580,圣阳股份
3895,605005,合兴股份
3896,601117,中国化学
3897,688316,青云科技-U
3898,600886,国投电力
3899,603383,顶点软件
3900,600779,水井坊
3901,002653,海思科
3902,603158,腾龙股份
3903,688707,振华新材-U
3904,002646,天佑德酒
3905,300378,鼎捷软件
3906,603733,仙鹤股份
3907,002724,海洋王
3908,300328,宜安科技
3909,688558,国盛智科
3910,002819,东方中科
3911,600166,福田汽车
3912,002474,榕基软件
3913,688076,诺泰生物
3914,002320,海峡股份
3915,002973,侨银股份
3916,300257,开山股份
3917,002104,恒宝股份
3918,688037,芯源微
3919,603160,汇顶科技
3920,300916,朗特智能
3921,300665,飞鹿股份
3922,300880,迦南智能
3923,603087,甘李药业
3924,600292,远达环保
3925,002990,盛视科技
3926,688258,卓易信息
3927,300296,利亚德
3928,002913,奥士康
3929,688559,海目星
3930,600148,长春一东
3931,002579,中京电子
3932,688585,上纬新材
3933,688006,杭可科技
3934,300674,宇信科技
3935,688660,电气风电
3936,688246,嘉和美康
3937,600243,青海华鼎
3938,300286,安科瑞
3939,600963,岳阳林纸
3940,002064,华峰化学
3941,002235,安妮股份
3942,688575,亚辉龙
3943,600026,中远海能
3944,600640,新国脉
3945,871981,晶赛科技
3946,300507,苏奥传感
3947,300377,赢时胜
3948,301189,奥尼电子
3949,601528,瑞丰银行
3950,000978,桂林旅游
3951,600590,泰豪科技
3952,002009,天奇股份
3953,605499,东鹏饮料
3954,300978,东箭科技
3955,000625,长安汽车
3956,688278,特宝生物
3957,300578,会畅通讯
3958,605299,舒华体育
3959,601018,宁波港
3960,002592,ST八菱
3961,301158,德石股份
3962,002824,和胜股份
3963,600237,铜峰电子
3964,600666,ST瑞德
3965,300072,三聚环保
3966,603324,盛剑环境
3967,002572,索菲亚
3968,605090,九丰能源
3969,603667,五洲新春
3970,002326,永太科技
3971,000062,深圳华强
3972,002106,莱宝高科
3973,000595,宝塔实业
3974,300681,英搏尔
3975,300786,国林科技
3976,688173,希荻微-U
3977,603386,广东骏亚
3978,000951,中国重汽
3979,600267,海正药业
3980,603918,金桥信息
3981,002919,名臣健康
3982,003011,海象新材
3983,300531,优博讯
3984,002416,爱施德
3985,002088,鲁阳节能
3986,603668,天马科技
3987,300829,金丹科技
3988,002845,同兴达
3989,301021,英诺激光
3990,603507,振江股份
3991,688601,力芯微
3992,300079,数码视讯
3993,002841,视源股份
3994,603337,杰克股份
3995,688127,蓝特光学
3996,003020,立方制药
3997,002937,兴瑞科技
3998,300968,格林精密
3999,300801,泰和科技
4000,603055,台华新材
4001,300939,秋田微
4002,600990,四创电子
4003,000520,长航凤凰
4004,601919,中远海控
4005,300499,高澜股份
4006,688733,壹石通
4007,001213,中铁特货
4008,300785,值得买
4009,600573,惠泉啤酒
4010,600218,全柴动力
4011,601838,成都银行
4012,605016,百龙创园
4013,688369,致远互联
4014,002164,宁波东力
4015,300283,温州宏丰
4016,002142,宁波银行
4017,600125,铁龙物流
4018,300228,富瑞特装
4019,002460,赣锋锂业
4020,300248,新开普
4021,603083,剑桥科技
4022,300129,泰胜风能
4023,301099,雅创电子
4024,603516,淳中科技
4025,603601,再升科技
4026,002908,德生科技
4027,300963,中洲特材
4028,002518,科士达
4029,002350,北京科锐
4030,000538,云南白药
4031,300780,德恩精工
4032,003043,华亚智能
4033,603786,科博达
4034,002111,威海广泰
4035,688689,银河微电
4036,688301,奕瑞科技
4037,688779,长远锂科
4038,300369,绿盟科技
4039,002163,海南发展
4040,002901,大博医疗
4041,831768,拾比佰
4042,601218,吉鑫科技
4043,300338,开元教育
4044,301087,可孚医疗
4045,301138,华研精机
4046,300735,光弘科技
4047,000938,紫光股份
4048,688578,艾力斯-U
4049,002015,协鑫能科
4050,002792,通宇通讯
4051,300298,三诺生物
4052,300398,飞凯材料
4053,600566,济川药业
4054,601038,一拖股份
4055,603995,甬金股份
4056,605339,南侨食品
4057,300225,金力泰
4058,002464,*ST众应
4059,300825,阿尔特
4060,600343,航天动力
4061,002250,联化科技
4062,002370,亚太药业
4063,688162,巨一科技
4064,002706,良信股份
4065,300408,三环集团
4066,601969,海南矿业
4067,688056,莱伯泰科
4068,300783,三只松鼠
4069,300587,天铁股份
4070,600271,航天信息
4071,600418,江淮汽车
4072,603816,顾家家居
4073,300614,百川畅银
4074,002614,奥佳华
4075,300721,怡达股份
4076,600662,外服控股
4077,300705,九典制药
4078,301093,华兰股份
4079,603138,海量数据
4080,002017,东信和平
4081,600769,祥龙电业
4082,300860,锋尚文化
4083,300841,康华生物
4084,601908,京运通
4085,300672,国科微
4086,002468,申通快递
4087,300182,捷成股份
4088,301159,三维天地
4089,002384,东山精密
4090,600861,北京城乡
4091,600392,盛和资源
4092,600436,片仔癀
4093,300842,帝科股份
4094,600958,东方证券
4095,002507,涪陵榨菜
4096,002151,北斗星通
4097,688300,联瑞新材
4098,000338,潍柴动力
4099,002975,博杰股份
4100,600993,马应龙
4101,600371,万向德农
4102,002227,奥 特 迅
4103,688561,奇安信-U
4104,002988,豪美新材
4105,603967,中创物流
4106,003031,中瓷电子
4107,300636,同和药业
4108,603836,海程邦达
4109,688386,泛亚微透
4110,603588,高能环境
4111,603977,国泰集团
4112,603185,上机数控
4113,300033,同花顺
4114,688318,财富趋势
4115,301149,隆华新材
4116,301119,正强股份
4117,300171,东富龙
4118,000988,华工科技
4119,300158,振东制药
4120,002449,国星光电
4121,300689,澄天伟业
4122,600160,巨化股份
4123,002242,九阳股份
4124,605080,浙江自然
4125,600415,小商品城
4126,301046,能辉科技
4127,300221,银禧科技
4128,603236,移远通信
4129,603327,福蓉科技
4130,002750,龙津药业
4131,688230,芯导科技
4132,688819,天能股份
4133,835174,五新隧装
4134,605133,嵘泰股份
4135,300660,江苏雷利
4136,300928,华安鑫创
4137,688700,东威科技
4138,000587,*ST金洲
4139,688001,华兴源创
4140,605288,凯迪股份
4141,002364,中恒电气
4142,300635,中达安
4143,300648,星云股份
4144,002294,信立泰
4145,603567,珍宝岛
4146,603080,新疆火炬
4147,002957,科瑞技术
4148,603856,东宏股份
4149,300613,富瀚微
4150,300850,新强联
4151,300602,飞荣达
4152,301067,显盈科技
4153,002335,科华数据
4154,002946,新乳业
4155,003026,中晶科技
4156,605305,中际联合
4157,300809,华辰装备
4158,600079,人福医药
4159,600312,平高电气
4160,002171,楚江新材
4161,605011,杭州热电
4162,002508,老板电器
4163,000826,启迪环境
4164,688682,霍莱沃
4165,600054,黄山旅游
4166,300663,科蓝软件
4167,300183,东软载波
4168,600847,万里股份
4169,002207,准油股份
4170,300134,大富科技
4171,002011,盾安环境
4172,300146,汤臣倍健
4173,002959,小熊电器
4174,688159,有方科技
4175,002153,石基信息
4176,839729,永顺生物
4177,605122,四方新材
4178,301155,海力风电
4179,300919,中伟股份
4180,688103,国力股份
4181,688319,欧林生物
4182,600380,健康元
4183,600066,宇通客车
4184,300863,卡倍亿
4185,688314,康拓医疗
4186,600956,新天绿能
4187,300873,海晨股份
4188,000100,TCL科技
4189,603833,欧派家居
4190,603019,中科曙光
4191,603113,金能科技
4192,000967,盈峰环境
4193,000895,双汇发展
4194,300339,润和软件
4195,301035,润丰股份
4196,600715,文投控股
4197,002970,锐明技术
4198,600885,宏发股份
4199,600645,中源协和
4200,002085,万丰奥威
4201,600323,瀚蓝环境
4202,688388,嘉元科技
4203,688600,皖仪科技
4204,600844,丹化科技
4205,600809,山西汾酒
4206,688396,华润微
4207,688088,虹软科技
4208,300410,正业科技
4209,300586,美联新材
4210,688613,奥精医疗
4211,603650,彤程新材
4212,688070,纵横股份
4213,300311,任子行
4214,600556,天下秀
4215,300999,金龙鱼
4216,300824,北鼎股份
4217,688049,炬芯科技-U
4218,002396,星网锐捷
4219,688139,海尔生物
4220,002600,领益智造
4221,002126,银轮股份
4222,002987,京北方
4223,300058,蓝色光标
4224,300598,诚迈科技
4225,601689,拓普集团
4226,300657,弘信电子
4227,603937,丽岛新材
4228,300435,中泰股份
4229,600396,金山股份
4230,688608,恒玄科技
4231,605289,罗曼股份
4232,000056,皇庭国际
4233,300083,创世纪
4234,002916,深南电路
4235,300845,捷安高科
4236,600399,抚顺特钢
4237,603077,和邦生物
4238,002734,利民股份
4239,300413,芒果超媒
4240,000931,中 关 村
4241,300568,星源材质
4242,688577,浙海德曼
4243,300803,指南针
4244,600265,*ST景谷
4245,002651,利君股份
4246,600288,大恒科技
4247,300115,长盈精密
4248,603063,禾望电气
4249,002759,天际股份
4250,688312,燕麦科技
4251,002221,东华能源
4252,300451,创业慧康
4253,000711,京蓝科技
4254,300251,光线传媒
4255,603110,东方材料
4256,002768,国恩股份
4257,000596,古井贡酒
4258,688383,新益昌
4259,002249,大洋电机
4260,301062,上海艾录
4261,300384,三联虹普
4262,002933,新兴装备
4263,300706,阿石创
4264,002196,方正电机
4265,300031,宝通科技
4266,600870,*ST厦华
4267,600273,嘉化能源
4268,300177,中海达
4269,688200,华峰测控
4270,300350,华鹏飞
4271,000661,长春高新
4272,300715,凯伦股份
4273,601208,东材科技
4274,300151,昌红科技
4275,002094,青岛金王
4276,002530,金财互联
4277,002790,瑞尔特
4278,688158,优刻得-W
4279,603583,捷昌驱动
4280,301006,迈拓股份
4281,601021,春秋航空
4282,688016,心脉医疗
4283,300370,ST安控
4284,833509,同惠电子
4285,002281,光迅科技
4286,601127,小康股份
4287,300698,万马科技
4288,688508,芯朋微
4289,688618,三旺通信
4290,600303,曙光股份
4291,688225,亚信安全
4292,300589,江龙船艇
4293,603855,华荣股份
4294,300747,锐科激光
4295,002511,中顺洁柔
4296,688789,宏华数科
4297,688126,沪硅产业-U
4298,600726,华电能源
4299,002938,鹏鼎控股
4300,603256,宏和科技
4301,835179,凯德石英
4302,603025,大豪科技
4303,603730,岱美股份
4304,600053,九鼎投资
4305,300938,信测标准
4306,688148,芳源股份
4307,300263,隆华科技
4308,688019,安集科技
4309,688680,海优新材
4310,002487,大金重工
4311,301200,大族数控
4312,600233,圆通速递
4313,300752,隆利科技
4314,603220,中贝通信
4315,000626,远大控股
4316,603156,养元饮品
4317,601877,正泰电器
4318,601633,长城汽车
4319,002544,杰赛科技
4320,688595,芯海科技
4321,300990,同飞股份
4322,688262,国芯科技
4323,002977,天箭科技
4324,000001,平安银行
4325,002079,苏州固锝
4326,688305,科德数控
4327,688299,长阳科技
4328,600036,招商银行
4329,002086,ST东洋
4330,301221,光庭信息
4331,300969,恒帅股份
4332,600695,*ST绿庭
4333,002745,木林森
4334,600111,北方稀土
4335,002280,联络互动
4336,600761,安徽合力
4337,688029,南微医学
4338,301180,万祥科技
4339,688266,泽璟制药-U
4340,300178,*ST腾邦
4341,300456,赛微电子
4342,603195,公牛集团
4343,000887,中鼎股份
4344,300320,海达股份
4345,603088,宁波精达
4346,300327,中颖电子
4347,002007,华兰生物
4348,000831,五矿稀土
4349,300264,佳创视讯
4350,601126,四方股份
4351,002636,金安国纪
4352,688216,气派科技
4353,000729,燕京啤酒
4354,300057,万顺新材
4355,300723,一品红
4356,600031,三一重工
4357,000012,南  玻Ａ
4358,301040,中环海陆
4359,002080,中材科技
4360,688408,中信博
4361,300910,瑞丰新材
4362,002415,海康威视
4363,300690,双一科技
4364,603228,景旺电子
4365,002338,奥普光电
4366,002831,裕同科技
4367,688248,南网科技
4368,688696,极米科技
4369,300624,万兴科技
4370,600519,贵州茅台
4371,002119,康强电子
4372,688786,悦安新材
4373,603308,应流股份
4374,688510,航亚科技
4375,603043,广州酒家
4376,300502,新易盛
4377,836826,盖世食品
4378,603596,伯特利
4379,688363,华熙生物
4380,688027,国盾量子
4381,301123,奕东电子
4382,600196,复星医药
4383,002891,中宠股份
4384,300001,特锐德
4385,300330,华虹计通
4386,300685,艾德生物
4387,688219,会通股份
4388,688133,泰坦科技
4389,300093,金刚玻璃
4390,002393,力生制药
4391,002063,远光软件
4392,830946,森萱医药
4393,688366,昊海生科
4394,300077,国民技术
4395,300699,光威复材
4396,600478,科力远
4397,688633,星球石墨
4398,002985,北摩高科
4399,600529,山东药玻
4400,000810,创维数字
4401,002372,伟星新材
4402,300830,金现代
4403,605337,李子园
4404,688776,国光电气
4405,603533,掌阅科技
4406,300346,南大光电
4407,688135,利扬芯片
4408,002597,金禾实业
4409,000811,冰轮环境
4410,600131,国网信通
4411,600195,中牧股份
4412,300322,硕贝德
4413,002048,宁波华翔
4414,603288,海天味业
4415,002624,完美世界
4416,301055,张小泉
4417,002812,恩捷股份
4418,603279,景津装备
4419,002273,水晶光电
4420,300136,信维通信
4421,603895,天永智能
4422,603960,克来机电
4423,300538,同益股份
4424,300243,瑞丰高材
4425,600483,福能股份
4426,300745,欣锐科技
4427,000676,智度股份
4428,603578,三星新材
4429,000922,佳电股份
4430,600201,生物股份
4431,000513,丽珠集团
4432,300014,亿纬锂能
4433,002980,华盛昌
4434,300059,东方财富
4435,603369,今世缘
4436,688232,新点软件
4437,300918,南山智尚
4438,603595,东尼电子
4439,300054,鼎龙股份
4440,688359,三孚新科
4441,603348,文灿股份
4442,300912,凯龙高科
4443,833454,同心传动
4444,300588,熙菱信息
4445,601567,三星医疗
4446,603338,浙江鼎力
4447,002036,联创电子
4448,300782,卓胜微
4449,002602,世纪华通
4450,600869,远东股份
4451,600030,中信证券
4452,002594,比亚迪
4453,688100,威胜信息
4454,688711,宏微科技
4455,002407,多氟多
4456,603939,益丰药房
4457,600699,均胜电子
4458,300680,隆盛科技
4459,301213,观想科技
4460,603876,鼎胜新材
4461,600487,亨通光电
4462,002960,青鸟消防
4463,688330,宏力达
4464,605369,拱东医疗
4465,300627,华测导航
4466,300569,天能重工
4467,600741,华域汽车
4468,300623,捷捷微电
4469,002138,顺络电子
4470,600523,贵航股份
4471,002373,千方科技
4472,603922,金鸿顺
4473,002429,兆驰股份
4474,002405,四维图新
4475,300757,罗博特科
4476,601636,旗滨集团
4477,002026,山东威达
4478,603681,永冠新材
4479,600845,宝信软件
4480,002028,思源电气
4481,002223,鱼跃医疗
4482,300633,开立医疗
4483,688112,鼎阳科技
4484,688772,珠海冠宇
4485,002920,德赛西威
4486,002089,ST新海
4487,002352,顺丰控股
4488,600171,上海贝岭
4489,000861,海印股份
4490,430510,丰光精密
4491,603915,国茂股份
4492,688220,翱捷科技-U
4493,000537,广宇发展
4494,000089,深圳机场
4495,300438,鹏辉能源
4496,600584,长电科技
4497,300731,科创新源
4498,688151,华强科技
4499,000888,峨眉山Ａ
4500,688668,鼎通科技
4501,300612,宣亚国际
4502,002444,巨星科技
4503,002436,兴森科技
4504,000403,派林生物
4505,300474,景嘉微
4506,688622,禾信仪器
4507,600887,伊利股份
4508,835640,富士达
4509,000021,深科技
4510,002484,江海股份
4511,300548,博创科技
4512,600458,时代新材
4513,300364,中文在线
4514,688211,中科微至
4515,300802,矩子科技
4516,002190,成飞集成
4517,300815,玉禾田
4518,688099,晶晨股份
4519,688686,奥普特
4520,301118,恒光股份
4521,600859,王府井
4522,601880,辽港股份
4523,300379,东方通
4524,301051,信濠光电
4525,601799,星宇股份
4526,688521,芯原股份-U
4527,002158,汉钟精机
4528,300504,天邑股份
4529,002323,*ST雅博
4530,002781,奇信股份
4531,000860,顺鑫农业
4532,688555,泽达易盛
4533,603000,人民网
4534,002045,国光电器
4535,002324,普利特
4536,603535,嘉诚国际
4537,835185,贝特瑞
4538,603157,*ST拉夏
4539,600563,法拉电子
4540,603027,千禾味业
4541,300911,亿田智能
4542,300843,胜蓝股份
4543,301050,雷电微力
4544,000333,美的集团
4545,688007,光峰科技
4546,688222,成都先导
4547,430090,同辉信息
4548,300331,苏大维格
4549,002206,海 利 得
4550,300258,精锻科技
4551,002930,宏川智慧
4552,000687,*ST华讯
4553,837212,智新电子
4554,688171,纬德信息
4555,603517,绝味食品
4556,300142,沃森生物
4557,000059,华锦股份
4558,839167,同享科技
4559,688798,艾为电子
4560,688339,亿华通-U
4561,688186,广大特材
4562,002555,三七互娱
4563,603737,三棵树
4564,600018,上港集团
4565,000665,湖北广电
4566,600559,老白干酒
4567,002245,蔚蓝锂芯
4568,002847,盐津铺子
4569,300708,聚灿光电
4570,300755,华致酒行
4571,300073,当升科技
4572,688778,厦钨新能
4573,000400,许继电气
4574,600378,昊华科技
4575,688023,安恒信息
4576,603060,国检集团
4577,000970,中科三环
4578,002210,飞马国际
4579,688018,乐鑫科技
4580,002929,润建股份
4581,603225,新凤鸣
4582,000835,*ST长动
4583,600309,万华化学
4584,600093,*ST易见
4585,688697,纽威数控
4586,300357,我武生物
4587,600872,中炬高新
4588,002979,雷赛智能
4589,603599,广信股份
4590,002074,国轩高科
4591,600882,妙可蓝多
4592,300223,北京君正
4593,002837,英维克
4594,688021,奥福环保
4595,601068,中铝国际
4596,300012,华测检测
4597,300253,卫宁健康
4598,688518,联赢激光
4599,603920,世运电路
4600,300476,胜宏科技
4601,603936,博敏电子
4602,000838,财信发展
4603,002993,奥海科技
4604,000703,恒逸石化
4605,000777,中核科技
4606,688519,南亚新材
4607,688766,普冉股份
4608,300358,楚天科技
4609,000609,*ST中迪
4610,688661,和林微纳
4611,600091,*ST明科
4612,000980,*ST众泰
4613,002568,百润股份
4614,600306,*ST商城
4615,002439,启明星辰
4616,300890,翔丰华
4617,605166,聚合顺
4618,600641,万业企业
4619,603032,*ST德新
4620,002410,广联达
4621,688022,瀚川智能
4622,688025,杰普特
4623,002766,*ST索菱
4624,300122,智飞生物
4625,600078,*ST澄星
4626,000997,新 大 陆
4627,002432,九安医疗
4628,600183,生益科技
4629,002082,万邦德
4630,300525,博思软件
4631,002473,*ST圣莱
4632,000963,华东医药
4633,603298,杭叉集团
4634,002851,麦格米特
4635,600138,中青旅
4636,000585,*ST东电
4637,000524,岭南控股
4638,600724,宁波富达
4639,001215,千味央厨
4640,605089,味知香
4641,300558,贝达药业
4642,600112,*ST天成
4643,300415,伊之密
4644,688105,诺唯赞
4645,002236,大华股份
4646,688002,睿创微纳
4647,605007,五洲特纸
4648,002619,*ST艾格
4649,688083,中望软件
4650,600577,精达股份
4651,002050,三花智控
4652,002656,ST摩登
4653,300347,泰格医药
4654,000818,航锦科技
4655,002741,光华科技
4656,300638,广和通
4657,603233,大参林
4658,300617,安靠智电
4659,603996,*ST中新
4660,603859,能科科技
4661,300601,康泰生物
4662,002157,正邦科技
4663,301193,家联科技
4664,603893,瑞芯微
4665,300037,新宙邦
4666,603959,百利科技
4667,600652,*ST游久
4668,002265,西仪股份
4669,300838,浙江力诺
4670,300196,长海股份
4671,300866,安克创新
4672,688567,孚能科技
4673,300580,贝斯特
4674,002585,双星新材
4675,000977,浪潮信息
4676,301092,争光股份
4677,000681,视觉中国
4678,000708,中信特钢
4679,688267,中触媒
4680,603899,晨光文具
4681,300595,欧普康视
4682,603589,口子窖
4683,300482,万孚生物
4684,601100,恒立液压
4685,002876,三利谱
4686,688033,天宜上佳
4687,002463,沪电股份
4688,603179,新泉股份
4689,002925,盈趣科技
4690,300655,晶瑞电材
4691,600933,爱柯迪
4692,002833,弘亚数控
4693,300294,博雅生物
4694,603985,恒润股份
4695,600884,杉杉股份
4696,300458,全志科技
4697,002984,森麒麟
4698,600660,福耀玻璃
4699,600298,安琪酵母
4700,002311,海大集团
4701,688169,石头科技
4702,300859,*ST西域
4703,600745,闻泰科技
4704,301069,凯盛新材
4705,600998,九州通
4706,002709,天赐材料
4707,002214,大立科技
4708,688008,澜起科技
4709,003030,祖名股份
4710,000409,云鼎科技
4711,688118,普元信息
4712,603738,泰晶科技
4713,688557,兰剑智能
4714,605376,博迁新材
4715,688793,倍轻松
4716,688198,佰仁医疗
4717,002475,立讯精密
4718,603690,至纯科技
4719,000799,酒鬼酒
4720,603127,昭衍新药
4721,002705,新宝股份
4722,300454,深信服
4723,300791,仙乐健康
4724,002767,先锋电子
4725,300319,麦捷科技
4726,688208,道通科技
4727,603888,新华网
4728,600690,海尔智家
4729,600276,恒瑞医药
4730,603825,华扬联众
4731,300479,神思电子
4732,603501,韦尔股份
4733,603212,赛伍技术
4734,002906,华阳集团
4735,600110,诺德股份
4736,300567,精测电子
4737,603866,桃李面包
4738,300870,欧陆通
4739,300806,斯迪克
4740,300759,康龙化成
4741,605388,均瑶健康
4742,002318,久立特材
4743,603068,博通集成
4744,300639,凯普生物
4745,301018,申菱环境
4746,002101,广东鸿图
4747,002885,京泉华
4748,833523,德瑞锂电
4749,603035,常熟汽饰
4750,002241,歌尔股份
4751,603707,健友股份
4752,002003,伟星股份
4753,600982,宁波能源
4754,600305,恒顺醋业
4755,002331,皖通科技
4756,002139,拓邦股份
4757,002414,高德红外
4758,688321,微芯生物
4759,002943,宇晶股份
4760,300769,德方纳米
4761,002006,精功科技
4762,000858,五 粮 液
4763,688368,晶丰明源
4764,430047,诺思兰德
4765,002283,天润工业
4766,002409,雅克科技
4767,603317,天味食品
4768,600702,舍得酒业
4769,300770,新媒股份
4770,002371,北方华创
4771,601966,玲珑轮胎
4772,002230,科大讯飞
4773,000420,吉林化纤
4774,603719,良品铺子
4775,000568,泸州老窖
4776,300323,华灿光电
4777,600880,博瑞传播
4778,300767,震安科技
4779,000078,海王生物
4780,002297,博云新材
4781,835368,连城数控
4782,603005,晶方科技
4783,600346,恒力石化
4784,603489,八方股份
4785,000009,中国宝安
4786,300366,创意信息
4787,000881,中广核技
4788,600754,锦江酒店
4789,002531,天顺风能
4790,000550,江铃汽车
4791,300193,佳士科技
4792,603486,科沃斯
4793,003022,联泓新科
4794,301166,优宁维
4795,300811,铂科新材
4796,300679,电连技术
4797,601598,中国外运
4798,601008,连云港
4799,600521,华海药业
4800,603208,江山欧派
4801,600129,太极集团
4802,601888,中国中免
4803,300552,万集科技
4804,301117,佳缘科技
4805,002707,众信旅游
4806,300526,中潜股份
4807,688533,上声电子
4808,300015,爱尔眼科
4809,002595,豪迈科技
4810,600763,通策医疗
4811,001266,宏英智能
4812,601995,中金公司
4813,002644,佛慈制药
4814,300308,中际旭创
4815,688005,容百科技
4816,603036,如通股份
4817,603659,璞泰来
4818,836720,吉冈精密
4819,600600,青岛啤酒
4820,002336,人人乐
4821,002008,大族激光
4822,603906,龙蟠科技
4823,688179,阿拉丁
4824,600703,三安光电
4825,300207,欣旺达
4826,002629,仁智股份
4827,603997,继峰股份
4828,603871,嘉友国际
4829,002503,搜于特
4830,603136,天目湖
4831,003003,天元股份
4832,688678,福立旺
4833,600363,联创光电
4834,688560,明冠新材
4835,601188,龙江交通
4836,002935,天奥电子
4837,300609,汇纳科技
4838,300166,东方国信
4839,600588,用友网络
4840,300953,震裕科技
4841,000301,东方盛虹
4842,688800,瑞可达
4843,002637,赞宇科技
4844,601789,宁波建工
4845,300394,天孚通信
4846,600358,国旅联合
4847,601137,博威合金
4848,600132,重庆啤酒
4849,000935,四川双马
4850,300750,宁德时代
4851,688499,利元亨
4852,600004,白云机场
4853,300813,泰林生物
4854,000796,凯撒旅业
4855,300007,汉威科技
4856,300349,金卡智能
4857,600706,曲江文旅
4858,688187,时代电气
4859,000636,风华高科
4860,601233,桐昆股份
4861,600009,上海机场
4862,002810,山东赫达
4863,002626,金达威
4864,600258,首旅酒店
4865,300875,捷强装备
4866,002056,横店东磁
4867,002402,和而泰
4868,300765,新诺威
4869,600115,中国东航
4870,002645,华宏科技
4871,603955,大千生态
4872,600792,云煤能源
4873,003021,兆威机电
4874,601058,赛轮轮胎
4875,003032,传智教育
4876,002928,华夏航空
4877,300496,中科创达
4878,000063,中兴通讯
4879,002850,科达利
4880,688121,卓然股份
4881,002472,双环传动
4882,603885,吉祥航空
4883,300144,宋城演艺
4884,000982,中银绒业
4885,603026,石大胜华
4886,002246,北化股份
4887,603912,佳力图
4888,600029,南方航空
4889,300450,先导智能
4890,603029,天鹅股份
4891,601111,中国国航
4892,003007,直真科技
4893,600798,宁波海运
4894,002520,日发精机
4895,600113,浙江东日
4896,600768,宁波富邦
4897,600151,航天机电
4898,603305,旭升股份
4899,002493,荣盛石化
4900,603297,永新光学
4901,002180,纳思达
4902,603269,海鸥股份
4903,688598,金博股份
4904,836239,长虹能源
4905,688131,皓元医药
4906,301130,西点药业
4907,836077,吉林碳谷
