,日期,开盘,收盘,最高,最低,成交量,成交额,振幅,涨跌幅,涨跌额,换手率
0,2017-01-19,13.7,16.44,16.44,13.7,95,155900.0,23.99,43.96,5.02,0.04
1,2017-01-20,18.08,18.08,18.08,18.08,65,117592.0,0.0,9.98,1.64,0.03
2,2017-01-23,19.89,19.89,19.89,19.89,44,87595.0,0.0,10.01,1.81,0.02
3,2017-01-24,21.88,21.88,21.88,21.88,56,122615.0,0.0,10.01,1.99,0.02
4,2017-01-25,24.07,24.07,24.07,24.07,107,257813.0,0.0,10.01,2.19,0.04
5,2017-01-26,26.48,26.48,26.48,26.48,215,569717.0,0.0,10.01,2.41,0.09
6,2017-02-03,29.13,29.13,29.13,29.13,340,989779.0,0.0,10.01,2.65,0.14
7,2017-02-06,32.04,32.04,32.04,32.04,1814,5812857.0,0.0,9.99,2.91,0.73
8,2017-02-07,35.24,35.24,35.24,35.24,780,2750059.0,0.0,9.99,3.2,0.31
9,2017-02-08,38.76,38.76,38.76,38.76,557,2159474.0,0.0,9.99,3.52,0.22
10,2017-02-09,42.64,42.64,42.64,42.64,780,3325749.0,0.0,10.01,3.88,0.31
11,2017-02-10,46.9,46.9,46.9,46.9,1836,8609761.0,0.0,9.99,4.26,0.73
12,2017-02-13,50.0,51.59,51.59,49.03,68901,350294304.0,5.46,10.0,4.69,27.56
13,2017-02-14,54.0,56.75,56.75,53.01,95033,524636800.0,7.25,10.0,5.16,38.01
14,2017-02-15,59.27,58.89,62.43,57.3,157862,946050464.0,9.04,3.77,2.14,63.14
15,2017-02-16,57.0,57.9,61.03,55.68,121561,710056544.0,9.08,-1.68,-0.99,48.62
16,2017-02-17,55.98,52.11,55.98,52.11,95258,508303600.0,6.68,-10.0,-5.79,38.1
17,2017-02-20,50.43,48.66,51.48,48.03,75246,372517632.0,6.62,-6.62,-3.45,30.1
18,2017-02-21,49.0,50.37,52.39,47.88,76644,384388176.0,9.27,3.51,1.71,30.66
19,2017-02-22,49.66,51.73,53.77,49.66,75079,390179040.0,8.16,2.7,1.36,30.03
20,2017-02-23,51.0,56.9,56.9,50.75,118859,659598304.0,11.89,9.99,5.17,47.54
21,2017-02-24,58.0,55.8,58.56,54.5,125583,706627856.0,7.14,-1.93,-1.1,50.23
22,2017-02-27,55.51,54.73,56.3,53.92,77566,425544400.0,4.27,-1.92,-1.07,31.03
23,2017-02-28,54.4,56.01,57.48,53.21,94234,526894064.0,7.8,2.34,1.28,37.69
24,2017-03-01,55.01,53.62,55.49,53.58,71116,388124896.0,3.41,-4.27,-2.39,28.45
25,2017-03-02,53.0,54.5,56.9,52.7,84107,462773408.0,7.83,1.64,0.88,33.64
26,2017-03-03,54.9,57.24,59.95,54.15,112217,644512416.0,10.64,5.03,2.74,44.89
27,2017-03-06,56.6,58.25,58.51,55.66,84088,479806624.0,4.98,1.76,1.01,33.64
28,2017-03-07,58.1,57.74,58.66,56.6,66352,381209728.0,3.54,-0.88,-0.51,26.54
29,2017-03-08,57.89,60.5,60.5,57.33,96928,572187584.0,5.49,4.78,2.76,38.77
30,2017-03-09,59.8,57.0,59.8,56.6,76968,446744080.0,5.29,-5.79,-3.5,30.79
31,2017-03-10,56.04,56.0,57.46,55.8,42751,241355151.0,2.91,-1.75,-1.0,17.1
32,2017-03-13,55.48,56.71,56.99,54.0,43548,242119395.0,5.34,1.27,0.71,17.42
33,2017-03-14,56.3,58.1,58.5,56.12,61742,355695664.0,4.2,2.45,1.39,24.7
34,2017-03-15,57.77,58.89,59.38,56.13,66484,384271888.0,5.59,1.36,0.79,26.59
35,2017-03-16,59.38,62.38,64.78,59.38,132638,838911936.0,9.17,5.93,3.49,53.06
36,2017-03-17,61.52,62.85,66.37,61.52,133369,851706272.0,7.77,0.75,0.47,53.35
37,2017-03-20,61.2,63.64,64.44,60.05,77988,484378192.0,6.98,1.26,0.79,31.2
38,2017-03-21,62.9,64.31,64.5,62.35,70856,450135568.0,3.38,1.05,0.67,28.34
39,2017-03-22,63.5,64.59,67.0,63.31,77647,505417856.0,5.74,0.44,0.28,31.06
40,2017-03-23,63.7,61.2,64.19,60.02,69355,431336720.0,6.46,-5.25,-3.39,27.74
41,2017-03-24,61.28,61.96,62.93,60.8,45757,283210416.0,3.48,1.24,0.76,18.3
42,2017-03-27,61.55,63.3,63.6,61.4,44683,280180304.0,3.55,2.16,1.34,17.87
43,2017-03-28,63.41,59.98,63.94,59.98,48730,300733376.0,6.26,-5.24,-3.32,19.49
44,2017-03-29,59.42,54.6,60.3,54.3,55702,317730320.0,10.0,-8.97,-5.38,22.28
45,2017-03-30,54.05,55.26,56.68,54.05,43280,239726730.0,4.82,1.21,0.66,17.31
46,2017-03-31,55.23,51.62,56.5,51.0,50404,267252656.0,9.95,-6.59,-3.64,20.16
47,2017-04-05,50.99,52.18,52.5,47.81,44150,222789672.0,9.09,1.08,0.56,17.66
48,2017-04-06,51.7,52.2,53.47,51.3,34082,179256780.0,4.16,0.04,0.02,13.63
49,2017-04-07,52.0,50.97,53.28,50.82,30045,156785447.0,4.71,-2.36,-1.23,12.02
50,2017-04-10,50.0,45.87,51.5,45.87,42450,202462314.0,11.05,-10.01,-5.1,16.98
51,2017-04-11,45.59,46.81,47.06,44.73,35353,163477010.0,5.08,2.05,0.94,14.14
52,2017-04-12,46.55,45.37,47.25,45.15,25340,117069309.0,4.49,-3.08,-1.44,10.14
53,2017-04-13,45.2,45.15,46.49,45.0,18750,85708179.0,3.28,-0.48,-0.22,7.5
54,2017-04-14,45.01,44.64,45.98,44.03,21595,97141998.0,4.32,-1.13,-0.51,8.64
55,2017-04-17,42.01,40.2,42.89,40.18,32512,133987224.0,6.07,-9.95,-4.44,13.0
56,2017-04-18,40.22,39.6,40.97,39.35,18240,73447563.0,4.03,-1.49,-0.6,7.3
57,2017-04-19,39.32,41.0,41.1,39.25,26865,108743605.0,4.67,3.54,1.4,10.75
58,2017-04-20,40.76,40.36,41.4,39.8,20278,82215830.0,3.9,-1.56,-0.64,8.11
59,2017-04-21,40.36,40.0,40.88,39.81,12504,50320329.0,2.65,-0.89,-0.36,5.0
60,2017-04-24,39.6,38.86,40.05,38.5,14844,57993855.0,3.88,-2.85,-1.14,5.94
61,2017-04-25,39.0,39.8,39.96,39.0,14580,57713903.0,2.47,2.42,0.94,5.83
62,2017-04-26,39.2,40.94,41.58,38.8,25956,105002499.0,6.98,2.86,1.14,10.38
63,2017-04-27,40.5,42.26,42.95,40.12,33371,138976581.0,6.91,3.22,1.32,13.35
64,2017-04-28,41.98,42.15,42.69,41.86,18955,80081108.0,1.96,-0.26,-0.11,7.58
65,2017-05-02,42.1,41.36,42.48,40.91,17552,73085032.0,3.72,-1.87,-0.79,7.02
66,2017-05-03,41.89,42.98,44.97,41.8,37309,161201122.0,7.66,3.92,1.62,14.92
67,2017-05-04,42.0,41.8,42.4,41.03,22841,95635390.0,3.19,-2.75,-1.18,9.14
68,2017-05-05,41.6,40.12,41.7,40.0,18440,75732955.0,4.07,-4.02,-1.68,7.38
69,2017-05-08,40.01,39.2,40.67,39.05,13436,53671278.0,4.04,-2.29,-0.92,5.37
70,2017-05-09,38.9,40.52,41.43,38.8,16225,65167163.0,6.71,3.37,1.32,6.49
71,2017-05-10,40.3,39.44,41.23,39.44,15761,63807352.0,4.42,-2.67,-1.08,6.3
72,2017-05-11,39.0,40.42,40.57,38.7,17495,69297781.0,4.74,2.48,0.98,7.0
73,2017-05-12,40.49,41.94,41.94,40.05,26230,107861282.0,4.68,3.76,1.52,10.49
74,2017-05-15,41.78,41.3,42.39,41.06,16192,67238586.0,3.17,-1.53,-0.64,6.48
75,2017-05-16,41.12,43.38,43.45,40.91,29509,124809970.0,6.15,5.04,2.08,11.8
76,2017-05-17,43.13,42.79,43.79,42.35,24503,105176800.0,3.32,-1.36,-0.59,9.8
77,2017-05-18,42.55,42.22,43.3,42.05,15048,64158873.0,2.92,-1.33,-0.57,6.02
78,2017-05-19,42.18,42.22,43.4,41.82,17590,75040076.0,3.74,0.0,0.0,7.04
79,2017-05-22,41.74,38.8,41.99,38.5,25633,102803399.0,8.27,-8.1,-3.42,10.25
80,2017-05-23,39.1,35.39,39.29,35.3,23088,85272630.0,10.28,-8.79,-3.41,9.24
81,2017-05-24,35.1,35.41,35.98,34.01,15449,54239660.0,5.57,0.06,0.02,6.18
82,2017-05-25,35.39,35.41,35.86,33.5,16160,56496169.0,6.66,0.0,0.0,6.46
83,2017-05-26,35.43,35.76,36.37,35.3,12780,45716479.0,3.02,0.99,0.35,5.11
84,2017-05-31,36.89,35.35,37.5,35.17,16992,62508526.0,6.52,-1.15,-0.41,6.8
85,2017-06-01,34.9,32.85,35.17,32.8,13804,47153944.0,6.7,-7.07,-2.5,5.52
86,2017-06-02,32.8,34.0,34.5,32.54,12492,41893076.0,5.97,3.5,1.15,5.0
87,2017-06-05,34.7,34.4,34.93,34.16,9900,34169580.0,2.26,1.18,0.4,3.96
88,2017-06-06,34.02,34.64,34.74,34.0,5979,20575113.0,2.15,0.7,0.24,2.39
89,2017-06-07,34.75,36.02,36.21,34.56,15179,54100531.0,4.76,3.98,1.38,6.07
90,2017-06-08,36.05,36.95,39.62,36.05,26978,101437612.0,9.91,2.58,0.93,10.79
91,2017-06-09,36.85,38.35,38.79,36.53,29206,111119292.0,6.12,3.79,1.4,11.68
92,2017-06-12,37.45,35.84,37.45,35.61,23141,84822872.0,4.8,-6.54,-2.51,9.26
93,2017-06-13,35.46,39.42,39.42,35.46,37492,143832979.0,11.05,9.99,3.58,15.0
94,2017-06-14,40.0,39.51,40.88,39.0,51468,205302141.0,4.77,0.23,0.09,20.59
95,2017-06-15,39.1,40.06,40.5,38.7,34615,137730456.0,4.56,1.39,0.55,13.85
96,2017-06-16,39.7,40.61,42.4,38.88,45453,184235717.0,8.79,1.37,0.55,18.18
97,2017-06-19,40.23,39.85,40.42,39.4,21630,86209783.0,2.51,-1.87,-0.76,8.65
98,2017-06-20,39.83,39.34,40.2,39.21,21701,86176512.0,2.48,-1.28,-0.51,8.68
99,2017-06-21,39.4,38.87,39.67,38.5,14180,55276788.0,2.97,-1.19,-0.47,5.67
100,2017-06-22,39.1,38.04,39.76,37.97,16251,63318031.0,4.61,-2.14,-0.83,6.5
101,2017-06-23,38.35,39.99,40.05,38.0,22717,88479631.0,5.39,5.13,1.95,9.09
102,2017-06-26,40.1,41.71,42.28,39.84,43951,180486742.0,6.1,4.3,1.72,17.58
103,2017-06-27,41.3,41.23,42.07,40.75,31865,131394509.0,3.16,-1.15,-0.48,12.75
104,2017-06-28,40.98,40.55,42.06,40.25,28026,115183476.0,4.39,-1.65,-0.68,11.21
105,2017-06-29,40.78,40.03,41.26,39.81,20814,84137251.0,3.58,-1.28,-0.52,8.33
106,2017-06-30,39.77,41.0,41.01,39.7,21481,86993820.0,3.27,2.42,0.97,8.59
107,2017-07-03,41.09,41.31,41.44,40.45,18456,75524797.0,2.41,0.76,0.31,7.38
108,2017-07-04,41.31,40.97,42.9,40.79,28832,120112242.0,5.11,-0.82,-0.34,11.53
109,2017-07-05,40.8,43.02,43.18,40.15,51414,216021395.0,7.4,5.0,2.05,20.57
110,2017-07-06,42.95,45.72,47.31,42.4,74668,330639536.0,11.41,6.28,2.7,29.87
111,2017-07-07,45.6,50.28,50.28,45.12,84597,402363360.0,11.29,9.97,4.56,33.84
112,2017-07-10,53.11,50.87,54.3,50.41,113536,589894176.0,7.74,1.17,0.59,45.41
113,2017-07-11,51.08,46.01,51.4,45.79,79427,383165584.0,11.03,-9.55,-4.86,31.77
114,2017-07-12,46.28,47.02,47.57,45.92,56463,263770316.0,3.59,2.2,1.01,22.59
115,2017-07-13,47.1,47.02,49.34,45.38,73274,346954496.0,8.42,0.0,0.0,29.31
116,2017-07-14,44.9,45.85,46.56,44.34,45872,208905886.0,4.72,-2.49,-1.17,18.35
117,2017-07-17,45.56,42.08,46.08,41.31,50032,217352895.0,10.4,-8.22,-3.77,20.01
118,2017-07-18,42.5,44.01,44.6,42.5,37978,165664365.0,4.99,4.59,1.93,15.19
119,2017-07-19,43.54,47.11,47.65,43.52,57392,263839446.0,9.38,7.04,3.1,22.96
120,2017-07-20,47.0,47.56,48.61,45.61,57174,269710848.0,6.37,0.96,0.45,22.87
121,2017-07-21,47.1,45.78,47.76,45.72,33110,153680033.0,4.29,-3.74,-1.78,13.24
122,2017-07-24,45.41,45.25,46.75,44.1,27392,123584865.0,5.79,-1.16,-0.53,10.96
123,2017-07-25,45.11,47.3,47.68,45.1,42914,200055127.0,5.7,4.53,2.05,17.17
124,2017-07-26,48.41,46.8,48.99,46.0,42961,202751959.0,6.32,-1.06,-0.5,17.18
125,2017-07-27,45.66,45.56,46.0,44.62,36743,165973616.0,2.95,-2.65,-1.24,14.7
126,2017-07-28,45.21,46.83,47.59,45.17,39307,181683033.0,5.31,2.79,1.27,15.72
127,2017-07-31,46.8,48.61,48.95,46.76,61764,297047952.0,4.68,3.8,1.78,24.71
128,2017-08-01,47.98,47.1,47.98,46.48,39811,186973687.0,3.09,-3.11,-1.51,15.92
129,2017-08-02,47.04,46.94,48.76,45.9,52179,247599964.0,6.07,-0.34,-0.16,20.87
130,2017-08-03,45.9,45.54,46.43,43.92,42000,189601310.0,5.35,-2.98,-1.4,16.8
131,2017-08-04,45.87,45.5,48.55,45.5,47171,221961310.0,6.7,-0.09,-0.04,18.87
132,2017-08-07,44.23,46.14,46.41,44.1,37507,168607692.0,5.08,1.41,0.64,15.0
133,2017-08-08,47.05,45.9,47.89,45.63,41469,194132933.0,4.9,-0.52,-0.24,16.59
134,2017-08-09,45.79,45.8,46.71,44.99,25271,114889267.0,3.75,-0.22,-0.1,10.11
135,2017-08-10,45.7,43.67,45.7,43.54,31492,139293917.0,4.72,-4.65,-2.13,12.6
136,2017-08-11,43.07,40.54,43.07,40.1,25967,108628766.0,6.8,-7.17,-3.13,10.39
137,2017-08-14,40.71,41.67,42.15,40.61,14142,58361368.0,3.8,2.79,1.13,5.66
138,2017-08-15,41.6,41.25,41.6,40.71,13038,53576056.0,2.14,-1.01,-0.42,5.22
139,2017-08-16,41.28,41.92,42.6,40.23,19783,81914768.0,5.75,1.62,0.67,7.91
140,2017-08-17,42.8,41.87,42.8,41.74,15397,64825920.0,2.53,-0.12,-0.05,6.16
141,2017-08-18,41.1,41.08,41.4,40.64,13460,54978631.0,1.82,-1.89,-0.79,5.38
142,2017-08-21,40.81,41.63,41.78,40.81,11186,46119961.0,2.36,1.34,0.55,4.47
143,2017-08-28,45.1,44.1,45.1,43.45,36225,159672610.0,3.96,5.93,2.47,14.49
144,2017-08-29,43.1,47.88,48.5,42.7,87798,415270384.0,13.15,8.57,3.78,35.12
145,2017-08-30,46.1,48.38,48.78,45.11,84801,396901648.0,7.66,1.04,0.5,33.92
146,2017-08-31,48.55,53.21,53.21,47.67,93144,474855168.0,11.45,9.98,4.83,37.26
147,2017-09-01,55.1,56.0,58.52,54.03,126953,716641536.0,8.44,5.24,2.79,50.78
148,2017-09-04,56.3,56.6,57.96,54.79,87225,489681152.0,5.66,1.07,0.6,34.89
149,2017-09-05,56.09,53.43,56.1,52.2,86534,464581552.0,6.89,-5.6,-3.17,34.61
150,2017-09-06,52.77,55.4,57.7,52.45,85041,469668560.0,9.83,3.69,1.97,34.02
151,2017-09-07,56.1,54.6,57.68,54.11,65336,364772384.0,6.44,-1.44,-0.8,26.13
152,2017-09-08,55.4,58.54,59.5,55.27,97070,560735968.0,7.75,7.22,3.94,38.83
153,2017-09-11,57.97,58.0,58.51,55.16,70260,400296960.0,5.72,-0.92,-0.54,28.1
154,2017-09-12,57.37,55.35,60.69,54.94,90882,527373728.0,9.91,-4.57,-2.65,36.35
155,2017-09-13,54.1,54.96,55.66,53.21,44129,239874855.0,4.43,-0.7,-0.39,17.65
156,2017-09-14,55.12,54.15,56.59,53.87,38550,211697359.0,4.95,-1.47,-0.81,15.42
157,2017-09-15,53.51,51.91,54.09,51.31,37186,194362005.0,5.13,-4.14,-2.24,14.87
158,2017-09-18,52.43,55.36,56.05,52.43,60684,330729936.0,6.97,6.65,3.45,24.27
159,2017-09-19,55.07,55.18,56.39,53.8,49448,271608864.0,4.68,-0.33,-0.18,19.78
160,2017-09-20,54.98,60.69,60.69,54.91,74211,432377824.0,10.47,9.99,5.51,29.68
161,2017-09-21,62.01,58.28,63.8,57.91,88608,534559712.0,9.71,-3.97,-2.41,35.44
162,2017-09-22,58.27,57.26,58.96,55.95,60711,348334464.0,5.16,-1.75,-1.02,24.28
163,2017-09-25,56.5,54.31,57.02,53.8,43134,239505572.0,5.62,-5.15,-2.95,17.25
164,2017-09-26,54.45,55.57,56.49,54.4,37966,210481797.0,3.85,2.32,1.26,15.19
165,2017-09-27,56.0,56.41,56.64,54.45,37993,212406981.0,3.94,1.51,0.84,15.2
166,2017-09-28,56.53,54.33,56.8,54.11,38205,211409828.0,4.77,-3.69,-2.08,15.28
167,2017-09-29,54.26,54.09,55.37,53.1,28886,155542999.0,4.18,-0.44,-0.24,11.55
168,2017-10-09,55.08,54.04,55.21,53.55,20723,112016858.0,3.07,-0.09,-0.05,8.29
169,2017-10-10,54.05,53.4,54.24,51.92,26663,140925415.0,4.29,-1.18,-0.64,10.67
170,2017-10-11,53.48,52.37,53.5,51.62,24854,129811016.0,3.52,-1.93,-1.03,9.94
171,2017-10-12,52.1,52.03,52.55,51.2,20987,108611268.0,2.58,-0.65,-0.34,8.39
172,2017-10-13,52.13,53.06,53.37,52.11,23447,124011389.0,2.42,1.98,1.03,9.38
173,2017-10-16,53.09,53.82,54.69,51.6,37228,197701524.0,5.82,1.43,0.76,14.89
174,2017-10-17,53.5,51.98,53.5,51.6,22662,118325430.0,3.53,-3.42,-1.84,9.06
175,2017-10-18,51.64,50.08,52.25,49.96,21853,111256685.0,4.41,-3.66,-1.9,8.74
176,2017-10-19,50.09,49.18,50.47,48.7,14326,70871029.0,3.53,-1.8,-0.9,5.73
177,2017-10-20,49.69,50.9,51.39,49.18,20083,101246334.0,4.49,3.5,1.72,8.03
178,2017-10-23,50.1,49.39,50.1,49.2,17675,87387286.0,1.77,-2.97,-1.51,7.07
179,2017-10-24,49.39,50.12,50.6,49.33,17481,87445904.0,2.57,1.48,0.73,6.99
180,2017-10-25,49.92,50.3,50.49,49.1,14719,73187690.0,2.77,0.36,0.18,5.89
181,2017-10-26,50.26,51.73,52.66,49.98,27461,141350621.0,5.33,2.84,1.43,10.98
182,2017-10-27,51.3,50.22,51.67,50.12,17806,90132205.0,3.0,-2.92,-1.51,7.12
183,2017-10-30,50.01,47.15,50.01,47.11,19043,91432375.0,5.77,-6.11,-3.07,7.62
184,2017-10-31,47.8,47.96,48.35,47.4,11879,56887632.0,2.01,1.72,0.81,4.75
185,2017-11-01,48.68,48.9,49.97,48.4,16966,83620077.0,3.27,1.96,0.94,6.79
186,2017-11-02,48.6,47.98,49.15,47.4,16340,78551553.0,3.58,-1.88,-0.92,6.54
187,2017-11-03,47.9,47.48,48.67,47.23,11939,56941284.0,3.0,-1.04,-0.5,4.78
188,2017-11-06,47.95,48.4,48.6,47.4,13766,65930914.0,2.53,1.94,0.92,5.51
189,2017-11-07,48.38,48.5,48.71,47.53,15032,72119221.0,2.44,0.21,0.1,6.01
190,2017-11-08,48.16,48.88,49.49,47.84,19439,94511699.0,3.4,0.78,0.38,7.78
191,2017-11-09,48.88,51.45,52.3,48.78,40499,206867228.0,7.2,5.26,2.57,16.2
192,2017-11-10,50.52,51.19,51.35,50.11,24779,125507412.0,2.41,-0.51,-0.26,9.91
193,2017-11-13,50.6,53.35,53.86,50.13,40784,212417528.0,7.29,4.22,2.16,16.31
194,2017-11-14,52.95,52.25,54.25,52.06,31056,164396853.0,4.1,-2.06,-1.1,12.42
195,2017-11-15,52.0,50.91,52.0,50.3,21268,108537273.0,3.25,-2.56,-1.34,8.51
196,2017-11-16,51.4,52.3,52.87,50.77,29914,155054581.0,4.12,2.73,1.39,11.97
197,2017-11-17,52.12,47.17,52.29,47.08,36350,177452687.0,9.96,-9.81,-5.13,14.54
198,2017-11-20,47.17,47.49,47.79,43.6,22979,106119964.0,8.88,0.68,0.32,9.19
199,2017-11-21,47.09,45.51,48.0,44.61,20404,93753897.0,7.14,-4.17,-1.98,8.16
200,2017-11-22,45.51,44.24,45.87,44.0,16807,75087435.0,4.11,-2.79,-1.27,6.72
201,2017-11-23,43.71,44.05,46.0,43.6,19973,89881992.0,5.42,-0.43,-0.19,7.99
202,2017-11-24,44.04,45.02,46.09,43.65,18668,83254151.0,5.54,2.2,0.97,7.47
203,2017-11-27,44.6,43.64,45.6,43.53,14497,64487616.0,4.6,-3.07,-1.38,5.8
204,2017-11-28,42.98,44.58,45.02,42.98,16787,73794934.0,4.67,2.15,0.94,6.71
205,2017-11-29,44.68,45.85,46.71,44.48,27451,125244964.0,5.0,2.85,1.27,10.98
206,2017-11-30,45.6,44.35,45.6,44.11,17016,76103312.0,3.25,-3.27,-1.5,6.81
207,2017-12-01,44.18,44.38,44.72,44.1,11247,49779452.0,1.4,0.07,0.03,4.5
208,2017-12-04,44.41,40.99,44.53,40.66,21114,89407114.0,8.72,-7.64,-3.39,8.45
209,2017-12-05,40.89,38.4,40.95,37.6,18852,73661586.0,8.17,-6.32,-2.59,7.54
210,2017-12-06,38.2,39.29,39.59,38.11,11899,46022444.0,3.85,2.32,0.89,4.76
211,2017-12-07,39.28,39.29,39.73,39.11,7893,31039309.0,1.58,0.0,0.0,3.16
212,2017-12-08,38.94,40.08,40.4,38.94,9430,37613569.0,3.72,2.01,0.79,3.77
213,2017-12-11,39.9,40.55,40.99,39.61,10349,41555928.0,3.44,1.17,0.47,4.14
214,2017-12-12,40.5,40.42,41.4,40.1,13418,54620466.0,3.21,-0.32,-0.13,5.37
215,2017-12-13,39.9,40.03,40.37,39.15,11354,44923632.0,3.02,-0.96,-0.39,4.54
216,2017-12-14,39.8,39.74,40.37,39.47,7784,30890917.0,2.25,-0.72,-0.29,3.11
217,2017-12-15,39.66,39.56,39.96,39.2,6619,26147836.0,1.91,-0.45,-0.18,2.65
218,2017-12-18,39.24,40.44,40.8,39.24,9747,38771948.0,3.94,2.22,0.88,3.9
219,2017-12-19,40.32,40.04,40.56,39.92,6530,26126563.0,1.58,-0.99,-0.4,2.61
220,2017-12-20,39.98,38.95,40.2,38.44,8794,34325128.0,4.4,-2.72,-1.09,3.52
221,2017-12-21,38.52,38.92,39.27,38.3,6761,26200832.0,2.49,-0.08,-0.03,2.7
222,2017-12-22,38.55,39.02,39.92,38.55,8202,32163070.0,3.52,0.26,0.1,3.28
223,2017-12-25,39.12,39.01,39.6,38.7,6174,24105845.0,2.31,-0.03,-0.01,2.47
224,2017-12-26,38.98,39.91,39.99,38.1,13230,52029992.0,4.84,2.31,0.9,5.29
225,2017-12-27,39.68,41.36,43.89,39.68,24341,102077502.0,10.55,3.63,1.45,9.74
226,2017-12-28,40.59,43.97,44.67,40.35,37594,161343708.0,10.44,6.31,2.61,15.04
227,2017-12-29,43.77,43.93,44.04,42.2,27544,118823390.0,4.18,-0.09,-0.04,11.02
228,2018-01-02,43.3,43.71,44.02,42.98,17070,74265926.0,2.37,-0.5,-0.22,6.83
229,2018-01-03,43.48,44.01,45.75,43.26,20823,92837374.0,5.7,0.69,0.3,8.33
230,2018-01-04,43.38,44.56,44.92,43.1,17274,76020369.0,4.14,1.25,0.55,6.91
231,2018-01-05,44.48,43.67,44.79,43.6,12052,53336488.0,2.67,-2.0,-0.89,4.82
232,2018-01-08,43.52,43.9,44.63,43.23,12454,54702691.0,3.21,0.53,0.23,4.98
233,2018-01-09,43.71,44.03,44.72,43.61,10766,47514179.0,2.53,0.3,0.13,4.31
234,2018-01-10,43.62,42.1,44.08,41.98,13281,56617811.0,4.77,-4.38,-1.93,5.31
235,2018-01-11,42.51,46.3,46.3,42.51,25026,114183110.0,9.0,9.98,4.2,10.01
236,2018-01-12,46.3,45.42,47.65,45.1,42087,195484862.0,5.51,-1.9,-0.88,16.83
237,2018-01-15,45.23,44.09,45.79,43.3,22285,98641976.0,5.48,-2.93,-1.33,8.91
238,2018-01-16,44.34,43.7,44.52,42.94,21943,95536231.0,3.58,-0.88,-0.39,8.78
239,2018-01-17,43.15,41.69,43.67,41.11,20015,83682198.0,5.86,-4.6,-2.01,8.01
240,2018-01-18,41.1,41.51,42.4,41.1,10983,45705489.0,3.12,-0.43,-0.18,4.39
241,2018-01-19,41.3,41.55,42.32,41.1,8707,36199416.0,2.94,0.1,0.04,2.06
242,2018-01-22,41.54,42.43,42.43,40.68,11860,49302705.0,4.21,2.12,0.88,2.81
243,2018-01-23,42.68,44.36,46.0,41.93,24624,107985180.0,9.59,4.55,1.93,5.83
244,2018-01-24,43.43,43.91,43.98,42.93,13241,57632387.0,2.37,-1.01,-0.45,3.13
245,2018-01-25,43.82,44.02,45.65,43.68,17979,80006420.0,4.49,0.25,0.11,4.26
246,2018-01-26,43.37,42.91,43.58,42.63,10847,46626244.0,2.16,-2.52,-1.11,2.57
247,2018-01-29,43.1,42.89,43.57,41.84,9397,40185180.0,4.03,-0.05,-0.02,2.22
248,2018-01-30,42.8,41.97,42.95,41.84,9011,37977219.0,2.59,-2.15,-0.92,2.13
249,2018-01-31,41.25,40.16,41.73,38.95,14059,56563472.0,6.62,-4.31,-1.81,3.33
250,2018-02-01,40.74,39.23,40.78,38.72,6879,27259199.0,5.13,-2.32,-0.93,1.63
251,2018-02-02,38.71,40.28,40.74,37.6,7888,31077293.0,8.0,2.68,1.05,1.87
252,2018-02-05,44.0,42.3,44.0,42.16,23091,98753799.0,4.57,5.01,2.02,5.47
253,2018-02-06,38.1,40.39,41.88,38.1,16615,66968460.0,8.94,-4.52,-1.91,3.93
254,2018-02-07,42.1,42.1,44.06,41.25,26261,111658622.0,6.96,4.23,1.71,6.22
255,2018-02-08,40.62,42.24,43.24,40.61,21537,90468828.0,6.25,0.33,0.14,5.1
256,2018-02-09,40.5,39.5,41.99,38.9,18002,72249306.0,7.32,-6.49,-2.74,4.26
257,2018-02-12,39.96,40.9,41.38,39.6,19745,80096349.0,4.51,3.54,1.4,4.67
258,2018-02-13,41.3,40.11,42.39,39.92,20866,85496009.0,6.04,-1.93,-0.79,4.94
259,2018-02-14,39.83,39.83,40.46,39.6,9638,38366913.0,2.14,-0.7,-0.28,2.28
260,2018-02-22,40.3,41.99,42.8,39.97,24480,101804629.0,7.11,5.42,2.16,5.79
261,2018-02-23,42.74,42.69,42.98,41.82,26122,110379534.0,2.76,1.67,0.7,6.18
262,2018-02-26,43.18,43.6,44.29,42.26,31202,134757728.0,4.76,2.13,0.91,7.39
263,2018-02-27,42.09,42.37,42.68,41.61,33085,139091324.0,2.45,-2.82,-1.23,7.83
264,2018-02-28,42.3,43.4,44.39,41.83,31941,137240387.0,6.04,2.43,1.03,7.56
265,2018-03-01,42.63,43.21,43.71,42.1,20718,88849055.0,3.71,-0.44,-0.19,4.9
266,2018-03-02,42.6,42.78,43.95,42.32,25484,110103124.0,3.77,-1.0,-0.43,6.03
267,2018-03-05,42.65,43.25,43.87,42.65,18300,79044020.0,2.85,1.1,0.47,4.33
268,2018-03-06,43.21,44.7,45.3,43.21,39994,176529872.0,4.83,3.35,1.45,9.47
269,2018-03-07,44.12,44.12,45.0,43.65,29829,131826031.0,3.02,-1.3,-0.58,7.06
270,2018-03-08,43.71,44.06,44.52,43.53,21641,94978211.0,2.24,-0.14,-0.06,5.12
271,2018-03-09,44.0,44.31,44.49,43.68,20934,92119015.0,1.84,0.57,0.25,4.95
272,2018-03-12,44.34,45.39,45.76,44.34,36240,163482232.0,3.2,2.44,1.08,8.58
273,2018-03-13,45.0,43.65,45.2,43.62,29619,130924070.0,3.48,-3.83,-1.74,7.01
274,2018-03-14,43.9,43.48,44.78,43.31,21280,93840457.0,3.37,-0.39,-0.17,5.04
275,2018-03-15,43.0,41.79,43.4,40.3,22880,95988165.0,7.13,-3.89,-1.69,5.42
276,2018-03-16,41.7,41.44,42.22,41.38,10696,44549197.0,2.01,-0.84,-0.35,2.53
277,2018-03-19,41.22,41.85,42.06,40.63,9706,40236521.0,3.45,0.99,0.41,2.3
278,2018-03-20,41.49,41.63,41.8,41.12,7968,32945577.0,1.62,-0.53,-0.22,1.89
279,2018-03-21,41.65,43.04,43.28,41.65,23958,101301292.0,3.92,3.39,1.41,5.67
280,2018-03-22,42.49,42.15,43.03,42.08,18818,79841441.0,2.21,-2.07,-0.89,4.45
281,2018-03-23,40.4,39.71,41.55,38.35,17735,71294260.0,7.59,-5.79,-2.44,4.2
282,2018-03-26,38.64,40.53,40.57,38.64,9502,37941939.0,4.86,2.06,0.82,2.25
283,2018-03-27,41.1,41.33,41.98,40.6,9849,40554744.0,3.4,1.97,0.8,2.33
284,2018-03-28,40.9,40.75,41.35,40.72,7698,31442468.0,1.52,-1.4,-0.58,1.82
285,2018-03-29,40.88,41.35,41.76,40.88,9887,40777962.0,2.16,1.47,0.6,2.34
286,2018-03-30,41.2,41.72,42.06,41.2,10054,41808784.0,2.08,0.89,0.37,2.38
287,2018-04-02,41.81,41.24,41.99,41.1,12658,52402769.0,2.13,-1.15,-0.48,3.0
288,2018-04-03,40.49,41.3,42.0,40.11,13399,54704067.0,4.58,0.15,0.06,3.17
289,2018-04-04,41.33,40.54,41.6,40.48,9058,37026219.0,2.71,-1.84,-0.76,2.14
290,2018-04-09,40.22,40.74,41.09,39.95,10471,42510279.0,2.81,0.49,0.2,2.48
291,2018-04-10,40.5,41.15,41.6,40.5,10648,43661449.0,2.7,1.01,0.41,2.52
292,2018-04-11,41.35,42.2,42.27,41.35,24991,104445539.0,2.24,2.55,1.05,5.92
293,2018-04-12,42.2,41.24,42.2,41.1,13252,54910157.0,2.61,-2.27,-0.96,3.14
294,2018-04-13,41.66,41.34,41.93,41.17,8831,36582463.0,1.84,0.24,0.1,2.09
295,2018-04-16,41.11,40.35,41.98,40.11,11734,47841581.0,4.52,-2.39,-0.99,2.78
296,2018-04-17,40.6,39.26,40.6,39.02,14109,55825500.0,3.92,-2.7,-1.09,3.34
297,2018-04-18,39.62,39.15,39.8,38.41,11789,45819599.0,3.54,-0.28,-0.11,2.79
298,2018-04-19,39.3,40.03,40.09,39.3,14486,57512274.0,2.02,2.25,0.88,3.43
299,2018-04-20,39.5,38.36,39.56,38.31,12795,49560355.0,3.12,-4.17,-1.67,3.03
300,2018-04-23,38.5,39.05,39.24,38.36,7817,30337204.0,2.29,1.8,0.69,1.85
301,2018-04-24,39.23,39.72,39.78,39.01,9958,39231364.0,1.97,1.72,0.67,2.36
302,2018-04-25,39.37,39.58,39.7,39.1,7951,31240626.0,1.51,-0.35,-0.14,1.88
303,2018-04-26,40.12,39.2,40.37,39.1,9477,37713486.0,3.21,-0.96,-0.38,2.24
304,2018-04-27,39.35,39.53,39.84,39.25,5740,22686331.0,1.51,0.84,0.33,1.36
305,2018-05-02,39.85,40.02,40.08,39.6,7502,29852468.0,1.21,1.24,0.49,1.78
306,2018-05-03,39.7,40.01,40.09,39.1,8292,32811886.0,2.47,-0.02,-0.01,1.96
307,2018-05-04,40.01,40.32,40.48,39.61,9225,37083070.0,2.17,0.77,0.31,2.18
308,2018-05-07,41.05,40.72,41.05,40.16,9509,38539173.0,2.21,0.99,0.4,2.25
309,2018-05-08,40.75,40.73,41.0,40.46,8135,33001100.0,1.33,0.02,0.01,1.93
310,2018-05-09,40.8,40.53,40.8,40.32,6274,25348885.0,1.18,-0.49,-0.2,1.48
311,2018-05-10,40.75,41.13,41.65,40.5,16054,66056349.0,2.84,1.48,0.6,3.8
312,2018-05-11,41.0,41.71,42.08,41.0,21426,89094204.0,2.63,1.41,0.58,5.07
313,2018-05-14,41.4,40.78,41.43,40.61,13600,55593457.0,1.97,-2.23,-0.93,3.22
314,2018-05-15,40.78,41.04,41.26,40.69,8350,34136752.0,1.4,0.64,0.26,1.98
315,2018-05-16,40.83,40.61,41.2,40.53,7783,31739454.0,1.63,-1.05,-0.43,1.84
316,2018-05-17,40.64,41.16,41.48,40.58,12904,52801461.0,2.22,1.35,0.55,3.05
317,2018-05-18,41.4,41.18,41.56,40.63,9528,39096284.0,2.26,0.05,0.02,2.26
318,2018-05-21,41.23,42.01,42.05,41.11,20990,87404166.0,2.28,2.02,0.83,4.97
319,2018-05-22,41.9,42.07,42.08,41.42,15341,63898385.0,1.57,0.14,0.06,3.63
320,2018-05-23,41.61,41.12,41.8,41.0,14140,58383828.0,1.9,-2.26,-0.95,3.35
321,2018-05-24,41.13,40.34,41.15,39.74,21079,49567287.0,3.43,-1.9,-0.78,2.93
322,2018-05-25,40.06,40.22,40.81,39.59,15621,36500751.0,3.02,-0.3,-0.12,2.17
323,2018-05-28,40.22,40.73,40.9,39.49,20873,49093376.0,3.51,1.27,0.51,2.91
324,2018-05-29,40.39,40.03,41.08,39.96,11195,26425514.0,2.75,-1.72,-0.7,1.56
325,2018-05-30,39.42,38.96,40.18,38.55,23298,53610414.0,4.07,-2.67,-1.07,3.24
326,2018-05-31,39.35,39.35,40.25,39.06,9895,22748523.0,3.05,1.0,0.39,1.38
327,2018-06-01,39.37,39.21,40.39,38.74,15861,36641784.0,4.19,-0.36,-0.14,2.21
328,2018-06-04,39.2,39.09,39.64,38.21,13889,31608345.0,3.65,-0.31,-0.12,1.93
329,2018-06-05,38.99,39.37,39.55,38.74,8712,19958831.0,2.07,0.72,0.28,1.21
330,2018-06-06,39.67,39.81,40.39,39.23,15290,35580391.0,2.95,1.12,0.44,2.13
331,2018-06-07,40.22,39.15,40.42,38.91,11775,27250943.0,3.79,-1.66,-0.66,1.64
332,2018-06-08,39.35,38.35,39.35,38.21,10136,22842339.0,2.91,-2.04,-0.8,1.41
333,2018-06-11,38.18,37.24,38.19,37.02,12313,26879923.0,3.05,-2.89,-1.11,1.71
334,2018-06-12,37.26,37.53,37.79,37.07,8309,18162106.0,1.93,0.78,0.29,1.16
335,2018-06-13,37.41,36.17,37.72,35.75,13905,29738284.0,5.25,-3.62,-1.36,1.94
336,2018-06-14,35.81,36.09,37.0,35.81,7706,16339582.0,3.29,-0.22,-0.08,1.07
337,2018-06-15,36.19,35.29,36.66,35.29,9017,18822596.0,3.8,-2.22,-0.8,1.26
338,2018-06-19,34.95,33.26,34.96,32.09,18473,35452330.0,8.13,-5.75,-2.03,2.57
339,2018-06-20,32.6,33.16,33.42,32.4,11080,21330008.0,3.07,-0.3,-0.1,1.54
340,2018-06-21,33.16,32.43,35.15,32.43,13187,25887572.0,8.2,-2.2,-0.73,1.84
341,2018-06-22,31.6,32.48,32.91,31.58,8380,15793357.0,4.1,0.15,0.05,1.17
342,2018-06-25,32.58,32.82,33.21,32.58,7722,14825709.0,1.94,1.05,0.34,1.08
343,2018-06-26,32.62,33.5,34.28,31.75,11072,21496791.0,7.71,2.07,0.68,1.54
344,2018-06-27,33.28,33.16,34.25,32.91,6100,11863673.0,4.0,-1.01,-0.34,0.85
345,2018-06-28,33.16,32.58,33.43,32.48,5394,10363290.0,2.86,-1.75,-0.58,0.75
346,2018-06-29,32.58,33.42,33.43,32.31,9905,19045134.0,3.44,2.58,0.84,1.38
347,2018-07-02,33.28,32.52,33.42,32.26,7415,14238895.0,3.47,-2.69,-0.9,1.03
348,2018-07-03,32.43,32.92,33.03,32.09,8757,16684508.0,2.89,1.23,0.4,1.22
349,2018-07-04,32.92,32.67,33.21,32.46,7445,14260480.0,2.28,-0.76,-0.25,1.04
350,2018-07-05,31.75,31.21,32.52,30.93,11717,21652904.0,4.87,-4.47,-1.46,1.63
351,2018-07-06,31.33,31.27,31.84,30.58,10095,18348783.0,4.04,0.19,0.06,1.41
352,2018-07-09,31.19,32.18,32.18,31.19,6882,12796358.0,3.17,2.91,0.91,0.96
353,2018-07-10,32.21,33.43,34.98,31.94,18862,36825952.0,9.45,3.88,1.25,2.63
354,2018-07-11,32.63,32.55,32.86,31.95,11933,22540331.0,2.72,-2.63,-0.88,1.66
355,2018-07-12,32.26,32.99,33.35,32.04,11473,21978675.0,4.02,1.35,0.44,1.6
356,2018-07-13,33.45,33.5,34.05,32.65,14329,27829643.0,4.24,1.55,0.51,1.99
357,2018-07-16,33.37,36.82,36.82,32.75,65380,137758378.0,12.15,9.91,3.32,9.1
358,2018-07-17,36.19,35.66,37.12,35.66,54632,115490878.0,3.97,-3.15,-1.16,7.61
359,2018-07-18,35.75,34.62,35.95,34.44,37841,76958047.0,4.23,-2.92,-1.04,5.27
360,2018-07-19,34.54,34.74,35.01,34.1,21071,42390043.0,2.63,0.35,0.12,2.93
361,2018-07-20,34.62,34.71,35.05,34.16,16080,32469381.0,2.56,-0.09,-0.03,2.24
362,2018-07-23,34.74,35.22,35.41,34.3,16670,34016423.0,3.2,1.47,0.51,2.32
363,2018-07-24,35.15,35.66,36.92,34.98,26730,56007281.0,5.51,1.25,0.44,3.72
364,2018-07-25,35.15,35.25,35.86,34.98,16022,33092177.0,2.47,-1.15,-0.41,2.23
365,2018-07-26,35.12,34.47,35.42,34.47,14454,29227359.0,2.7,-2.21,-0.78,2.01
366,2018-07-27,34.64,34.81,35.73,34.32,15887,32568551.0,4.09,0.99,0.34,2.21
367,2018-07-30,34.57,34.4,35.41,34.3,11614,23537534.0,3.19,-1.18,-0.41,1.62
368,2018-07-31,34.76,35.18,36.34,34.05,17075,34998862.0,6.66,2.27,0.78,2.38
369,2018-08-01,35.07,34.39,35.49,34.32,10400,21135749.0,3.33,-2.25,-0.79,1.45
370,2018-08-02,34.23,32.77,34.71,32.09,14159,27610095.0,7.62,-4.71,-1.62,1.97
371,2018-08-03,32.77,33.09,34.08,32.6,11640,22602084.0,4.52,0.98,0.32,1.62
372,2018-08-06,33.47,32.92,33.47,32.43,8791,16901070.0,3.14,-0.51,-0.17,1.22
373,2018-08-07,32.92,33.59,33.88,32.65,8422,16387530.0,3.74,2.04,0.67,1.17
374,2018-08-08,33.72,33.76,33.96,32.94,9490,18481996.0,3.04,0.51,0.17,1.32
375,2018-08-09,33.76,34.5,34.95,33.55,14539,29316361.0,4.15,2.19,0.74,2.02
376,2018-08-10,34.5,34.49,34.54,33.98,6306,12628742.0,1.62,-0.03,-0.01,0.88
377,2018-08-13,33.96,34.23,34.49,33.62,5247,10403006.0,2.52,-0.75,-0.26,0.73
378,2018-08-14,34.27,34.5,35.1,33.77,7937,15916025.0,3.89,0.79,0.27,1.11
379,2018-08-15,34.56,33.48,35.07,33.48,5821,11669821.0,4.61,-2.96,-1.02,0.81
380,2018-08-16,32.79,32.6,33.08,31.24,7397,13980478.0,5.5,-2.63,-0.88,1.03
381,2018-08-17,32.63,31.85,33.06,31.85,4368,8270384.0,3.71,-2.3,-0.75,0.61
382,2018-08-20,32.24,32.26,32.41,31.6,3143,5850711.0,2.54,1.29,0.41,0.44
383,2018-08-21,32.26,32.53,32.62,32.14,3474,6569116.0,1.49,0.84,0.27,0.48
384,2018-08-22,32.26,32.29,32.91,32.12,3315,6269534.0,2.43,-0.74,-0.24,0.46
385,2018-08-23,31.77,32.4,32.6,31.77,3857,7253447.0,2.57,0.34,0.11,0.54
386,2018-08-24,32.4,32.19,33.03,31.65,3839,7286278.0,4.26,-0.65,-0.21,0.53
387,2018-08-27,32.19,32.7,33.03,32.04,6704,12749681.0,3.08,1.58,0.51,0.93
388,2018-08-28,33.01,33.11,33.62,32.65,10389,20064099.0,2.97,1.25,0.41,1.45
389,2018-08-29,33.33,32.72,33.33,32.65,5707,10907758.0,2.05,-1.18,-0.39,0.79
390,2018-08-30,32.84,31.97,32.84,31.97,7306,13790468.0,2.66,-2.29,-0.75,1.02
391,2018-08-31,31.68,31.58,32.24,31.58,3966,7374126.0,2.06,-1.22,-0.39,0.55
392,2018-09-03,32.12,31.44,32.14,31.16,5560,10208841.0,3.1,-0.44,-0.14,0.77
393,2018-09-04,31.5,31.58,31.75,31.29,6106,11213624.0,1.46,0.45,0.14,0.85
394,2018-09-05,31.51,30.9,31.7,30.9,6681,12164733.0,2.53,-2.15,-0.68,0.93
395,2018-09-06,30.9,30.88,31.19,30.02,9230,16507163.0,3.79,-0.06,-0.02,1.29
396,2018-09-07,30.7,30.53,31.14,30.46,6658,11913962.0,2.2,-1.13,-0.35,0.93
397,2018-09-10,30.78,29.73,30.78,29.51,6951,12127056.0,4.16,-2.62,-0.8,0.97
398,2018-09-11,29.73,29.4,30.03,29.03,11391,19504312.0,3.36,-1.11,-0.33,1.59
399,2018-09-12,29.47,29.2,29.61,29.18,5796,9900977.0,1.46,-0.68,-0.2,0.81
400,2018-09-13,29.3,28.44,29.42,27.67,11750,19543481.0,5.99,-2.6,-0.76,1.64
401,2018-09-14,28.49,28.78,29.17,28.16,7884,13189132.0,3.55,1.2,0.34,1.1
402,2018-09-17,28.1,27.43,28.37,27.21,8402,13508444.0,4.03,-4.69,-1.35,1.17
403,2018-09-18,27.5,27.99,28.18,27.47,5749,9311014.0,2.59,2.04,0.56,0.8
404,2018-09-19,29.2,30.39,30.76,29.2,44689,79180369.0,5.57,8.57,2.4,6.22
405,2018-09-20,29.37,29.34,30.19,29.03,28606,49227789.0,3.82,-3.46,-1.05,3.98
406,2018-09-21,29.2,29.83,30.68,29.0,26240,45399207.0,5.73,1.67,0.49,3.65
407,2018-09-25,29.64,29.29,29.66,29.0,11479,19593182.0,2.21,-1.81,-0.54,1.6
408,2018-09-26,29.37,29.13,29.44,29.03,10678,18168919.0,1.4,-0.55,-0.16,1.49
409,2018-09-27,29.18,28.83,29.54,28.83,12645,21570104.0,2.44,-1.03,-0.3,1.76
410,2018-09-28,28.86,29.34,29.52,28.86,10435,17809787.0,2.29,1.77,0.51,1.45
411,2018-10-08,28.91,27.65,29.15,27.26,12911,21027203.0,6.44,-5.76,-1.69,1.8
412,2018-10-09,27.72,28.67,28.86,27.72,10505,17366930.0,4.12,3.69,1.02,1.46
413,2018-10-10,28.84,29.0,30.03,28.37,10301,17509909.0,5.79,1.15,0.33,1.43
414,2018-10-11,27.72,26.82,28.18,26.48,15707,24923305.0,5.86,-7.52,-2.18,2.19
415,2018-10-12,26.31,26.67,27.19,25.6,8580,13197084.0,5.93,-0.56,-0.15,1.19
416,2018-10-15,26.89,26.23,27.06,26.14,4881,7542635.0,3.45,-1.65,-0.44,0.68
417,2018-10-16,26.23,25.63,26.77,25.58,6472,9822612.0,4.54,-2.29,-0.6,0.9
418,2018-10-17,25.89,26.48,26.6,25.24,8290,12584509.0,5.31,3.32,0.85,1.15
419,2018-10-18,26.23,25.48,26.23,25.46,6027,9037500.0,2.91,-3.78,-1.0,0.84
420,2018-10-19,25.22,25.77,25.89,24.3,7253,10723248.0,6.24,1.14,0.29,1.01
421,2018-10-22,25.97,26.82,27.16,25.87,11017,17100358.0,5.01,4.07,1.05,1.53
422,2018-10-23,26.94,27.36,27.81,26.4,15444,24254005.0,5.26,2.01,0.54,2.15
423,2018-10-24,27.36,26.84,27.45,26.57,13401,20919099.0,3.22,-1.9,-0.52,1.87
424,2018-10-25,26.11,26.24,26.33,25.12,9906,14937605.0,4.51,-2.24,-0.6,1.38
425,2018-10-26,26.31,26.48,27.33,26.31,11787,18317231.0,3.89,0.91,0.24,1.64
426,2018-10-29,26.14,25.72,26.62,25.68,6875,10435261.0,3.55,-2.87,-0.76,0.96
427,2018-10-30,25.72,26.4,26.62,25.46,9349,14239412.0,4.51,2.64,0.68,1.3
428,2018-10-31,26.45,29.01,29.01,26.45,29572,48362541.0,9.7,9.89,2.61,4.12
429,2018-11-01,28.74,28.81,30.22,28.3,47792,80731020.0,6.62,-0.69,-0.2,6.65
430,2018-11-02,28.64,29.71,31.09,28.64,43536,74446824.0,8.5,3.12,0.9,6.06
431,2018-11-05,29.22,29.47,29.88,28.98,24970,42662053.0,3.03,-0.81,-0.24,3.48
432,2018-11-06,29.18,29.81,30.05,28.91,26335,45491950.0,3.87,1.15,0.34,3.67
433,2018-11-07,30.12,30.71,32.77,30.12,52446,95843785.0,8.89,3.02,0.9,7.3
434,2018-11-08,30.15,29.85,30.85,29.76,25570,45159081.0,3.55,-2.8,-0.86,3.56
435,2018-11-09,29.71,29.76,30.82,29.71,20027,35346955.0,3.72,-0.3,-0.09,2.79
436,2018-11-12,29.74,30.36,30.63,29.3,18921,33169608.0,4.47,2.02,0.6,2.63
437,2018-11-13,30.05,30.54,30.61,29.8,22838,40263599.0,2.67,0.59,0.18,3.18
438,2018-11-14,30.92,30.53,31.16,30.08,20226,35936272.0,3.54,-0.03,-0.01,2.82
439,2018-11-15,30.41,31.02,31.04,30.17,21129,37757016.0,2.85,1.6,0.49,2.94
440,2018-11-16,31.38,30.53,31.38,30.44,21568,38679175.0,3.03,-1.58,-0.49,3.0
441,2018-11-19,30.36,30.7,30.85,29.9,17375,30750699.0,3.11,0.56,0.17,2.42
442,2018-11-20,30.46,30.32,31.24,29.91,23161,41220548.0,4.33,-1.24,-0.38,3.22
443,2018-11-21,29.51,30.14,30.27,29.51,17135,29831514.0,2.51,-0.59,-0.18,2.39
444,2018-11-22,30.19,30.83,31.1,30.17,26060,46737801.0,3.09,2.29,0.69,3.63
445,2018-11-23,30.75,29.22,30.87,29.03,19711,34178559.0,5.97,-5.22,-1.61,2.74
446,2018-11-26,28.88,28.72,29.52,28.15,11415,19118092.0,4.69,-1.71,-0.5,1.59
447,2018-11-27,28.78,29.12,29.46,28.78,10593,17978767.0,2.37,1.39,0.4,1.47
448,2018-11-28,29.22,29.61,29.64,28.79,8402,14351099.0,2.92,1.68,0.49,1.17
449,2018-11-29,29.97,29.08,30.44,28.86,13293,23029257.0,5.34,-1.79,-0.53,1.85
450,2018-11-30,28.72,29.51,29.85,28.72,8528,14525064.0,3.89,1.48,0.43,1.19
451,2018-12-03,30.03,30.88,31.04,30.03,16534,29507314.0,3.42,4.64,1.37,2.3
452,2018-12-04,30.88,30.85,31.09,30.44,11476,20603998.0,2.1,-0.1,-0.03,1.6
453,2018-12-05,30.44,31.43,32.92,30.08,31554,58231492.0,9.21,1.88,0.58,4.39
454,2018-12-06,31.43,30.56,31.87,30.39,21267,38456896.0,4.71,-2.77,-0.87,2.96
455,2018-12-07,30.88,30.82,31.7,30.66,13695,24887110.0,3.4,0.85,0.26,1.91
456,2018-12-10,30.49,30.05,31.24,30.05,9822,17384566.0,3.86,-2.5,-0.77,1.37
457,2018-12-11,30.19,30.54,30.7,30.19,8147,14452152.0,1.7,1.63,0.49,1.13
458,2018-12-12,30.59,30.68,31.56,30.54,11464,20668141.0,3.34,0.46,0.14,1.6
459,2018-12-13,30.59,29.73,30.59,29.34,17315,30060711.0,4.07,-3.1,-0.95,2.41
460,2018-12-14,29.73,29.1,29.95,29.0,10191,17495574.0,3.2,-2.12,-0.63,1.42
461,2018-12-17,29.15,28.61,29.15,28.4,9518,15858972.0,2.58,-1.68,-0.49,1.33
462,2018-12-18,28.59,27.82,28.86,27.5,15036,24471700.0,4.75,-2.76,-0.79,2.09
463,2018-12-19,28.01,27.33,28.06,27.14,11511,18341338.0,3.31,-1.76,-0.49,1.6
464,2018-12-20,27.31,27.19,27.62,26.85,8206,13026706.0,2.82,-0.51,-0.14,1.14
465,2018-12-21,27.19,27.42,27.5,26.91,8067,12815255.0,2.17,0.85,0.23,1.12
466,2018-12-24,27.42,27.57,27.69,27.31,8970,14342104.0,1.39,0.55,0.15,1.25
467,2018-12-25,27.14,26.84,27.14,25.97,10928,16906065.0,4.24,-2.65,-0.73,1.52
468,2018-12-26,26.8,26.36,27.11,26.36,12671,19634832.0,2.79,-1.79,-0.48,1.76
469,2018-12-27,26.79,25.97,26.96,25.89,10522,16263368.0,4.06,-1.48,-0.39,1.46
470,2018-12-28,25.95,25.99,26.4,25.63,9889,14925316.0,2.96,0.08,0.02,1.38
471,2019-01-02,26.0,26.09,26.41,25.99,9220,14032539.0,1.62,0.38,0.1,1.28
472,2019-01-03,26.36,26.31,26.63,25.95,10374,15886674.0,2.61,0.84,0.22,1.44
473,2019-01-04,26.14,27.19,27.21,25.85,15723,24332015.0,5.17,3.34,0.88,2.19
474,2019-01-07,27.26,27.87,28.59,26.89,20223,32525034.0,6.25,2.5,0.68,2.82
475,2019-01-08,27.67,27.21,27.67,27.16,12622,20097998.0,1.83,-2.37,-0.66,1.76
476,2019-01-09,27.13,27.16,27.7,27.09,10713,17081784.0,2.24,-0.18,-0.05,1.49
477,2019-01-10,27.16,26.99,27.35,26.79,9314,14666116.0,2.06,-0.63,-0.17,1.3
478,2019-01-11,26.94,27.45,27.5,26.94,10266,16275065.0,2.07,1.7,0.46,1.43
479,2019-01-14,27.43,27.33,27.98,27.21,11099,17759142.0,2.81,-0.44,-0.12,1.55
480,2019-01-15,27.52,27.82,27.87,27.43,11866,19115226.0,1.61,1.79,0.49,1.65
481,2019-01-16,27.59,27.52,27.82,27.42,7634,12249933.0,1.44,-1.08,-0.3,1.06
482,2019-01-17,27.72,27.28,27.89,27.23,11738,18829188.0,2.4,-0.87,-0.24,1.63
483,2019-01-18,27.42,28.49,29.52,27.33,33777,56149271.0,8.03,4.44,1.21,4.7
484,2019-01-21,28.4,28.2,28.4,28.01,18360,30078027.0,1.37,-1.02,-0.29,2.56
485,2019-01-22,28.21,27.74,28.3,27.6,11675,18906420.0,2.48,-1.63,-0.46,1.63
486,2019-01-23,27.6,27.74,27.93,27.42,9571,15400612.0,1.84,0.0,0.0,1.33
487,2019-01-24,27.74,27.59,27.93,27.59,8479,13678737.0,1.23,-0.54,-0.15,1.18
488,2019-01-25,27.59,27.5,27.76,27.38,8175,13112766.0,1.38,-0.33,-0.09,1.14
489,2019-01-28,27.55,27.48,27.89,27.36,7329,11788682.0,1.93,-0.07,-0.02,1.02
490,2019-01-29,27.42,26.84,27.65,25.85,10754,16832233.0,6.55,-2.33,-0.64,1.5
491,2019-01-30,26.82,26.65,27.21,26.46,6808,10650609.0,2.79,-0.71,-0.19,0.95
492,2019-01-31,26.48,26.65,27.11,26.48,7557,11761575.0,2.36,0.0,0.0,1.05
493,2019-02-01,26.96,27.14,27.28,26.53,9043,14150671.0,2.81,1.84,0.49,1.26
494,2019-02-11,27.16,27.86,28.01,27.09,13201,21270989.0,3.39,2.65,0.72,1.84
495,2019-02-12,27.98,27.96,28.01,27.64,11671,18930548.0,1.33,0.36,0.1,1.62
496,2019-02-13,27.99,28.54,28.86,27.89,16566,27376883.0,3.47,2.07,0.58,2.31
497,2019-02-14,28.27,28.49,28.76,28.21,11509,19040716.0,1.93,-0.18,-0.05,1.6
498,2019-02-15,28.49,28.55,28.79,28.35,10850,18047280.0,1.54,0.21,0.06,1.51
499,2019-02-18,28.64,29.18,29.35,28.62,17798,30042833.0,2.56,2.21,0.63,2.48
500,2019-02-19,29.23,29.98,29.98,28.79,31190,53525219.0,4.08,2.74,0.8,4.34
501,2019-02-20,29.98,29.81,30.7,29.34,30922,54145496.0,4.54,-0.57,-0.17,4.31
502,2019-02-21,29.66,29.52,30.05,29.39,23644,40868125.0,2.21,-0.97,-0.29,3.29
503,2019-02-22,29.37,29.8,29.83,29.17,18643,32072211.0,2.24,0.95,0.28,2.6
504,2019-02-25,29.78,31.41,31.87,29.71,43378,77957504.0,7.25,5.4,1.61,6.04
505,2019-02-26,31.36,31.72,33.94,30.85,63455,119314120.0,9.84,0.99,0.31,8.83
506,2019-02-27,34.86,34.86,34.86,34.86,52764,107268276.0,0.0,9.9,3.14,7.35
507,2019-02-28,34.86,33.38,34.86,33.06,94588,186372813.0,5.16,-4.25,-1.48,13.17
508,2019-03-01,33.31,34.28,34.76,33.16,65098,129345582.0,4.79,2.7,0.9,9.06
509,2019-03-04,34.13,35.92,36.68,33.93,95210,194506993.0,8.02,4.78,1.64,13.26
510,2019-03-05,35.15,35.76,35.98,35.01,55662,115353581.0,2.7,-0.45,-0.16,7.75
511,2019-03-06,35.95,35.76,36.49,35.07,56805,118254537.0,3.97,0.0,0.0,7.91
512,2019-03-07,35.3,36.53,38.21,34.45,88875,188905762.0,10.51,2.15,0.77,12.37
513,2019-03-08,35.15,33.13,35.75,33.13,56861,115884623.0,7.17,-9.31,-3.4,7.92
514,2019-03-11,33.67,34.91,35.05,33.64,37334,74867879.0,4.26,5.37,1.78,5.2
515,2019-03-12,35.15,34.95,35.78,34.49,44105,90574779.0,3.7,0.11,0.04,6.14
516,2019-03-13,35.34,34.81,36.61,34.57,59885,124840924.0,5.84,-0.4,-0.14,8.34
517,2019-03-14,34.61,34.69,36.09,34.05,51339,105392225.0,5.86,-0.34,-0.12,7.15
518,2019-03-15,34.66,34.81,35.71,33.84,32872,66816035.0,5.39,0.35,0.12,4.58
519,2019-03-18,35.32,35.92,36.34,35.24,46898,97676198.0,3.16,3.19,1.11,6.53
520,2019-03-19,35.9,36.83,36.85,35.32,58936,124162811.0,4.26,2.53,0.91,8.21
521,2019-03-20,36.85,35.83,36.97,35.32,48331,101551777.0,4.48,-2.72,-1.0,6.73
522,2019-03-21,36.1,35.98,36.46,35.59,48150,101399664.0,2.43,0.42,0.15,6.7
523,2019-03-22,36.09,36.51,36.65,35.22,48114,101070771.0,3.97,1.47,0.53,6.7
524,2019-03-25,35.66,36.9,38.35,35.35,58557,126635639.0,8.22,1.07,0.39,8.15
525,2019-03-26,36.92,35.46,36.95,35.34,39862,83699806.0,4.36,-3.9,-1.44,5.55
526,2019-03-27,35.68,35.15,36.0,34.47,26466,54040436.0,4.31,-0.87,-0.31,3.68
527,2019-03-28,35.18,34.44,35.35,34.3,27999,56701887.0,2.99,-2.02,-0.71,3.9
528,2019-03-29,34.39,35.75,35.76,34.3,31370,64322068.0,4.24,3.8,1.31,4.37
529,2019-04-01,36.03,37.04,37.5,35.35,59131,127064065.0,6.01,3.61,1.29,8.23
530,2019-04-02,37.19,38.96,39.79,36.37,97611,215454359.0,9.23,5.18,1.92,13.59
531,2019-04-03,38.04,38.11,38.52,37.62,58040,128769949.0,2.31,-2.18,-0.85,8.08
532,2019-04-04,38.58,38.11,38.77,37.73,39511,88001089.0,2.73,0.0,0.0,5.5
533,2019-04-08,37.7,37.38,38.01,36.7,55961,121715973.0,3.44,-1.92,-0.73,7.79
534,2019-04-09,37.19,37.07,37.19,36.51,31003,66595428.0,1.82,-0.83,-0.31,4.32
535,2019-04-10,36.94,37.11,37.36,36.48,25645,55093710.0,2.37,0.11,0.04,3.57
536,2019-04-11,37.11,35.37,37.16,35.15,34245,72008655.0,5.42,-4.69,-1.74,4.77
537,2019-04-12,35.76,35.44,35.78,35.17,14091,29097539.0,1.72,0.2,0.07,1.96
538,2019-04-15,35.98,34.67,36.07,34.62,21162,43884670.0,4.09,-2.17,-0.77,2.95
539,2019-04-16,34.47,35.83,35.86,34.3,30202,62328864.0,4.5,3.35,1.16,4.2
540,2019-04-17,35.63,35.66,35.95,35.41,21597,44915696.0,1.51,-0.47,-0.17,3.01
541,2019-04-18,35.83,34.91,35.9,34.81,18061,37243264.0,3.06,-2.1,-0.75,2.51
542,2019-04-19,34.78,35.34,35.37,34.56,15215,31181908.0,2.32,1.23,0.43,2.12
543,2019-04-22,35.35,34.22,35.47,34.22,19985,40505759.0,3.54,-3.17,-1.12,2.78
544,2019-04-23,34.25,34.52,34.78,33.71,17343,34768005.0,3.13,0.88,0.3,2.41
545,2019-04-24,34.45,34.18,34.78,33.82,19150,38253115.0,2.78,-0.98,-0.34,2.67
546,2019-04-25,34.16,32.6,34.28,32.52,27056,52715408.0,5.15,-4.62,-1.58,3.77
547,2019-04-26,32.52,32.26,32.89,32.14,12614,23942317.0,2.3,-1.04,-0.34,1.76
548,2019-04-29,32.35,31.24,32.53,30.73,17801,32668162.0,5.58,-3.16,-1.02,2.48
549,2019-04-30,31.38,31.27,31.73,31.0,16334,29887148.0,2.34,0.1,0.03,2.27
550,2019-05-06,30.34,28.62,30.34,28.21,25717,43596485.0,6.81,-8.47,-2.65,3.58
551,2019-05-07,28.69,29.13,29.29,28.62,14543,24530884.0,2.34,1.78,0.51,2.02
552,2019-05-08,28.52,29.52,29.78,28.27,14611,24927715.0,5.18,1.34,0.39,2.03
553,2019-05-09,29.22,29.76,30.25,29.22,13231,22941811.0,3.49,0.81,0.24,1.84
554,2019-05-10,30.36,30.44,30.68,29.1,21338,37462079.0,5.31,2.28,0.68,2.97
555,2019-05-13,30.31,30.17,30.53,29.88,10463,18440744.0,2.14,-0.89,-0.27,1.46
556,2019-05-14,29.83,30.34,30.68,29.59,11638,20588822.0,3.61,0.56,0.17,1.62
557,2019-05-15,30.41,30.82,30.92,30.41,12284,21974768.0,1.68,1.58,0.48,1.71
558,2019-05-16,30.73,32.8,33.88,30.65,44295,84169848.0,10.48,6.42,1.98,6.17
559,2019-05-17,32.35,30.49,32.43,30.31,34017,62249802.0,6.46,-7.04,-2.31,4.74
560,2019-05-20,30.05,30.9,31.39,28.67,21781,38351281.0,8.92,1.34,0.41,3.03
561,2019-05-21,30.63,32.6,33.43,30.31,42217,79058808.0,10.1,5.5,1.7,5.88
562,2019-05-22,32.18,31.87,32.84,31.78,28613,53692859.0,3.25,-2.24,-0.73,3.98
563,2019-05-23,31.75,31.77,32.86,31.41,23299,43599995.0,4.55,-0.31,-0.1,3.24
564,2019-05-24,31.39,31.56,32.43,31.05,15279,28407967.0,4.34,-0.66,-0.21,2.13
565,2019-05-27,31.48,33.59,33.88,31.48,40081,76630803.0,7.6,6.43,2.03,5.58
566,2019-05-28,34.88,34.16,36.0,34.03,83602,170260300.0,5.86,1.7,0.57,11.64
567,2019-05-29,34.64,35.9,36.29,34.3,108641,224907091.0,5.83,5.09,1.74,15.13
568,2019-05-30,35.25,39.45,39.45,34.9,177944,390026176.0,12.67,9.89,3.55,24.77
569,2019-05-31,38.38,40.15,43.36,37.63,239026,572634736.0,14.52,1.77,0.7,33.28
570,2019-06-03,38.04,36.17,39.54,36.17,146609,322658560.0,8.39,-9.91,-3.98,20.41
571,2019-06-04,36.0,34.2,36.77,33.2,107895,218483841.0,9.87,-5.45,-1.97,15.02
572,2019-06-05,35.08,34.3,35.61,34.23,78279,159458323.0,4.04,0.29,0.1,10.9
573,2019-06-06,34.1,35.25,36.14,34.1,85755,177063081.0,5.95,2.77,0.95,11.94
574,2019-06-10,35.78,38.75,38.75,34.3,81655,174784409.0,12.62,9.93,3.5,11.37
575,2019-06-11,41.54,42.6,42.6,41.54,150000,230628695.0,2.74,9.94,3.85,13.05
576,2019-06-12,46.82,46.82,46.82,46.82,219002,373179904.0,0.0,9.91,4.22,19.06
577,2019-06-13,51.44,44.45,51.44,43.75,585827,1035401136.0,16.42,-5.06,-2.37,50.98
578,2019-06-14,42.49,48.86,48.86,41.22,515774,849642736.0,17.19,9.92,4.41,44.88
579,2019-06-17,49.43,50.52,53.7,49.35,706131,1349807728.0,8.9,3.4,1.66,61.45
580,2019-06-18,46.66,48.4,50.33,45.51,575711,979928912.0,9.54,-4.2,-2.12,50.1
581,2019-06-19,47.01,49.65,51.88,47.01,561906,1009722576.0,10.06,2.58,1.25,48.9
582,2019-06-20,47.5,54.57,54.57,46.38,573628,1044947040.0,16.5,9.91,4.92,49.92
583,2019-06-21,52.2,52.07,56.75,51.88,609134,1196473632.0,8.92,-4.58,-2.5,53.01
584,2019-06-24,50.65,50.33,53.65,49.7,403052,755654416.0,7.59,-3.34,-1.74,35.07
585,2019-06-25,49.7,48.15,49.7,46.47,326367,568304096.0,6.42,-4.33,-2.18,28.4
586,2019-06-26,47.39,46.44,47.99,45.79,219773,374090960.0,4.57,-3.55,-1.71,19.12
587,2019-06-27,46.36,46.03,47.12,45.79,174957,295242720.0,2.86,-0.88,-0.41,15.22
588,2019-06-28,46.14,47.55,48.07,45.65,274003,469336496.0,5.26,3.3,1.52,23.84
589,2019-07-01,45.89,46.55,46.95,44.45,222750,370872432.0,5.26,-2.1,-1.0,19.38
590,2019-07-02,46.03,46.17,46.98,45.51,153436,257732480.0,3.16,-0.82,-0.38,13.35
591,2019-07-03,46.38,44.04,46.6,43.5,180532,295063968.0,6.71,-4.61,-2.13,15.71
592,2019-07-04,43.85,43.99,44.67,42.96,130535,207357177.0,3.88,-0.11,-0.05,11.36
593,2019-07-05,43.85,43.2,43.96,42.93,96740,152241688.0,2.34,-1.8,-0.79,8.42
594,2019-07-08,43.2,40.97,43.23,39.37,141576,211667183.0,8.94,-5.16,-2.23,12.32
595,2019-07-09,41.46,41.24,42.06,40.75,89526,134668817.0,3.2,0.66,0.27,7.79
596,2019-07-10,41.08,40.07,41.54,39.69,88506,130331431.0,4.49,-2.84,-1.17,7.7
597,2019-07-11,40.89,40.48,41.62,40.21,107536,159950034.0,3.52,1.02,0.41,9.36
598,2019-07-12,40.75,40.05,40.97,39.64,70347,102539166.0,3.29,-1.06,-0.43,6.12
599,2019-07-15,40.78,40.73,41.27,40.18,93466,138290970.0,2.72,1.7,0.68,8.13
600,2019-07-16,40.89,40.94,41.16,40.56,70770,105231173.0,1.47,0.52,0.21,6.16
601,2019-07-17,40.75,40.94,41.54,40.18,77513,115153213.0,3.32,0.0,0.0,6.74
602,2019-07-18,41.3,41.19,42.58,41.05,131991,199997294.0,3.74,0.61,0.25,11.49
603,2019-07-19,40.45,40.15,41.05,40.13,85722,126377417.0,2.23,-2.52,-1.04,7.46
604,2019-07-22,39.83,36.21,39.83,36.18,128857,173813189.0,9.09,-9.81,-3.94,11.21
605,2019-07-23,36.02,37.73,37.84,36.02,118713,160388796.0,5.03,4.2,1.52,10.33
606,2019-07-24,38.6,38.63,39.56,38.47,107974,152644358.0,2.89,2.39,0.9,9.4
607,2019-07-25,39.64,38.52,39.8,38.31,82842,117157993.0,3.86,-0.28,-0.11,7.21
608,2019-07-26,38.85,37.98,39.07,37.82,67047,93225591.0,3.25,-1.4,-0.54,5.83
609,2019-07-29,38.41,37.84,38.69,37.33,57401,79066583.0,3.58,-0.37,-0.14,4.99
610,2019-07-30,37.92,37.38,38.11,37.24,61928,84653644.0,2.3,-1.22,-0.46,5.39
611,2019-07-31,37.57,37.0,37.65,36.78,59552,80140790.0,2.33,-1.02,-0.38,5.18
612,2019-08-01,36.81,37.0,37.43,36.51,69969,93864721.0,2.49,0.0,0.0,6.09
613,2019-08-02,37.95,39.01,39.56,37.38,209538,292388944.0,5.89,5.43,2.01,18.23
614,2019-08-05,38.71,37.73,38.9,37.73,143199,198345144.0,3.0,-3.28,-1.28,12.46
615,2019-08-06,36.95,39.37,40.92,36.1,221193,313480384.0,12.77,4.35,1.64,19.25
616,2019-08-07,39.12,43.26,43.26,39.12,291061,434784944.0,10.52,9.88,3.89,25.33
617,2019-08-08,43.99,41.49,44.4,41.32,291896,448088880.0,7.12,-4.09,-1.77,25.4
618,2019-08-09,41.27,41.65,43.2,40.94,209559,320865440.0,5.45,0.39,0.16,18.24
619,2019-08-12,40.07,40.89,41.08,39.69,160674,235354093.0,3.34,-1.82,-0.76,13.98
620,2019-08-13,40.45,42.3,42.82,40.37,228833,350423648.0,5.99,3.45,1.41,19.91
621,2019-08-14,41.27,42.55,43.17,40.51,212208,324842608.0,6.29,0.59,0.25,18.47
622,2019-08-15,41.54,41.98,43.45,41.22,171007,262567418.0,5.24,-1.34,-0.57,14.88
623,2019-08-16,42.41,43.85,44.34,42.0,291924,459973424.0,5.57,4.45,1.87,25.4
624,2019-08-19,43.23,44.59,44.7,42.71,245490,389165712.0,4.54,1.69,0.74,21.36
625,2019-08-20,43.99,43.61,44.83,43.47,203503,325398832.0,3.05,-2.2,-0.98,17.71
626,2019-08-21,43.17,41.71,43.17,41.3,175505,268971360.0,4.29,-4.36,-1.9,15.27
627,2019-08-22,41.49,42.03,42.17,41.0,99811,151039290.0,2.81,0.77,0.32,8.69
628,2019-08-23,42.17,42.28,43.42,41.54,137078,212496855.0,4.47,0.59,0.25,11.93
629,2019-08-26,41.95,41.43,43.23,41.35,112300,171721647.0,4.45,-2.01,-0.85,9.77
630,2019-08-27,41.08,41.51,41.71,40.51,106932,159621206.0,2.9,0.19,0.08,9.3
631,2019-08-28,41.27,40.59,41.41,40.56,80446,119377327.0,2.05,-2.22,-0.92,7.0
632,2019-08-29,40.45,39.8,40.81,39.72,84977,123656365.0,2.69,-1.95,-0.79,7.39
633,2019-08-30,39.61,39.94,40.43,38.55,128298,183236085.0,4.72,0.35,0.14,11.16
634,2019-09-02,39.94,40.7,40.97,39.64,108490,159150587.0,3.33,1.9,0.76,9.44
635,2019-09-03,40.35,40.48,41.08,40.26,80696,119184063.0,2.01,-0.54,-0.22,7.02
636,2019-09-04,40.48,40.75,41.38,40.18,91204,135141009.0,2.96,0.67,0.27,7.94
637,2019-09-05,40.59,41.13,41.68,40.59,129851,194475414.0,2.67,0.93,0.38,11.3
638,2019-09-06,41.13,40.94,41.95,40.62,83171,124692792.0,3.23,-0.46,-0.19,7.24
639,2019-09-09,41.24,41.32,41.51,40.73,83086,123838268.0,1.91,0.93,0.38,7.23
640,2019-09-10,41.13,42.55,43.85,40.94,162215,251285969.0,7.04,2.98,1.23,14.12
641,2019-09-11,42.3,44.21,44.53,42.3,216958,343844048.0,5.24,3.9,1.66,18.88
642,2019-09-12,44.56,43.96,47.28,43.61,235004,387093648.0,8.3,-0.57,-0.25,20.45
643,2019-09-16,44.1,44.15,45.84,43.61,143676,232992909.0,5.07,0.43,0.19,12.5
644,2019-09-17,44.53,45.3,46.36,42.49,249912,405685424.0,8.77,2.6,1.15,21.75
645,2019-09-18,46.03,46.06,47.72,45.08,281912,475391072.0,5.83,1.68,0.76,24.53
646,2019-09-19,45.76,46.41,47.2,43.53,210254,346833152.0,7.97,0.76,0.35,18.3
647,2019-09-20,45.76,44.43,45.95,44.32,149493,243937584.0,3.51,-4.27,-1.98,13.01
648,2019-09-23,44.26,43.45,44.26,43.07,78913,124971182.0,2.68,-2.21,-0.98,6.87
649,2019-09-24,43.45,44.53,44.72,42.58,118966,189032179.0,4.93,2.49,1.08,10.35
650,2019-09-25,44.1,45.59,46.08,43.45,199313,325690016.0,5.91,2.38,1.06,17.34
651,2019-09-26,45.11,43.8,45.76,43.72,137042,222164849.0,4.47,-3.93,-1.79,11.93
652,2019-09-27,43.45,45.11,45.3,42.9,133263,215928394.0,5.48,2.99,1.31,11.6
653,2019-09-30,44.51,42.0,44.64,41.6,118090,186491993.0,6.74,-6.89,-3.11,10.28
654,2019-10-08,42.0,40.7,42.22,39.94,91329,135074950.0,5.43,-3.1,-1.3,7.95
655,2019-10-09,40.67,41.71,41.81,39.99,72079,107934332.0,4.47,2.48,1.01,6.27
656,2019-10-10,41.62,41.51,41.95,41.08,71341,107608085.0,2.09,-0.48,-0.2,6.21
657,2019-10-11,41.38,41.22,41.65,40.48,69061,103335784.0,2.82,-0.7,-0.29,6.01
658,2019-10-14,41.49,41.3,41.79,41.05,75688,113776765.0,1.8,0.19,0.08,6.59
659,2019-10-15,40.07,40.51,41.9,39.64,110986,164362089.0,5.47,-1.91,-0.79,9.66
660,2019-10-16,39.91,38.09,40.4,37.49,147494,208036035.0,7.18,-5.97,-2.42,12.83
661,2019-10-17,38.11,37.41,38.28,37.22,59094,80561254.0,2.78,-1.79,-0.68,5.14
662,2019-10-18,37.33,36.65,37.68,36.4,53754,72131880.0,3.42,-2.03,-0.76,4.68
663,2019-10-21,36.37,36.16,36.78,35.37,45688,59549683.0,3.85,-1.34,-0.49,3.98
664,2019-10-22,36.13,36.51,36.7,35.97,35681,47026692.0,2.02,0.97,0.35,3.1
665,2019-10-23,36.51,36.86,37.57,36.51,49436,66542550.0,2.9,0.96,0.35,4.3
666,2019-10-24,37.14,36.56,37.27,36.27,28279,37627803.0,2.71,-0.81,-0.3,2.46
667,2019-10-25,36.56,36.43,36.78,35.99,31497,41607555.0,2.16,-0.36,-0.13,2.74
668,2019-10-28,36.32,36.86,36.92,35.61,39685,52509245.0,3.6,1.18,0.43,3.45
669,2019-10-29,37.14,35.94,37.14,35.83,39348,51803299.0,3.55,-2.5,-0.92,3.42
670,2019-10-30,35.78,34.03,35.78,33.57,78713,97622370.0,6.15,-5.31,-1.91,6.85
671,2019-10-31,34.17,32.87,34.17,32.73,49989,60452889.0,4.23,-3.41,-1.16,4.35
672,2019-11-01,32.62,34.2,34.42,32.62,63093,77692326.0,5.48,4.05,1.33,5.49
673,2019-11-04,34.03,34.09,34.39,33.68,34773,42901140.0,2.08,-0.32,-0.11,3.03
674,2019-11-05,33.93,33.95,34.88,33.41,43763,54265260.0,4.31,-0.41,-0.14,3.81
675,2019-11-06,33.63,33.65,34.55,33.6,38046,46988112.0,2.8,-0.88,-0.3,3.31
676,2019-11-07,33.65,33.95,34.2,33.33,32335,39679699.0,2.59,0.89,0.3,2.81
677,2019-11-08,34.2,33.35,34.2,33.33,34764,42413762.0,2.56,-1.77,-0.6,3.03
678,2019-11-11,33.84,32.78,33.84,32.73,30840,37037493.0,3.33,-1.71,-0.57,2.68
679,2019-11-12,32.57,32.84,32.97,31.89,32083,37701816.0,3.29,0.18,0.06,2.79
680,2019-11-13,33.03,32.19,33.08,32.02,28149,33078071.0,3.23,-1.98,-0.65,2.45
681,2019-11-14,32.1,32.21,32.51,31.91,23882,27832592.0,1.86,0.06,0.02,2.08
682,2019-11-15,32.35,32.27,33.03,32.05,40568,47973868.0,3.04,0.19,0.06,3.53
683,2019-11-18,32.16,31.67,32.16,31.21,29500,33744937.0,2.94,-1.86,-0.6,2.57
684,2019-11-19,31.7,32.46,32.7,31.56,32047,37445791.0,3.6,2.49,0.79,2.79
685,2019-11-20,32.51,33.14,33.55,32.1,52299,62178749.0,4.47,2.09,0.68,4.55
686,2019-11-21,32.76,32.24,33.06,32.13,34574,40643315.0,2.81,-2.72,-0.9,3.01
687,2019-11-22,32.29,31.94,32.65,31.7,24865,28974882.0,2.95,-0.93,-0.3,2.16
688,2019-11-25,31.91,32.21,32.4,31.51,33118,38482363.0,2.79,0.85,0.27,2.88
689,2019-11-26,32.29,31.86,32.29,31.4,23118,26723731.0,2.76,-1.09,-0.35,2.01
690,2019-11-27,32.16,32.35,33.27,31.97,44674,52722975.0,4.08,1.54,0.49,3.89
691,2019-11-28,31.89,31.61,32.32,30.72,35075,40275150.0,4.95,-2.29,-0.74,3.05
692,2019-11-29,31.59,30.88,31.59,30.72,29047,32573794.0,2.75,-2.31,-0.73,2.53
693,2019-12-02,30.88,30.28,31.1,30.25,24042,26699324.0,2.75,-1.94,-0.6,2.09
694,2019-12-03,30.42,30.88,30.88,30.31,26845,29804182.0,1.88,1.98,0.6,2.34
695,2019-12-04,30.88,31.78,32.1,30.66,53633,61212127.0,4.66,2.91,0.9,4.67
696,2019-12-05,31.83,32.05,32.1,31.51,37625,43422693.0,1.86,0.85,0.27,3.27
697,2019-12-06,32.19,32.29,32.46,31.75,32389,37771363.0,2.22,0.75,0.24,2.82
698,2019-12-09,32.21,32.19,32.51,32.02,26988,31551132.0,1.52,-0.31,-0.1,2.35
699,2019-12-10,32.43,32.19,32.65,31.94,33160,38764234.0,2.21,0.0,0.0,2.89
700,2019-12-11,32.16,31.64,32.19,31.59,36011,41457703.0,1.86,-1.71,-0.55,3.13
701,2019-12-12,31.72,31.48,31.86,31.37,24814,28409935.0,1.55,-0.51,-0.16,2.16
702,2019-12-13,31.64,31.64,31.78,31.4,21247,24305358.0,1.21,0.51,0.16,1.85
703,2019-12-16,31.7,32.05,32.05,31.42,30399,34942354.0,1.99,1.3,0.41,2.65
704,2019-12-17,31.97,33.3,33.33,31.94,85834,102127801.0,4.34,3.9,1.25,7.47
705,2019-12-18,33.25,32.76,33.35,32.73,62152,74492624.0,1.86,-1.62,-0.54,5.41
706,2019-12-19,32.81,33.35,33.93,32.7,67116,81304878.0,3.75,1.8,0.59,5.84
707,2019-12-20,33.33,33.35,33.84,33.16,45877,55654565.0,2.04,0.0,0.0,3.99
708,2019-12-23,33.11,32.65,33.33,32.48,43904,52390053.0,2.55,-2.1,-0.7,3.82
709,2019-12-24,32.57,34.03,34.39,32.57,84771,103859175.0,5.57,4.23,1.38,7.38
710,2019-12-25,33.98,33.79,34.09,33.55,43625,53327393.0,1.59,-0.71,-0.24,3.8
711,2019-12-26,33.82,34.82,35.07,33.46,130605,163598795.0,4.76,3.05,1.03,11.36
712,2019-12-27,34.8,35.75,37.3,34.36,178477,232591245.0,8.44,2.67,0.93,15.53
713,2019-12-30,36.1,36.48,37.11,35.56,133247,176449106.0,4.34,2.04,0.73,11.59
714,2019-12-31,36.35,35.34,36.35,34.91,102273,131585450.0,3.95,-3.13,-1.14,8.9
715,2020-01-02,35.61,36.37,36.86,35.12,107118,139051713.0,4.92,2.91,1.03,9.32
716,2020-01-03,36.07,35.56,36.35,35.5,71687,93226656.0,2.34,-2.23,-0.81,6.24
717,2020-01-06,35.29,35.53,36.07,35.1,71775,92648462.0,2.73,-0.08,-0.03,6.25
718,2020-01-07,35.5,35.34,35.75,35.01,64298,82342190.0,2.08,-0.53,-0.19,5.6
719,2020-01-08,35.31,34.28,35.37,34.12,67544,84848328.0,3.54,-3.0,-1.06,5.88
720,2020-01-09,34.28,34.61,35.12,34.2,39961,50187806.0,2.68,0.96,0.33,3.48
721,2020-01-10,34.71,34.01,34.77,33.71,38912,48188663.0,3.06,-1.73,-0.6,3.39
722,2020-01-13,34.2,34.23,34.36,33.74,29044,35906505.0,1.82,0.65,0.22,2.53
723,2020-01-14,34.42,35.31,35.56,34.36,92487,118042074.0,3.51,3.16,1.08,8.05
724,2020-01-15,35.37,34.23,35.37,33.84,61442,76798128.0,4.33,-3.06,-1.08,5.35
725,2020-01-16,34.23,33.16,34.23,32.97,53877,65545719.0,3.68,-3.13,-1.07,4.69
726,2020-01-17,33.25,32.59,33.46,32.57,37250,44343130.0,2.68,-1.72,-0.57,3.24
727,2020-01-20,32.59,32.95,33.3,32.43,24197,28904228.0,2.67,1.1,0.36,1.04
728,2020-01-21,33.19,31.99,33.33,31.89,32678,38244371.0,4.37,-2.91,-0.96,1.4
729,2020-01-22,32.1,32.32,32.43,31.48,24076,27929284.0,2.97,1.03,0.33,1.03
730,2020-01-23,31.97,31.56,32.65,31.29,31262,36218123.0,4.21,-2.35,-0.76,1.34
731,2020-02-03,28.46,28.46,28.46,28.46,6104,6281016.0,0.0,-9.82,-3.1,0.26
732,2020-02-04,25.66,26.64,27.32,25.66,69551,66539675.0,5.83,-6.39,-1.82,2.98
733,2020-02-05,26.85,27.21,27.91,26.66,45601,44999275.0,4.69,2.14,0.57,1.96
734,2020-02-06,27.32,27.23,27.4,26.85,50008,49025292.0,2.02,0.07,0.02,2.15
735,2020-02-07,27.23,27.21,27.34,26.85,37822,37002306.0,1.8,-0.07,-0.02,1.62
736,2020-02-10,26.99,29.87,29.87,26.88,101006,105987941.0,10.99,9.78,2.66,4.33
737,2020-02-11,29.22,29.19,30.01,28.38,70992,75307759.0,5.46,-2.28,-0.68,3.05
738,2020-02-12,29.6,30.25,30.85,29.06,74800,81498440.0,6.13,3.63,1.06,3.21
739,2020-02-13,30.36,29.98,30.74,29.66,61398,67260500.0,3.57,-0.89,-0.27,2.63
740,2020-02-14,30.12,30.25,30.77,29.79,52658,57707572.0,3.27,0.9,0.27,2.26
741,2020-02-17,30.25,30.96,31.15,29.98,68158,75594546.0,3.87,2.35,0.71,2.92
742,2020-02-18,30.99,31.15,31.91,30.66,79229,89321958.0,4.04,0.61,0.19,3.4
743,2020-02-19,30.66,30.25,31.18,30.2,73052,80735179.0,3.15,-2.89,-0.9,3.13
744,2020-02-20,30.55,30.85,30.88,30.04,47509,52401813.0,2.78,1.98,0.6,2.03
745,2020-02-21,31.04,31.07,31.37,30.72,57455,64523660.0,2.11,0.71,0.22,2.45
746,2020-02-24,30.66,30.66,30.93,30.12,55039,60719321.0,2.61,-1.32,-0.41,2.35
747,2020-02-25,29.98,30.01,30.23,28.95,74207,79826795.0,4.17,-2.12,-0.65,3.17
748,2020-02-26,29.52,29.71,31.02,29.52,65470,72152542.0,5.0,-1.0,-0.3,2.8
749,2020-02-27,29.98,29.71,30.25,29.3,40741,43791391.0,3.2,0.0,0.0,1.74
750,2020-02-28,28.92,27.51,29.57,27.51,73755,75355656.0,6.93,-7.4,-2.2,3.15
751,2020-03-02,27.56,28.3,28.59,27.56,44648,45638803.0,3.74,2.87,0.79,1.91
752,2020-03-03,28.57,28.92,29.55,28.51,49714,52375456.0,3.67,2.19,0.62,2.12
753,2020-03-04,28.81,29.25,29.3,28.59,37377,39100466.0,2.46,1.14,0.33,1.6
754,2020-03-05,29.57,30.28,30.5,29.36,73775,80003038.0,3.9,3.52,1.03,3.15
755,2020-03-06,30.17,30.25,30.72,29.74,60979,66816675.0,3.24,-0.1,-0.03,2.61
756,2020-03-09,29.76,29.0,30.15,28.89,53415,57015988.0,4.17,-4.13,-1.25,2.28
757,2020-03-10,29.36,29.55,30.36,28.27,52221,55090344.0,7.21,1.9,0.55,2.23
758,2020-03-11,29.63,29.6,30.28,29.52,57914,62645218.0,2.57,0.17,0.05,2.47
759,2020-03-12,29.17,28.54,29.33,28.46,46094,47939609.0,2.94,-3.58,-1.06,1.97
760,2020-03-13,26.75,27.75,28.05,26.75,57277,56460874.0,4.56,-2.77,-0.79,2.45
761,2020-03-16,28.19,27.02,28.76,26.94,48908,49389842.0,6.56,-2.63,-0.73,2.09
762,2020-03-17,27.02,26.45,27.34,25.66,49064,46705324.0,6.22,-2.11,-0.57,2.1
763,2020-03-18,26.58,25.82,26.91,25.77,47630,45224551.0,4.31,-2.38,-0.63,2.04
764,2020-03-19,25.71,25.63,25.98,25.14,35872,33013281.0,3.25,-0.74,-0.19,1.53
765,2020-03-20,25.85,26.15,26.28,25.55,29017,27120751.0,2.85,2.03,0.52,1.24
766,2020-03-23,25.41,25.09,25.68,25.0,27764,25389930.0,2.6,-4.05,-1.06,1.19
767,2020-03-24,25.77,25.74,25.77,25.14,28937,26677956.0,2.51,2.59,0.65,1.24
768,2020-03-25,26.17,26.96,27.26,26.04,55365,53175352.0,4.74,4.74,1.22,2.37
769,2020-03-26,26.72,26.99,27.4,26.45,38417,37344541.0,3.52,0.11,0.03,1.64
770,2020-03-27,27.15,26.36,27.29,26.31,23275,22527959.0,3.63,-2.33,-0.63,0.99
771,2020-03-30,26.31,25.58,26.31,25.44,25782,23901184.0,3.3,-2.96,-0.78,1.1
772,2020-03-31,25.9,26.28,26.83,25.49,36223,34248763.0,5.24,2.74,0.7,1.55
773,2020-04-01,26.15,25.98,26.55,25.82,23626,22284941.0,2.78,-1.14,-0.3,1.01
774,2020-04-02,25.77,26.15,26.31,25.55,22661,21217628.0,2.93,0.65,0.17,0.97
775,2020-04-03,26.15,26.01,26.5,25.9,25252,23892674.0,2.29,-0.54,-0.14,1.08
776,2020-04-07,26.45,26.83,26.96,26.39,37437,36165500.0,2.19,3.15,0.82,1.6
777,2020-04-08,26.72,27.18,27.34,26.58,39554,38706130.0,2.83,1.3,0.35,1.69
778,2020-04-09,27.37,27.72,28.08,27.1,50400,50351490.0,3.61,1.99,0.54,2.15
779,2020-04-10,28.19,26.96,28.19,26.75,36554,35991414.0,5.19,-2.74,-0.76,1.56
780,2020-04-13,27.07,26.55,27.07,26.45,17892,17228954.0,2.3,-1.52,-0.41,0.76
781,2020-04-14,26.77,27.04,27.13,26.64,20701,20132515.0,1.85,1.85,0.49,0.88
782,2020-04-15,27.04,26.61,27.4,26.58,32689,31767247.0,3.03,-1.59,-0.43,1.4
783,2020-04-16,26.66,26.45,26.66,26.17,22267,21236532.0,1.84,-0.6,-0.16,0.95
784,2020-04-17,26.47,26.36,26.75,26.34,19867,19069076.0,1.55,-0.34,-0.09,0.85
785,2020-04-20,26.23,26.34,26.39,26.09,16472,15616032.0,1.14,-0.08,-0.02,0.7
786,2020-04-21,26.36,25.87,26.42,25.66,23596,22062691.0,2.89,-1.78,-0.47,1.01
787,2020-04-22,25.85,26.23,26.45,25.49,18543,17476187.0,3.71,1.39,0.36,0.79
788,2020-04-23,26.31,26.28,26.58,25.79,21083,19993265.0,3.01,0.19,0.05,0.9
789,2020-04-24,26.23,25.63,26.47,25.58,22588,21123851.0,3.39,-2.47,-0.65,0.97
790,2020-04-27,25.55,25.22,25.66,25.19,17965,16475350.0,1.83,-1.6,-0.41,0.77
791,2020-04-28,25.17,24.43,25.3,23.97,29278,26046558.0,5.27,-3.13,-0.79,1.25
792,2020-04-29,24.43,24.54,24.98,24.24,16355,14541371.0,3.03,0.45,0.11,0.7
793,2020-04-30,24.65,25.22,25.44,24.65,23088,20922583.0,3.22,2.77,0.68,0.99
794,2020-05-06,25.06,26.09,26.17,24.98,32717,30510824.0,4.72,3.45,0.87,1.4
795,2020-05-07,26.04,25.68,26.45,25.63,24200,22641807.0,3.14,-1.57,-0.41,1.03
796,2020-05-08,25.85,26.23,26.31,25.82,23967,22589624.0,1.91,2.14,0.55,1.02
797,2020-05-11,26.2,26.01,26.66,25.79,24294,22879503.0,3.32,-0.84,-0.22,1.04
798,2020-05-12,25.9,25.68,26.17,25.41,20302,18806715.0,2.92,-1.27,-0.33,0.87
799,2020-05-13,25.44,25.68,25.85,25.39,14834,13747587.0,1.79,0.0,0.0,0.63
800,2020-05-14,25.71,25.41,25.93,25.41,17860,16543601.0,2.02,-1.05,-0.27,0.76
801,2020-05-15,25.49,25.25,25.63,25.22,18403,16862902.0,1.61,-0.63,-0.16,0.79
802,2020-05-18,25.47,26.15,27.13,25.22,48216,45452286.0,7.56,3.56,0.9,2.06
803,2020-05-19,25.9,25.98,26.26,25.85,25356,23824222.0,1.57,-0.65,-0.17,1.08
804,2020-05-20,25.93,26.31,26.34,25.9,28039,26434005.0,1.69,1.27,0.33,1.2
805,2020-05-21,26.12,26.58,27.29,26.12,64960,62986395.0,4.45,1.03,0.27,2.78
806,2020-05-22,26.36,27.43,28.57,26.31,98785,97804201.0,8.5,3.2,0.85,4.22
807,2020-05-25,27.34,27.21,28.24,26.83,78535,77925005.0,5.14,-0.8,-0.22,3.36
808,2020-05-26,26.85,27.4,27.59,26.53,70895,69270144.0,3.9,0.7,0.19,3.03
809,2020-05-27,27.29,28.54,28.98,26.83,132527,134267572.0,7.85,4.16,1.14,5.66
810,2020-05-28,28.21,28.21,28.98,27.89,101349,104003245.0,3.82,-1.16,-0.33,4.33
811,2020-05-29,27.78,28.16,28.57,27.59,73037,74081229.0,3.47,-0.18,-0.05,3.12
812,2020-06-01,27.81,28.3,28.3,27.53,70446,71349166.0,2.73,0.5,0.14,3.01
813,2020-06-02,28.3,28.05,28.7,28.0,53845,54993589.0,2.47,-0.88,-0.25,2.3
814,2020-06-03,28.05,27.43,28.16,27.29,65037,64800983.0,3.1,-2.21,-0.62,2.78
815,2020-06-04,27.43,27.48,27.7,27.21,30182,29961626.0,1.79,0.18,0.05,1.29
816,2020-06-05,27.45,27.21,27.53,27.02,28104,27614437.0,1.86,-0.98,-0.27,1.2
817,2020-06-08,27.21,27.51,27.64,27.21,27379,27172749.0,1.58,1.1,0.3,1.17
818,2020-06-09,27.51,27.32,27.78,27.21,28495,28256711.0,2.07,-0.69,-0.19,1.22
819,2020-06-10,27.15,26.53,27.23,26.36,48717,46903511.0,3.18,-2.89,-0.79,2.08
820,2020-06-11,26.53,26.26,26.8,26.07,36809,35148316.0,2.75,-1.02,-0.27,1.57
821,2020-06-12,25.77,26.04,26.15,25.63,26126,24437102.0,1.98,-0.84,-0.22,1.12
822,2020-06-15,26.04,25.74,26.2,25.71,27565,25778760.0,1.88,-1.15,-0.3,1.18
823,2020-06-16,25.9,26.42,26.5,25.85,26605,25175635.0,2.53,2.64,0.68,1.14
824,2020-06-17,26.34,26.39,26.55,26.17,17937,17059843.0,1.44,-0.11,-0.03,0.77
825,2020-06-18,26.39,26.66,26.94,26.15,24193,23216807.0,2.99,1.02,0.27,1.03
826,2020-06-19,26.58,26.45,26.77,26.36,18938,18037243.0,1.54,-0.79,-0.21,0.81
827,2020-06-22,26.45,26.15,26.55,26.09,23227,21925294.0,1.74,-1.13,-0.3,0.99
828,2020-06-23,26.28,25.87,26.34,25.82,22087,20668246.0,1.99,-1.07,-0.28,0.94
829,2020-06-24,25.85,25.79,25.96,25.66,14579,13489299.0,1.16,-0.31,-0.08,0.62
830,2020-06-29,25.79,25.68,25.98,25.6,14708,13603700.0,1.47,-0.43,-0.11,0.63
831,2020-06-30,25.79,25.98,26.12,25.77,15160,14130496.0,1.36,1.17,0.3,0.65
832,2020-07-01,26.12,26.5,26.55,26.01,31195,29564832.0,2.08,2.0,0.52,1.33
833,2020-07-02,26.53,27.32,27.72,26.34,58890,57073847.0,5.21,3.09,0.82,2.52
834,2020-07-03,27.48,27.94,28.3,27.29,68021,68054908.0,3.7,2.27,0.62,2.91
835,2020-07-06,28.13,29.22,29.25,27.83,106188,109696202.0,5.08,4.58,1.28,4.54
836,2020-07-07,29.33,28.79,29.79,28.62,97373,102348004.0,4.0,-1.47,-0.43,4.16
837,2020-07-08,28.7,30.31,31.59,28.62,126487,137197646.0,10.32,5.28,1.52,5.41
838,2020-07-09,30.04,30.8,31.02,30.04,100820,111042104.0,3.23,1.62,0.49,4.31
839,2020-07-10,30.63,30.01,31.56,29.87,80461,88605392.0,5.49,-2.56,-0.79,3.44
840,2020-07-13,30.23,30.93,31.42,30.15,89753,99827432.0,4.23,3.07,0.92,3.84
841,2020-07-14,30.93,30.5,31.34,30.2,78675,86935368.0,3.69,-1.39,-0.43,3.36
842,2020-07-15,30.8,29.44,30.96,29.19,67440,72568503.0,5.8,-3.48,-1.06,2.88
843,2020-07-16,30.42,29.3,31.48,29.11,134857,148165552.0,8.05,-0.48,-0.14,5.76
844,2020-07-17,28.62,29.79,30.09,28.24,84852,89384760.0,6.31,1.67,0.49,3.63
845,2020-07-20,29.95,31.02,31.4,29.38,97843,107718618.0,6.78,4.13,1.23,4.18
846,2020-07-21,30.77,29.9,31.07,29.74,80364,87407191.0,4.29,-3.61,-1.12,3.43
847,2020-07-22,30.23,31.61,32.65,30.23,164242,185077251.0,8.09,5.72,1.71,7.02
848,2020-07-23,31.48,31.29,32.43,30.88,132447,150398800.0,4.9,-1.01,-0.32,5.66
849,2020-07-24,31.1,30.17,31.59,29.79,103880,115434794.0,5.75,-3.58,-1.12,4.44
850,2020-07-27,30.36,30.74,31.15,29.49,73625,81121082.0,5.5,1.89,0.57,3.15
851,2020-07-28,31.67,32.19,33.16,30.83,150511,175161747.0,7.58,4.72,1.45,6.43
852,2020-07-29,31.94,32.13,32.35,31.34,85200,97854002.0,3.14,-0.19,-0.06,3.64
853,2020-07-30,32.16,31.42,32.38,31.21,69129,79098623.0,3.64,-2.21,-0.71,2.95
854,2020-07-31,31.34,31.53,31.75,31.02,55254,62601563.0,2.32,0.35,0.11,2.36
855,2020-08-03,31.83,32.76,32.97,31.34,87243,102202336.0,5.17,3.9,1.23,3.73
856,2020-08-04,32.67,33.03,33.41,32.08,86625,102122623.0,4.06,0.82,0.27,3.7
857,2020-08-05,32.62,33.57,34.17,32.35,107266,128662409.0,5.51,1.63,0.54,4.58
858,2020-08-06,33.33,34.25,34.88,33.08,126833,155216306.0,5.36,2.03,0.68,5.42
859,2020-08-07,34.23,32.97,34.25,32.48,112107,134438962.0,5.17,-3.74,-1.28,4.79
860,2020-08-10,32.59,32.1,32.81,31.78,61834,71716797.0,3.12,-2.64,-0.87,2.64
861,2020-08-11,32.16,30.53,32.29,30.44,75261,85589698.0,5.76,-4.89,-1.57,3.22
862,2020-08-12,30.53,29.82,30.53,29.22,64435,68837382.0,4.29,-2.33,-0.71,2.75
863,2020-08-13,30.01,30.01,30.25,29.63,32837,35484873.0,2.08,0.64,0.19,1.4
864,2020-08-14,30.17,30.01,30.2,29.41,28509,30615695.0,2.63,0.0,0.0,1.22
865,2020-08-17,29.95,30.58,30.61,29.74,47043,51176970.0,2.9,1.9,0.57,2.01
866,2020-08-18,30.47,30.5,30.72,30.31,39130,42955486.0,1.34,-0.26,-0.08,1.67
867,2020-08-19,30.44,29.98,30.83,29.93,42841,47017179.0,2.95,-1.7,-0.52,1.83
868,2020-08-20,29.76,29.63,29.98,29.38,28292,30155353.0,2.0,-1.17,-0.35,1.21
869,2020-08-21,29.87,29.82,29.95,29.49,24571,26294081.0,1.55,0.64,0.19,1.05
870,2020-08-24,29.71,29.57,29.82,29.25,25826,27413554.0,1.91,-0.84,-0.25,1.1
871,2020-08-25,29.44,29.19,29.82,29.17,31871,33793570.0,2.2,-1.29,-0.38,1.36
872,2020-08-26,29.22,28.76,29.22,28.38,31990,33135121.0,2.88,-1.47,-0.43,1.37
873,2020-08-27,28.57,28.89,29.06,28.4,24651,25540442.0,2.29,0.45,0.13,1.05
874,2020-08-28,28.84,28.98,28.98,28.27,26700,27520151.0,2.46,0.31,0.09,1.14
875,2020-08-31,29.08,29.0,29.52,28.98,28086,29563837.0,1.86,0.07,0.02,1.2
876,2020-09-01,29.11,29.17,29.38,28.89,16627,17390464.0,1.69,0.59,0.17,0.71
877,2020-09-02,29.14,28.89,29.14,28.65,19052,19776402.0,1.68,-0.96,-0.28,0.81
878,2020-09-03,28.84,28.46,29.03,28.27,25025,25768440.0,2.63,-1.49,-0.43,1.07
879,2020-09-04,28.21,28.95,28.98,27.7,27043,27705443.0,4.5,1.72,0.49,1.16
880,2020-09-07,28.81,28.59,29.22,28.3,20270,21084141.0,3.18,-1.24,-0.36,0.87
881,2020-09-08,28.49,29.08,29.19,28.4,21408,22245671.0,2.76,1.71,0.49,0.91
882,2020-09-09,28.89,28.51,29.22,28.43,24194,25115680.0,2.72,-1.96,-0.57,1.03
883,2020-09-10,28.73,29.14,30.36,27.83,80967,84854635.0,8.87,2.21,0.63,3.46
884,2020-09-11,29.27,30.61,30.96,28.08,133053,142697273.0,9.88,5.04,1.47,5.69
885,2020-09-14,30.61,31.34,31.7,30.15,128684,143625964.0,5.06,2.38,0.73,5.5
886,2020-09-15,30.99,30.2,30.99,29.9,76212,83168083.0,3.48,-3.64,-1.14,3.26
887,2020-09-16,30.17,30.55,30.55,29.49,58467,63097416.0,3.51,1.16,0.35,2.5
888,2020-09-17,30.25,29.52,30.25,29.47,39396,42208133.0,2.55,-3.37,-1.03,1.68
889,2020-09-18,29.3,29.27,29.66,28.7,45262,47501063.0,3.25,-0.85,-0.25,1.93
890,2020-09-21,29.33,29.08,29.41,28.95,20925,21964448.0,1.57,-0.65,-0.19,0.89
891,2020-09-22,28.79,28.38,29.06,28.19,29172,29952626.0,2.99,-2.41,-0.7,1.25
892,2020-09-23,28.35,28.49,28.65,28.3,14294,14634806.0,1.23,0.39,0.11,0.61
893,2020-09-24,28.35,27.34,28.35,27.29,32665,32594059.0,3.72,-4.04,-1.15,1.4
894,2020-09-25,27.32,27.07,27.43,27.02,13055,12765855.0,1.5,-0.99,-0.27,0.56
895,2020-09-28,27.26,26.53,27.26,26.45,12919,12414837.0,2.99,-1.99,-0.54,0.55
896,2020-09-29,26.55,26.58,26.94,26.55,10461,10038342.0,1.47,0.19,0.05,0.45
897,2020-09-30,26.66,26.42,26.75,26.34,8872,8454284.0,1.54,-0.6,-0.16,0.38
898,2020-10-09,26.66,27.21,27.37,26.66,14965,14597794.0,2.69,2.99,0.79,0.64
899,2020-10-12,27.26,28.11,28.16,27.21,24866,24901219.0,3.49,3.31,0.9,1.06
900,2020-10-13,28.16,27.94,28.24,27.67,22732,22809940.0,2.03,-0.6,-0.17,0.97
901,2020-10-14,27.97,27.51,27.97,27.45,17745,17622722.0,1.86,-1.54,-0.43,0.76
902,2020-10-15,27.67,27.78,28.27,27.67,28873,29028658.0,2.18,0.98,0.27,1.23
903,2020-10-16,27.81,27.64,27.81,27.45,12998,12908285.0,1.3,-0.5,-0.14,0.56
904,2020-10-19,27.7,27.62,28.05,27.59,15484,15488643.0,1.66,-0.07,-0.02,0.66
905,2020-10-20,27.62,27.7,27.72,27.45,12299,12200670.0,0.98,0.29,0.08,0.53
906,2020-10-21,27.72,27.37,27.94,27.32,16611,16489820.0,2.24,-1.19,-0.33,0.71
907,2020-10-22,27.56,27.18,27.56,26.75,15854,15426152.0,2.96,-0.69,-0.19,0.68
908,2020-10-23,26.91,26.8,27.45,26.77,14292,13883739.0,2.5,-1.4,-0.38,0.61
909,2020-10-26,26.72,26.96,27.04,26.45,11607,11160734.0,2.2,0.6,0.16,0.5
910,2020-10-27,26.91,27.04,27.1,26.72,10985,10627221.0,1.41,0.3,0.08,0.47
911,2020-10-28,26.83,26.94,27.29,26.58,16142,15608571.0,2.63,-0.37,-0.1,0.69
912,2020-10-29,26.53,27.7,27.94,26.53,37707,37265947.0,5.23,2.82,0.76,1.61
913,2020-10-30,27.4,26.77,27.7,26.58,22646,22136263.0,4.04,-3.36,-0.93,0.97
914,2020-11-02,26.64,27.13,27.13,26.45,16656,16042955.0,2.54,1.34,0.36,0.71
915,2020-11-03,26.99,27.81,28.19,26.99,32508,32460829.0,4.42,2.51,0.68,1.39
916,2020-11-04,27.67,27.83,28.08,27.53,22046,22008080.0,1.98,0.07,0.02,0.94
917,2020-11-05,27.89,27.86,27.97,27.56,23977,23929383.0,1.47,0.11,0.03,1.02
918,2020-11-06,27.91,27.72,28.24,27.59,32994,33053744.0,2.33,-0.5,-0.14,1.41
919,2020-11-09,27.75,28.57,28.68,27.72,52244,53052476.0,3.46,3.07,0.85,2.23
920,2020-11-10,28.43,28.11,28.95,28.0,38300,39157921.0,3.33,-1.61,-0.46,1.64
921,2020-11-11,28.16,28.57,29.03,28.13,51169,52749535.0,3.2,1.64,0.46,2.19
922,2020-11-12,28.46,28.38,29.0,28.16,34020,34966531.0,2.94,-0.67,-0.19,1.45
923,2020-11-13,28.62,29.06,29.3,28.27,51718,53787915.0,3.63,2.4,0.68,2.21
924,2020-11-16,28.98,30.12,31.23,28.81,116527,126186268.0,8.33,3.65,1.06,4.98
925,2020-11-17,29.79,29.87,30.5,29.41,80707,87164771.0,3.62,-0.83,-0.25,3.45
926,2020-11-18,29.79,30.34,31.02,29.79,94223,103387363.0,4.12,1.57,0.47,4.03
927,2020-11-19,30.2,29.63,30.66,29.22,66988,71684475.0,4.75,-2.34,-0.71,2.86
928,2020-11-20,29.44,30.44,30.53,29.06,86645,93568186.0,4.96,2.73,0.81,3.7
929,2020-11-23,30.25,31.18,31.91,29.71,137802,154729071.0,7.23,2.43,0.74,5.89
930,2020-11-24,30.93,31.51,31.61,30.55,97594,109351052.0,3.4,1.06,0.33,4.17
931,2020-11-25,31.42,30.25,31.42,30.15,96278,106602153.0,4.03,-4.0,-1.26,4.11
932,2020-11-26,30.12,29.85,30.58,29.44,61011,65580146.0,3.77,-1.32,-0.4,2.61
933,2020-11-27,29.71,29.38,30.15,28.62,55339,58282801.0,5.13,-1.57,-0.47,2.36
934,2020-11-30,29.47,29.71,30.88,29.19,93940,101937689.0,5.75,1.12,0.33,4.01
935,2020-12-01,29.49,29.63,29.79,29.08,53433,56649555.0,2.39,-0.27,-0.08,2.28
936,2020-12-02,29.63,30.63,31.64,29.49,131403,144864286.0,7.26,3.37,1.0,5.62
937,2020-12-03,30.5,29.9,30.74,29.76,65566,71140181.0,3.2,-2.38,-0.73,2.8
938,2020-12-04,29.87,31.31,31.61,29.66,129520,144313994.0,6.52,4.72,1.41,5.53
939,2020-12-07,31.12,31.34,31.91,30.91,107679,121756802.0,3.19,0.1,0.03,4.6
940,2020-12-08,31.4,30.83,31.45,30.39,61907,68642764.0,3.38,-1.63,-0.51,2.65
941,2020-12-09,30.8,30.53,31.64,30.39,66829,74647331.0,4.05,-0.97,-0.3,2.86
942,2020-12-10,30.15,31.61,31.78,29.74,129360,143810286.0,6.68,3.54,1.08,5.53
943,2020-12-11,31.61,30.31,31.64,29.82,108227,119539105.0,5.76,-4.11,-1.3,4.62
944,2020-12-14,30.01,31.34,31.56,29.17,118553,131645170.0,7.89,3.4,1.03,5.07
945,2020-12-15,31.26,30.61,31.56,30.06,75118,82734479.0,4.79,-2.33,-0.73,3.21
946,2020-12-16,30.8,32.1,33.6,30.04,183469,211941432.0,11.63,4.87,1.49,7.84
947,2020-12-17,31.89,32.84,33.06,31.4,178917,209183553.0,5.17,2.31,0.74,7.65
948,2020-12-18,32.62,32.4,34.03,32.19,187488,222820536.0,5.6,-1.34,-0.44,8.01
949,2020-12-21,32.08,32.48,33.06,31.61,137967,161147437.0,4.48,0.25,0.08,5.9
950,2020-12-22,32.13,30.58,32.13,30.58,120385,136168311.0,4.77,-5.85,-1.9,5.14
951,2020-12-23,30.58,30.12,30.99,30.06,93893,102994053.0,3.04,-1.5,-0.46,4.01
952,2020-12-24,30.23,28.57,30.39,28.49,107698,113766230.0,6.31,-5.15,-1.55,4.6
953,2020-12-25,28.49,29.76,29.9,28.3,91021,95827161.0,5.6,4.17,1.19,3.89
954,2020-12-28,29.98,29.03,30.44,28.76,98020,104178201.0,5.65,-2.45,-0.73,4.19
955,2020-12-29,29.03,27.59,29.11,27.43,87068,87624719.0,5.79,-4.96,-1.44,3.72
956,2020-12-30,27.32,27.97,28.46,27.32,51718,52071290.0,4.13,1.38,0.38,2.21
957,2020-12-31,27.94,28.08,28.54,27.86,45902,46606010.0,2.43,0.39,0.11,1.96
958,2021-01-04,28.35,28.7,29.11,28.11,48956,50470304.0,3.56,2.21,0.62,2.09
959,2021-01-05,28.68,28.3,28.68,27.91,46470,47166585.0,2.68,-1.39,-0.4,1.99
960,2021-01-06,28.13,27.51,28.4,27.43,50185,49993534.0,3.43,-2.79,-0.79,2.14
961,2021-01-07,27.56,27.83,28.62,27.21,87745,88404165.0,5.13,1.16,0.32,3.75
962,2021-01-08,28.05,26.04,28.05,25.77,107767,101600842.0,8.19,-6.43,-1.79,4.61
963,2021-01-11,26.07,24.68,26.07,24.54,71766,64458493.0,5.88,-5.22,-1.36,3.07
964,2021-01-12,24.65,24.71,25.09,24.54,39937,35465198.0,2.23,0.12,0.03,1.71
965,2021-01-13,24.73,24.76,25.33,24.6,45747,40897466.0,2.95,0.2,0.05,1.95
966,2021-01-14,24.76,24.35,24.79,24.22,38035,33328532.0,2.3,-1.66,-0.41,1.63
967,2021-01-15,24.43,24.9,25.33,24.43,40551,36279134.0,3.7,2.26,0.55,1.73
968,2021-01-18,25.03,25.19,25.58,24.92,31895,28948754.0,2.65,1.16,0.29,1.36
969,2021-01-19,25.11,24.95,25.33,24.84,26410,23685262.0,1.95,-0.95,-0.24,1.13
970,2021-01-20,24.95,25.47,25.49,24.62,38613,34840162.0,3.49,2.08,0.52,1.65
971,2021-01-21,25.6,26.5,27.26,25.28,88967,84664960.0,7.77,4.04,1.03,3.8
972,2021-01-22,26.36,25.66,26.42,25.52,52751,49087364.0,3.4,-3.17,-0.84,2.25
973,2021-01-25,25.6,25.44,26.26,25.3,37381,34693873.0,3.74,-0.86,-0.22,1.6
974,2021-01-26,25.28,25.87,26.04,24.87,31703,29057510.0,4.6,1.69,0.43,1.35
975,2021-01-27,25.63,24.98,25.77,24.81,30016,26974391.0,3.71,-3.44,-0.89,1.28
976,2021-01-28,24.54,24.87,25.14,24.49,16309,14564611.0,2.6,-0.44,-0.11,0.7
977,2021-01-29,24.95,24.51,25.22,24.22,28923,25532818.0,4.02,-1.45,-0.36,1.24
978,2021-02-01,24.49,24.68,24.71,24.22,18915,16581491.0,2.0,0.69,0.17,0.81
979,2021-02-02,24.71,24.84,24.87,24.32,19165,16943634.0,2.23,0.65,0.16,0.82
980,2021-02-03,24.76,25.14,25.58,24.41,31662,28513809.0,4.71,1.21,0.3,1.35
981,2021-02-04,25.03,23.81,25.03,23.45,35900,30982740.0,6.28,-5.29,-1.33,1.53
982,2021-02-05,23.7,22.47,24.03,22.47,30250,24986576.0,6.55,-5.63,-1.34,1.29
983,2021-02-08,22.61,22.64,22.8,22.15,17077,13775157.0,2.89,0.76,0.17,0.73
984,2021-02-09,22.91,24.84,24.84,22.91,34837,30752778.0,8.52,9.72,2.2,1.49
985,2021-02-10,25.36,26.17,26.61,24.84,112013,104725649.0,7.13,5.35,1.33,4.79
986,2021-02-18,27.26,26.61,27.81,26.26,100346,97203219.0,5.92,1.68,0.44,4.29
987,2021-02-19,26.07,27.53,27.72,26.07,98230,95582499.0,6.2,3.46,0.92,4.2
988,2021-02-22,28.21,28.84,30.23,28.21,184245,194871962.0,7.34,4.76,1.31,7.87
989,2021-02-23,28.02,28.35,29.11,27.89,99204,102031522.0,4.23,-1.7,-0.49,4.24
990,2021-02-24,28.35,29.49,30.25,28.27,141926,149030503.0,6.98,4.02,1.14,6.06
991,2021-02-25,30.28,28.35,30.77,28.21,105552,109931323.0,8.68,-3.87,-1.14,4.51
992,2021-02-26,27.43,28.21,28.95,27.04,82581,83846543.0,6.74,-0.49,-0.14,3.53
993,2021-03-01,28.21,29.44,29.76,27.86,89842,93015410.0,6.74,4.36,1.23,3.84
994,2021-03-02,29.0,29.03,30.31,28.35,103711,109208106.0,6.66,-1.39,-0.41,4.43
995,2021-03-03,29.49,31.12,31.48,29.36,173620,191813739.0,7.3,7.2,2.09,7.42
996,2021-03-04,30.93,30.53,31.51,30.12,156526,173224029.0,4.47,-1.9,-0.59,6.69
997,2021-03-05,30.06,28.79,30.53,27.53,129176,135188272.0,9.83,-5.7,-1.74,5.52
998,2021-03-08,29.03,28.98,30.39,28.79,98783,105003556.0,5.56,0.66,0.19,4.22
999,2021-03-09,28.76,27.56,29.03,27.07,77468,78065511.0,6.76,-4.9,-1.42,3.31
1000,2021-03-10,27.37,27.75,28.02,27.21,56703,56176925.0,2.94,0.69,0.19,2.42
1001,2021-03-11,27.81,29.57,29.71,27.62,100672,105145924.0,7.53,6.56,1.82,4.3
1002,2021-03-12,29.68,29.27,29.82,29.0,65199,68921552.0,2.77,-1.01,-0.3,2.79
1003,2021-03-15,29.03,29.22,29.9,28.76,53675,56833218.0,3.89,-0.17,-0.05,2.29
1004,2021-03-16,29.52,28.54,29.52,28.32,49830,51461293.0,4.11,-2.33,-0.68,2.13
1005,2021-03-17,28.13,28.73,28.89,28.02,30924,31746641.0,3.05,0.67,0.19,1.32
1006,2021-03-18,28.81,27.89,29.22,27.86,40101,40832720.0,4.73,-2.92,-0.84,1.71
1007,2021-03-19,27.56,28.0,28.51,27.53,43584,44099558.0,3.51,0.39,0.11,1.86
1008,2021-03-22,27.89,28.27,28.51,27.7,29714,30091725.0,2.89,0.96,0.27,1.27
1009,2021-03-23,28.21,27.45,28.27,27.07,49874,49222638.0,4.24,-2.9,-0.82,2.13
1010,2021-03-24,27.13,26.45,27.37,26.39,33249,31961152.0,3.57,-3.64,-1.0,1.42
1011,2021-03-25,26.69,27.07,27.72,26.34,38634,37747499.0,5.22,2.34,0.62,1.65
1012,2021-03-26,26.94,27.34,28.35,26.75,48295,47540649.0,5.91,1.0,0.27,2.06
1013,2021-03-29,27.18,27.13,27.64,26.5,44748,43388996.0,4.17,-0.77,-0.21,1.91
1014,2021-03-30,26.94,27.32,27.64,26.45,45553,44331134.0,4.39,0.7,0.19,1.95
1015,2021-03-31,26.96,27.13,27.51,26.85,26788,26118375.0,2.42,-0.7,-0.19,1.14
1016,2021-04-01,26.94,26.66,27.1,26.26,28074,26813415.0,3.1,-1.73,-0.47,1.2
1017,2021-04-02,26.66,26.04,26.66,25.96,25069,23539312.0,2.63,-2.33,-0.62,1.07
1018,2021-04-06,26.15,26.26,26.42,25.93,20493,19274320.0,1.88,0.84,0.22,0.88
1019,2021-04-07,26.28,27.78,28.49,26.04,87748,86460403.0,9.33,5.79,1.52,3.75
1020,2021-04-08,27.7,28.3,28.62,27.45,89607,90395743.0,4.21,1.87,0.52,3.83
1021,2021-04-09,27.97,27.91,28.43,27.53,63842,64307140.0,3.18,-1.38,-0.39,2.73
1022,2021-04-12,27.81,26.64,27.91,26.58,43331,42211769.0,4.77,-4.55,-1.27,1.85
1023,2021-04-13,26.64,25.74,27.59,25.66,50737,47985353.0,7.24,-3.38,-0.9,2.17
1024,2021-04-14,25.44,25.96,26.04,25.25,33020,30422733.0,3.07,0.85,0.22,1.41
1025,2021-04-15,25.9,26.2,26.39,25.63,26838,25028965.0,2.93,0.92,0.24,1.15
1026,2021-04-16,26.28,26.45,26.69,26.09,30222,28681822.0,2.29,0.95,0.25,1.29
1027,2021-04-19,26.5,27.29,27.62,26.2,48742,47561321.0,5.37,3.18,0.84,2.08
1028,2021-04-20,27.13,27.78,28.08,27.1,49065,48781455.0,3.59,1.8,0.49,2.1
1029,2021-04-21,27.81,27.62,28.05,27.45,35860,35685804.0,2.16,-0.58,-0.16,1.53
1030,2021-04-22,27.62,27.75,28.02,27.56,27218,27228157.0,1.67,0.47,0.13,1.16
1031,2021-04-23,27.7,27.59,27.91,27.18,27426,27204869.0,2.63,-0.58,-0.16,1.17
1032,2021-04-26,27.7,27.53,28.16,27.51,21587,21591550.0,2.36,-0.22,-0.06,0.92
1033,2021-04-27,27.32,28.21,29.98,27.32,54506,55542440.0,9.66,2.47,0.68,2.33
1034,2021-04-28,27.97,27.91,28.13,27.29,31358,31296460.0,2.98,-1.06,-0.3,1.34
1035,2021-04-29,27.81,27.51,28.08,27.18,31872,31633849.0,3.22,-1.43,-0.4,1.36
1036,2021-04-30,27.7,27.59,27.97,27.29,27856,27626248.0,2.47,0.29,0.08,1.19
1037,2021-05-06,27.72,28.51,28.84,27.72,56411,57513738.0,4.06,3.33,0.92,2.41
1038,2021-05-07,28.65,28.54,29.55,28.51,84309,87964279.0,3.65,0.11,0.03,3.6
1039,2021-05-10,28.46,29.63,29.85,28.46,99339,104425579.0,4.87,3.82,1.09,4.25
1040,2021-05-11,28.84,28.32,29.17,27.81,76585,78320694.0,4.59,-4.42,-1.31,3.27
1041,2021-05-12,28.49,31.1,31.1,28.35,156038,173612378.0,9.71,9.82,2.78,6.67
1042,2021-05-13,30.53,29.44,30.83,29.33,243095,262347038.0,4.82,-5.34,-1.66,10.39
1043,2021-05-14,29.52,28.95,29.68,28.46,119587,124437078.0,4.14,-1.66,-0.49,5.11
1044,2021-05-17,28.68,28.95,29.27,28.19,86333,89320233.0,3.73,0.0,0.0,3.69
1045,2021-05-18,29.3,29.08,29.33,28.43,88714,92132446.0,3.11,0.45,0.13,3.79
1046,2021-05-19,28.51,26.77,28.62,26.42,187289,183817562.0,7.57,-7.94,-2.31,8.01
1047,2021-05-20,26.12,25.85,26.17,25.58,81604,75528069.0,2.2,-3.44,-0.92,3.49
1048,2021-05-21,25.77,25.93,26.2,25.58,47385,44140878.0,2.4,0.31,0.08,2.03
1049,2021-05-24,25.63,25.71,26.04,25.63,37803,34928611.0,1.58,-0.85,-0.22,1.62
1050,2021-05-25,25.85,25.63,25.85,25.28,45010,41236664.0,2.22,-0.31,-0.08,1.92
1051,2021-05-26,25.66,25.96,26.07,25.55,45915,42571098.0,2.03,1.29,0.33,1.96
1052,2021-05-27,25.96,25.79,25.98,25.71,29135,27020250.0,1.04,-0.65,-0.17,1.25
1053,2021-05-28,25.9,25.82,26.23,25.79,40703,38078290.0,1.71,0.12,0.03,1.74
1054,2021-05-31,25.82,26.07,26.23,25.77,36237,33929716.0,1.78,0.97,0.25,1.55
1055,2021-06-01,26.07,26.15,26.34,25.77,35315,33013635.0,2.19,0.31,0.08,1.51
1056,2021-06-02,26.15,25.79,26.26,25.79,34986,32724073.0,1.8,-1.38,-0.36,1.5
1057,2021-06-03,25.96,26.07,26.34,25.79,40300,37832100.0,2.13,1.09,0.28,1.72
1058,2021-06-04,25.96,25.85,26.12,25.74,28051,26086396.0,1.46,-0.84,-0.22,1.2
1059,2021-06-07,25.93,25.9,26.09,25.82,18949,17631424.0,1.04,0.19,0.05,0.81
1060,2021-06-08,25.9,25.55,26.01,25.52,33403,30753721.0,1.89,-1.35,-0.35,1.43
1061,2021-06-09,25.63,25.85,25.96,25.58,23853,22104173.0,1.49,1.17,0.3,1.02
1062,2021-06-10,25.82,25.93,25.98,25.79,23976,22273982.0,0.74,0.31,0.08,1.02
1063,2021-06-11,25.85,25.77,25.98,25.66,20841,19272946.0,1.23,-0.62,-0.16,0.89
1064,2021-06-15,25.66,25.28,25.82,25.25,24727,22541734.0,2.21,-1.9,-0.49,1.06
1065,2021-06-16,25.17,24.92,25.41,24.87,22564,20343134.0,2.14,-1.42,-0.36,0.96
1066,2021-06-17,24.92,25.06,25.25,24.81,12081,10851885.0,1.77,0.56,0.14,0.52
1067,2021-06-18,25.0,24.38,25.03,23.81,54619,47350727.0,4.87,-2.71,-0.68,2.33
1068,2021-06-21,24.27,24.81,24.9,24.13,24928,22065739.0,3.16,1.76,0.43,1.07
1069,2021-06-22,24.73,25.17,25.33,24.73,22041,19852144.0,2.42,1.45,0.36,0.94
1070,2021-06-23,25.09,24.98,25.22,24.81,15119,13553255.0,1.63,-0.75,-0.19,0.65
1071,2021-06-24,25.09,25.17,25.33,25.0,19886,17957195.0,1.32,0.76,0.19,0.85
1072,2021-06-25,25.25,24.98,25.28,24.81,17702,15903981.0,1.87,-0.75,-0.19,0.76
1073,2021-06-28,25.03,24.92,25.06,24.84,11353,10147481.0,0.88,-0.24,-0.06,0.49
1074,2021-06-29,24.98,24.9,25.22,24.87,14456,12982225.0,1.4,-0.08,-0.02,0.62
1075,2021-06-30,24.84,25.44,25.74,24.81,34023,31122361.0,3.73,2.17,0.54,1.6
1076,2021-07-01,25.28,24.81,25.49,24.81,22553,20343157.0,2.67,-2.48,-0.63,1.06
1077,2021-07-02,24.84,25.17,25.66,24.76,36409,33112429.0,3.63,1.45,0.36,1.72
1078,2021-07-05,25.41,25.77,25.85,25.09,42456,39042400.0,3.02,2.38,0.6,2.0
1079,2021-07-06,25.85,25.85,26.2,25.55,40450,37552052.0,2.52,0.31,0.08,1.91
1080,2021-07-07,25.74,26.34,26.53,25.55,66183,62333759.0,3.79,1.9,0.49,3.12
1081,2021-07-08,26.34,26.2,26.85,26.04,53690,50910635.0,3.08,-0.53,-0.14,2.53
1082,2021-07-09,26.07,27.48,27.75,26.01,118956,115941794.0,6.64,4.89,1.28,5.61
1083,2021-07-12,27.72,28.32,30.06,27.56,163439,169104332.0,9.1,3.06,0.84,7.7
1084,2021-07-13,27.89,27.81,28.84,27.53,76966,77168136.0,4.63,-1.8,-0.51,3.63
1085,2021-07-14,27.51,27.67,28.95,27.15,103627,104238601.0,6.47,-0.5,-0.14,4.88
1086,2021-07-15,27.4,28.49,28.62,26.88,114079,114604715.0,6.29,2.96,0.82,4.87
1087,2021-07-16,28.3,28.19,29.0,27.83,90977,93075935.0,4.11,-1.05,-0.3,3.89
1088,2021-07-19,28.08,28.84,29.52,27.86,101663,105712166.0,5.89,2.31,0.65,4.34
1089,2021-07-20,28.62,29.41,30.15,28.38,103742,110043832.0,6.14,1.98,0.57,4.43
1090,2021-07-21,29.19,29.44,29.93,29.0,100899,107278064.0,3.16,0.1,0.03,4.31
1091,2021-07-22,29.6,29.68,29.87,29.06,80607,85906816.0,2.75,0.82,0.24,3.44
1092,2021-07-23,29.47,29.95,30.88,29.41,113309,123345725.0,4.95,0.91,0.27,4.84
1093,2021-07-26,30.12,29.95,30.77,29.25,91936,99487839.0,5.08,0.0,0.0,3.93
1094,2021-07-27,30.04,28.38,30.58,28.16,112137,119444152.0,8.08,-5.24,-1.57,4.79
1095,2021-07-28,27.81,28.27,29.41,27.67,141597,145008534.0,6.13,-0.39,-0.11,6.05
1096,2021-07-29,28.54,29.44,29.87,28.4,97239,102691537.0,5.2,4.14,1.17,4.16
1097,2021-07-30,29.44,30.2,30.2,29.08,88961,94993558.0,3.8,2.58,0.76,3.8
1098,2021-08-02,29.79,29.79,30.44,29.52,75205,80861817.0,3.05,-1.36,-0.41,3.21
1099,2021-08-03,29.55,29.49,30.2,29.06,57615,61480213.0,3.83,-1.01,-0.3,2.46
1100,2021-08-04,30.09,30.55,30.77,29.41,87475,95629380.0,4.61,3.59,1.06,3.74
1101,2021-08-05,30.31,29.52,30.44,29.33,60699,65218062.0,3.63,-3.37,-1.03,2.59
1102,2021-08-06,29.44,32.4,32.4,29.36,150368,170866606.0,10.3,9.76,2.88,6.43
1103,2021-08-09,32.29,31.23,32.35,31.04,162370,184332116.0,4.04,-3.61,-1.17,6.94
1104,2021-08-10,31.59,31.21,31.91,30.74,115988,131138727.0,3.75,-0.06,-0.02,4.96
1105,2021-08-11,30.93,31.34,32.32,30.85,130306,147537673.0,4.71,0.42,0.13,5.57
1106,2021-08-12,31.04,31.61,32.32,30.69,144348,164132264.0,5.2,0.86,0.27,6.17
1107,2021-08-13,31.61,32.16,32.81,31.18,141827,163937173.0,5.16,1.74,0.55,6.06
1108,2021-08-16,32.16,30.44,32.48,30.2,122577,136517223.0,7.09,-5.35,-1.72,5.24
1109,2021-08-17,30.31,30.31,31.7,30.06,122540,136483011.0,5.39,-0.43,-0.13,5.24
1110,2021-08-18,29.93,30.15,30.96,29.85,82086,89633729.0,3.66,-0.53,-0.16,3.51
1111,2021-08-19,29.71,30.12,30.36,29.44,73419,79203350.0,3.05,-0.1,-0.03,3.14
1112,2021-08-20,29.98,30.42,30.53,29.19,65560,70828258.0,4.45,1.0,0.3,2.8
1113,2021-08-23,30.66,32.1,33.41,30.58,218207,255952178.0,9.3,5.52,1.68,9.32
1114,2021-08-24,33.33,33.52,34.61,32.08,268844,326089456.0,7.88,4.42,1.42,11.49
1115,2021-08-25,32.81,33.3,33.46,32.48,142755,170275886.0,2.92,-0.66,-0.22,6.1
1116,2021-08-26,33.11,33.63,34.58,33.0,170260,208375068.0,4.74,0.99,0.33,7.28
1117,2021-08-27,33.16,34.44,34.8,33.11,157223,193127315.0,5.03,2.41,0.81,6.72
1118,2021-08-30,34.31,34.06,34.74,33.6,134154,164868696.0,3.31,-1.1,-0.38,5.73
1119,2021-08-31,34.03,34.61,34.63,32.76,135617,165982159.0,5.49,1.61,0.55,5.8
1120,2021-09-01,34.36,32.51,34.8,32.38,146805,176046426.0,6.99,-6.07,-2.1,6.27
1121,2021-09-02,32.1,33.6,33.9,32.1,104073,124662963.0,5.54,3.35,1.09,4.45
1122,2021-09-03,33.35,32.73,34.39,32.59,96645,116783518.0,5.36,-2.59,-0.87,4.13
1123,2021-09-06,33.0,32.54,33.44,31.31,86131,99976402.0,6.51,-0.58,-0.19,3.68
1124,2021-09-07,32.84,32.7,33.16,31.97,69584,81901420.0,3.66,0.49,0.16,2.97
1125,2021-09-08,33.0,33.52,33.6,32.48,91251,109172303.0,3.43,2.51,0.82,3.9
1126,2021-09-09,33.38,33.65,33.98,32.62,86643,104006942.0,4.06,0.39,0.13,3.7
1127,2021-09-10,33.82,32.92,34.61,32.76,100718,121855531.0,5.5,-2.17,-0.73,4.3
1128,2021-09-13,33.19,33.95,34.39,32.7,141357,171832703.0,5.13,3.13,1.03,6.04
1129,2021-09-14,33.84,31.91,33.87,31.67,145502,170703487.0,6.48,-6.01,-2.04,6.22
1130,2021-09-15,31.72,32.95,33.68,31.29,127987,151086328.0,7.49,3.26,1.04,5.47
1131,2021-09-16,32.97,31.91,34.31,31.91,122229,146581879.0,7.28,-3.16,-1.04,5.22
1132,2021-09-17,32.16,31.15,32.65,30.36,98479,111347727.0,7.18,-2.38,-0.76,4.21
1133,2021-09-22,31.04,30.83,31.51,28.21,67849,74688069.0,10.59,-1.03,-0.32,2.9
1134,2021-09-23,30.74,29.44,31.34,29.17,95496,102627771.0,7.04,-4.51,-1.39,4.08
1135,2021-09-24,29.52,27.78,30.04,27.7,87039,89737680.0,7.95,-5.64,-1.66,3.72
1136,2021-09-27,27.81,25.9,28.08,25.71,88435,83829776.0,8.53,-6.77,-1.88,3.78
1137,2021-09-28,26.04,26.15,26.31,25.41,55334,51509434.0,3.47,0.97,0.25,2.36
1138,2021-09-29,25.98,25.11,26.31,25.09,57652,52973335.0,4.67,-3.98,-1.04,2.46
1139,2021-09-30,25.3,26.23,26.26,25.28,45089,41972674.0,3.9,4.46,1.12,2.12
1140,2021-10-08,26.47,26.61,27.04,26.28,40189,38341801.0,2.9,1.45,0.38,1.89
1141,2021-10-11,26.61,26.45,26.8,25.93,31473,29866956.0,3.27,-0.6,-0.16,1.48
1142,2021-10-12,26.99,25.9,27.62,25.44,60967,57179970.0,8.24,-2.08,-0.55,2.87
1143,2021-10-13,26.07,26.12,26.36,25.63,29444,27442673.0,2.82,0.85,0.22,1.39
1144,2021-10-14,26.12,26.88,27.13,25.96,50768,48676448.0,4.48,2.91,0.76,2.39
1145,2021-10-15,26.88,26.61,27.13,26.61,35089,33807236.0,1.93,-1.0,-0.27,1.65
1146,2021-10-18,26.77,27.23,27.37,26.5,41822,40722178.0,3.27,2.33,0.62,1.97
1147,2021-10-19,27.04,27.18,27.48,26.99,31940,31303890.0,1.8,-0.18,-0.05,1.51
1148,2021-10-20,27.32,26.96,27.34,26.85,24047,23375835.0,1.8,-0.81,-0.22,1.13
1149,2021-10-21,26.96,26.88,27.32,26.75,28170,27365195.0,2.11,-0.3,-0.08,1.33
1150,2021-10-22,26.72,26.34,27.02,26.34,30920,29600545.0,2.53,-2.01,-0.54,1.46
1151,2021-10-25,26.34,26.34,26.47,25.85,27442,25746764.0,2.35,0.0,0.0,1.29
1152,2021-10-26,26.42,26.01,26.55,25.87,32022,30073468.0,2.58,-1.25,-0.33,1.51
1153,2021-10-27,26.01,25.52,26.01,25.14,30349,27769776.0,3.34,-1.88,-0.49,1.43
1154,2021-10-28,25.3,25.11,25.63,24.81,35889,32337668.0,3.21,-1.61,-0.41,1.69
1155,2021-10-29,25.14,25.44,25.55,25.06,28427,25859449.0,1.95,1.31,0.33,1.34
1156,2021-11-01,25.55,25.9,26.04,25.3,28921,26799695.0,2.91,1.81,0.46,1.36
1157,2021-11-02,25.93,25.0,26.09,24.81,44666,40531989.0,4.94,-3.47,-0.9,2.1
1158,2021-11-03,25.0,25.49,25.52,24.87,31816,28829296.0,2.6,1.96,0.49,1.5
1159,2021-11-04,25.63,25.44,25.63,25.3,26447,24153971.0,1.29,-0.2,-0.05,1.25
1160,2021-11-05,25.44,25.0,25.47,24.98,32393,29234233.0,1.93,-1.73,-0.44,1.53
1161,2021-11-08,25.09,25.28,25.33,24.87,29306,26447773.0,1.84,1.12,0.28,1.38
1162,2021-11-09,25.39,25.22,25.39,25.0,28117,25367876.0,1.54,-0.24,-0.06,1.33
1163,2021-11-10,25.17,25.14,25.19,24.68,38811,34628411.0,2.02,-0.32,-0.08,1.83
1164,2021-11-11,25.25,25.49,25.74,24.92,41054,37523865.0,3.26,1.39,0.35,1.93
1165,2021-11-12,25.71,25.52,25.71,25.3,29596,27066262.0,1.61,0.12,0.03,1.39
1166,2021-11-15,25.41,25.98,26.04,25.36,53626,49434605.0,2.66,1.8,0.46,2.53
1167,2021-11-16,25.98,25.3,26.01,25.25,43442,39956261.0,2.93,-2.62,-0.68,2.05
1168,2021-11-17,25.22,25.85,25.9,25.22,33502,30922715.0,2.69,2.17,0.55,1.58
1169,2021-11-18,25.85,26.26,26.55,25.63,71790,67573932.0,3.56,1.59,0.41,3.38
1170,2021-11-19,25.96,26.2,26.31,25.77,48631,45615698.0,2.06,-0.23,-0.06,2.29
1171,2021-11-22,26.17,26.75,27.04,26.12,65639,62774619.0,3.51,2.1,0.55,3.09
1172,2021-11-23,26.8,26.75,27.1,26.61,54239,52292737.0,1.83,0.0,0.0,2.56
1173,2021-11-24,26.69,27.29,27.59,26.61,61527,60243645.0,3.66,2.02,0.54,2.9
1174,2021-11-25,27.32,27.32,27.43,26.99,45614,44660132.0,1.61,0.11,0.03,2.15
1175,2021-11-26,27.21,27.83,28.54,27.13,95637,96054572.0,5.16,1.87,0.51,4.51
1176,2021-11-29,27.45,27.51,27.7,26.91,66216,65038786.0,2.84,-1.15,-0.32,3.12
1177,2021-11-30,27.62,27.72,28.13,27.32,55797,55539417.0,2.94,0.76,0.21,2.63
1178,2021-12-01,27.59,27.91,27.91,27.23,47457,47187947.0,2.45,0.69,0.19,2.24
1179,2021-12-02,27.81,27.64,28.02,27.4,44825,44655417.0,2.22,-0.97,-0.27,2.11
1180,2021-12-03,27.72,27.53,27.86,27.43,28297,28082451.0,1.56,-0.4,-0.11,1.33
1181,2021-12-06,27.48,26.8,27.59,26.75,48003,46800326.0,3.05,-2.65,-0.73,2.26
1182,2021-12-07,27.15,26.34,27.18,26.07,35365,33645691.0,4.14,-1.72,-0.46,1.67
1183,2021-12-08,26.55,26.75,27.13,26.31,33247,31960839.0,3.11,1.56,0.41,1.57
1184,2021-12-09,26.72,26.64,27.04,26.53,30092,28865157.0,1.91,-0.41,-0.11,1.42
1185,2021-12-10,26.55,26.8,27.02,26.42,30580,29407328.0,2.25,0.6,0.16,1.44
1186,2021-12-13,26.8,26.58,26.96,26.47,28329,27097824.0,1.83,-0.82,-0.22,1.34
1187,2021-12-14,26.58,26.36,26.61,26.17,27827,26330487.0,1.66,-0.83,-0.22,1.31
1188,2021-12-15,26.34,26.28,26.55,26.2,30092,28513903.0,1.33,-0.3,-0.08,1.42
1189,2021-12-16,26.39,26.72,26.8,26.26,34133,32587629.0,2.05,1.67,0.44,1.61
1190,2021-12-17,26.72,26.69,26.91,26.53,32282,30962575.0,1.42,-0.11,-0.03,1.52
1191,2021-12-20,26.83,26.12,26.83,26.07,38250,36139820.0,2.85,-2.14,-0.57,1.8
1192,2021-12-21,26.17,26.64,26.64,26.17,29809,28352987.0,1.8,1.99,0.52,1.4
1193,2021-12-22,26.64,26.5,26.8,26.45,27155,25940047.0,1.31,-0.53,-0.14,1.28
1194,2021-12-23,26.61,26.42,26.69,26.26,30577,29041282.0,1.62,-0.3,-0.08,1.44
1195,2021-12-24,26.53,25.47,26.58,25.41,57450,53069750.0,4.43,-3.6,-0.95,2.71
1196,2021-12-27,25.47,25.52,25.79,25.28,33670,30871222.0,2.0,0.2,0.05,1.59
1197,2021-12-28,25.63,25.9,25.96,25.52,28186,26126995.0,1.72,1.49,0.38,1.33
1198,2021-12-29,25.93,25.79,26.01,25.68,22237,20624965.0,1.27,-0.42,-0.11,1.05
1199,2021-12-30,25.79,26.01,26.04,25.79,24349,22662104.0,0.97,0.85,0.22,1.15
1200,2021-12-31,26.07,26.09,26.2,25.93,22911,21463094.0,1.04,0.31,0.08,1.08
