日期,CRB现货指数:综合
2009-01-02,315.08 
2009-01-05,319.43 
2009-01-06,326.19 
2009-01-07,324.37 
2009-01-08,322.83 
2009-01-09,327.25 
2009-01-12,322.88 
2009-01-13,322.46 
2009-01-14,321.86 
2009-01-15,321.78 
2009-01-16,325.08 
2009-01-20,322.02 
2009-01-21,321.58 
2009-01-22,322.04 
2009-01-23,323.83 
2009-01-26,325.30 
2009-01-27,321.67 
2009-01-28,320.48 
2009-01-29,318.16 
2009-01-30,321.21 
2009-02-02,319.42 
2009-02-03,317.38 
2009-02-04,317.50 
2009-02-05,316.90 
2009-02-06,319.39 
2009-02-09,321.97 
2009-02-10,320.59 
2009-02-11,319.27 
2009-02-12,318.81 
2009-02-13,320.34 
2009-02-17,316.00 
2009-02-18,314.25 
2009-02-19,315.13 
2009-02-20,311.19 
2009-02-23,310.56 
2009-02-24,310.38 
2009-02-25,312.96 
2009-02-26,313.69 
2009-02-27,311.41 
2009-03-02,309.26 
2009-03-03,309.15 
2009-03-04,312.91 
2009-03-05,312.84 
2009-03-06,313.79 
2009-03-09,311.72 
2009-03-10,311.15 
2009-03-11,308.93 
2009-03-12,307.47 
2009-03-13,306.69 
2009-03-16,306.83 
2009-03-17,307.38 
2009-03-18,305.59 
2009-03-19,310.28 
2009-03-20,310.75 
2009-03-23,310.75 
2009-03-24,314.17 
2009-03-25,313.57 
2009-03-26,315.99 
2009-03-27,317.32 
2009-03-30,317.31 
2009-03-31,320.69 
2009-04-01,321.05 
2009-04-02,324.70 
2009-04-03,328.02 
2009-04-06,327.17 
2009-04-07,328.10 
2009-04-08,326.57 
2009-04-09,329.17 
2009-04-13,329.52 
2009-04-14,329.42 
2009-04-15,331.18 
2009-04-16,332.22 
2009-04-17,336.41 
2009-04-20,334.39 
2009-04-21,335.46 
2009-04-22,335.66 
2009-04-23,340.62 
2009-04-24,340.75 
2009-04-27,337.94 
2009-04-28,335.54 
2009-04-29,337.55 
2009-04-30,338.57 
2009-05-01,340.72 
2009-05-04,339.70 
2009-05-05,340.00 
2009-05-06,343.29 
2009-05-07,347.91 
2009-05-08,350.36 
2009-05-11,350.35 
2009-05-12,353.08 
2009-05-13,353.08 
2009-05-14,353.58 
2009-05-15,353.49 
2009-05-18,354.38 
2009-05-19,355.19 
2009-05-20,355.89 
2009-05-21,354.82 
2009-05-22,356.32 
2009-05-26,355.80 
2009-05-27,357.01 
2009-05-28,356.84 
2009-05-29,364.90 
2009-06-01,370.35 
2009-06-02,370.84 
2009-06-03,366.53 
2009-06-04,368.27 
2009-06-05,367.94 
2009-06-08,368.97 
2009-06-09,372.79 
2009-06-10,372.37 
2009-06-11,374.75 
2009-06-12,371.70 
2009-06-15,367.17 
2009-06-16,364.63 
2009-06-17,364.25 
2009-06-18,363.20 
2009-06-19,362.20 
2009-06-22,357.47 
2009-06-23,359.39 
2009-06-24,359.91 
2009-06-25,360.22 
2009-06-26,363.08 
2009-06-29,363.60 
2009-06-30,360.92 
2009-07-01,362.23 
2009-07-02,361.02 
2009-07-06,357.92 
2009-07-07,356.76 
2009-07-08,353.10 
2009-07-09,356.85 
2009-07-10,355.13 
2009-07-13,356.77 
2009-07-14,358.36 
2009-07-15,359.81 
2009-07-16,362.52 
2009-07-17,363.95 
2009-07-20,368.63 
2009-07-21,367.46 
2009-07-22,364.87 
2009-07-23,372.15 
2009-07-24,370.95 
2009-07-27,372.71 
2009-07-28,371.19 
2009-07-29,368.68 
2009-07-30,373.58 
2009-07-31,372.36 
2009-08-03,377.70 
2009-08-04,374.69 
2009-08-05,381.73 
2009-08-06,381.73 
2009-08-07,380.91 
2009-08-10,382.98 
2009-08-11,383.39 
2009-08-12,384.59 
2009-08-13,385.42 
2009-08-14,384.87 
2009-08-17,379.10 
2009-08-18,378.39 
2009-08-19,377.93 
2009-08-20,377.97 
2009-08-21,379.34 
2009-08-24,381.05 
2009-08-25,381.15 
2009-08-26,380.17 
2009-08-27,380.24 
2009-08-28,381.50 
2009-08-31,381.53 
2009-09-01,381.31 
2009-09-02,380.99 
2009-09-03,382.95 
2009-09-04,381.65 
2009-09-08,383.86 
2009-09-09,383.14 
2009-09-10,384.65 
2009-09-11,386.93 
2009-09-14,383.78 
2009-09-15,378.76 
2009-09-16,380.80 
2009-09-17,381.42 
2009-09-18,379.88 
2009-09-21,378.45 
2009-09-22,380.49 
2009-09-23,377.09 
2009-09-24,375.99 
2009-09-25,373.48 
2009-09-28,372.89 
2009-09-29,372.18 
2009-09-30,372.51 
2009-10-01,372.50 
2009-10-02,368.41 
2009-10-05,368.86 
2009-10-06,372.17 
2009-10-07,371.86 
2009-10-08,373.68 
2009-10-09,374.12 
2009-10-12,376.13 
2009-10-13,377.70 
2009-10-14,378.32 
2009-10-15,377.42 
2009-10-16,377.76 
2009-10-19,381.15 
2009-10-20,382.30 
2009-10-21,384.90 
2009-10-22,385.89 
2009-10-23,388.28 
2009-10-26,389.12 
2009-10-27,388.78 
2009-10-28,386.90 
2009-10-29,391.29 
2009-10-30,389.15 
2009-11-02,391.76 
2009-11-03,393.63 
2009-11-04,395.16 
2009-11-05,394.55 
2009-11-06,394.29 
2009-11-09,397.90 
2009-11-10,401.85 
2009-11-11,401.24 
2009-11-12,400.20 
2009-11-13,400.92 
2009-11-16,404.85 
2009-11-17,404.45 
2009-11-18,405.44 
2009-11-19,405.93 
2009-11-20,407.99 
2009-11-23,409.42 
2009-11-24,410.66 
2009-11-25,414.48 
2009-11-27,414.09 
2009-11-30,414.40 
2009-12-01,416.86 
2009-12-02,416.78 
2009-12-03,416.83 
2009-12-04,417.18 
2009-12-07,415.08 
2009-12-08,414.19 
2009-12-09,414.44 
2009-12-10,414.26 
2009-12-11,415.51 
2009-12-14,416.28 
2009-12-15,415.72 
2009-12-16,418.10 
2009-12-17,415.52 
2009-12-18,414.12 
2009-12-21,413.20 
2009-12-22,414.86 
2009-12-23,415.26 
2009-12-24,416.60 
2009-12-28,418.96 
2009-12-29,421.48 
2009-12-30,422.97 
2009-12-31,421.13 
2010-01-04,429.65 
2010-01-05,429.26 
2010-01-06,431.58 
2010-01-07,433.93 
2010-01-08,432.49 
2010-01-11,433.82 
2010-01-12,428.41 
2010-01-13,429.07 
2010-01-14,429.34 
2010-01-15,427.98 
2010-01-19,430.08 
2010-01-20,430.59 
2010-01-21,430.61 
2010-01-22,428.18 
2010-01-25,427.61 
2010-01-26,426.80 
2010-01-27,421.66 
2010-01-28,422.44 
2010-01-29,415.18 
2010-02-01,411.63 
2010-02-02,412.19 
2010-02-03,409.64 
2010-02-04,409.34 
2010-02-05,406.46 
2010-02-08,409.15 
2010-02-09,412.79 
2010-02-10,415.57 
2010-02-11,417.10 
2010-02-12,415.91 
2010-02-16,419.74 
2010-02-17,419.68 
2010-02-18,419.58 
2010-02-19,422.65 
2010-02-22,425.58 
2010-02-23,423.39 
2010-02-24,426.24 
2010-02-25,424.09 
2010-02-26,427.60 
2010-03-01,428.11 
2010-03-02,428.43 
2010-03-03,430.84 
2010-03-04,433.50 
2010-03-05,434.05 
2010-03-08,436.51 
2010-03-09,435.23 
2010-03-10,435.85 
2010-03-11,433.38 
2010-03-12,433.68 
2010-03-15,432.70 
2010-03-16,434.17 
2010-03-17,435.10 
2010-03-18,436.66 
2010-03-19,436.97 
2010-03-22,436.96 
2010-03-23,435.04 
2010-03-24,433.04 
2010-03-25,431.47 
2010-03-26,431.55 
2010-03-29,432.86 
2010-03-30,433.11 
2010-03-31,431.44 
2010-04-01,434.00 
2010-04-05,435.71 
2010-04-06,438.19 
2010-04-07,439.35 
2010-04-08,436.89 
2010-04-09,437.05 
2010-04-12,437.23 
2010-04-13,438.86 
2010-04-14,441.00 
2010-04-15,442.86 
2010-04-16,444.01 
2010-04-19,440.92 
2010-04-20,444.69 
2010-04-21,444.16 
2010-04-22,445.62 
2010-04-23,445.96 
2010-04-26,446.06 
2010-04-27,446.18 
2010-04-28,444.07 
2010-04-29,443.86 
2010-04-30,444.43 
2010-05-03,444.59 
2010-05-04,442.76 
2010-05-05,441.50 
2010-05-06,438.85 
2010-05-07,435.47 
2010-05-10,435.21 
2010-05-11,433.73 
2010-05-12,433.93 
2010-05-13,433.53 
2010-05-14,429.78 
2010-05-17,426.44 
2010-05-18,427.12 
2010-05-19,428.20 
2010-05-20,426.85 
2010-05-21,428.58 
2010-05-24,429.36 
2010-05-25,427.11 
2010-05-26,426.19 
2010-05-27,424.70 
2010-05-28,424.86 
2010-06-01,421.59 
2010-06-02,420.47 
2010-06-03,418.73 
2010-06-04,414.47 
2010-06-07,411.73 
2010-06-08,412.50 
2010-06-09,415.75 
2010-06-10,416.30 
2010-06-11,418.71 
2010-06-14,421.49 
2010-06-15,422.54 
2010-06-16,424.24 
2010-06-17,423.95 
2010-06-18,423.06 
2010-06-21,426.11 
2010-06-22,425.76 
2010-06-23,424.62 
2010-06-24,425.61 
2010-06-25,425.57 
2010-06-28,425.79 
2010-06-29,418.89 
2010-06-30,421.68 
2010-07-01,421.31 
2010-07-02,420.21 
2010-07-06,421.50 
2010-07-07,419.87 
2010-07-08,421.34 
2010-07-09,421.62 
2010-07-12,420.66 
2010-07-13,421.33 
2010-07-14,420.65 
2010-07-15,422.00 
2010-07-16,420.89 
2010-07-19,421.13 
2010-07-20,422.12 
2010-07-21,425.40 
2010-07-22,428.90 
2010-07-23,428.16 
2010-07-26,429.75 
2010-07-27,430.42 
2010-07-28,434.33 
2010-07-29,435.69 
2010-07-30,438.56 
2010-08-02,440.74 
2010-08-03,440.87 
2010-08-04,443.67 
2010-08-05,446.78 
2010-08-06,446.03 
2010-08-09,445.14 
2010-08-10,442.89 
2010-08-11,443.20 
2010-08-12,445.18 
2010-08-13,447.48 
2010-08-16,448.79 
2010-08-17,452.02 
2010-08-18,452.81 
2010-08-19,452.55 
2010-08-20,450.10 
2010-08-23,453.22 
2010-08-24,453.71 
2010-08-25,453.26 
2010-08-26,455.46 
2010-08-27,455.38 
2010-08-30,456.03 
2010-08-31,455.40 
2010-09-01,458.51 
2010-09-02,459.40 
2010-09-03,461.29 
2010-09-07,464.24 
2010-09-08,465.32 
2010-09-09,466.13 
2010-09-10,465.66 
2010-09-13,466.28 
2010-09-14,468.80 
2010-09-15,470.93 
2010-09-16,471.53 
2010-09-17,475.49 
2010-09-20,478.64 
2010-09-21,479.61 
2010-09-22,480.36 
2010-09-23,481.56 
2010-09-24,485.14 
2010-09-27,483.97 
2010-09-28,483.87 
2010-09-29,484.65 
2010-09-30,487.26 
2010-10-01,483.78 
2010-10-04,481.65 
2010-10-05,487.89 
2010-10-06,485.52 
2010-10-07,487.52 
2010-10-08,491.48 
2010-10-11,491.54 
2010-10-12,490.46 
2010-10-13,491.32 
2010-10-14,491.41 
2010-10-15,489.76 
2010-10-18,489.68 
2010-10-19,487.46 
2010-10-20,488.09 
2010-10-21,487.54 
2010-10-22,487.88 
2010-10-25,489.67 
2010-10-26,493.93 
2010-10-27,491.99 
2010-10-28,491.27 
2010-10-29,490.03 
2010-11-01,489.96 
2010-11-02,490.08 
2010-11-03,494.36 
2010-11-04,500.01 
2010-11-05,500.03 
2010-11-08,496.69 
2010-11-09,500.08 
2010-11-10,498.54 
2010-11-11,501.34 
2010-11-12,495.45 
2010-11-15,493.59 
2010-11-16,487.68 
2010-11-17,481.96 
2010-11-18,487.37 
2010-11-19,488.06 
2010-11-22,485.02 
2010-11-23,483.24 
2010-11-24,487.76 
2010-11-26,486.31 
2010-11-29,484.22 
2010-11-30,483.96 
2010-12-01,490.10 
2010-12-02,493.01 
2010-12-03,498.29 
2010-12-06,500.15 
2010-12-07,501.46 
2010-12-08,503.87 
2010-12-09,505.60 
2010-12-10,503.96 
2010-12-13,506.12 
2010-12-14,505.06 
2010-12-15,503.85 
2010-12-16,505.10 
2010-12-17,505.80 
2010-12-20,508.09 
2010-12-21,511.97 
2010-12-22,512.92 
2010-12-23,513.72 
2010-12-27,515.70 
2010-12-28,517.73 
2010-12-29,517.72 
2010-12-30,518.66 
2010-12-31,520.33 
2011-01-03,523.47 
2011-01-04,521.68 
2011-01-05,524.75 
2011-01-06,523.85 
2011-01-07,522.03 
2011-01-10,525.62 
2011-01-11,532.53 
2011-01-12,536.32 
2011-01-13,537.91 
2011-01-14,536.92 
2011-01-18,541.06 
2011-01-19,540.81 
2011-01-20,541.49 
2011-01-21,542.10 
2011-01-24,546.27 
2011-01-25,545.38 
2011-01-26,548.16 
2011-01-27,550.04 
2011-01-28,551.03 
2011-01-31,554.45 
2011-02-01,556.51 
2011-02-02,558.28 
2011-02-03,557.91 
2011-02-04,559.39 
2011-02-07,560.10 
2011-02-08,561.89 
2011-02-09,564.94 
2011-02-10,566.05 
2011-02-11,563.84 
2011-02-14,563.18 
2011-02-15,561.46 
2011-02-16,561.68 
2011-02-17,563.88 
2011-02-18,561.87 
2011-02-22,557.43 
2011-02-23,557.39 
2011-02-24,555.02 
2011-02-25,561.86 
2011-02-28,565.78 
2011-03-01,565.97 
2011-03-02,567.21 
2011-03-03,568.52 
2011-03-04,572.98 
2011-03-07,571.94 
2011-03-08,569.32 
2011-03-09,567.47 
2011-03-10,565.15 
2011-03-11,560.25 
2011-03-14,559.05 
2011-03-15,551.59 
2011-03-16,550.45 
2011-03-17,558.23 
2011-03-18,560.26 
2011-03-21,560.56 
2011-03-22,562.52 
2011-03-23,563.14 
2011-03-24,568.87 
2011-03-25,570.15 
2011-03-28,570.75 
2011-03-29,571.57 
2011-03-30,569.27 
2011-03-31,575.25 
2011-04-01,576.28 
2011-04-04,576.24 
2011-04-05,578.75 
2011-04-06,578.06 
2011-04-07,578.06 
2011-04-08,579.68 
2011-04-11,580.32 
2011-04-12,579.02 
2011-04-13,577.88 
2011-04-14,576.31 
2011-04-15,574.43 
2011-04-18,575.97 
2011-04-19,575.44 
2011-04-20,575.48 
2011-04-21,576.80 
2011-04-25,575.23 
2011-04-26,573.39 
2011-04-27,569.79 
2011-04-28,566.37 
2011-04-29,569.61 
2011-05-02,569.70 
2011-05-03,568.06 
2011-05-04,565.64 
2011-05-05,558.79 
2011-05-06,554.03 
2011-05-09,555.55 
2011-05-10,559.28 
2011-05-11,554.94 
2011-05-12,553.68 
2011-05-13,553.25 
2011-05-16,554.00 
2011-05-17,556.23 
2011-05-18,560.45 
2011-05-19,560.23 
2011-05-20,560.26 
2011-05-23,555.63 
2011-05-24,555.17 
2011-05-25,559.08 
2011-05-26,561.18 
2011-05-27,561.91 
2011-05-31,564.53 
2011-06-01,564.54 
2011-06-02,565.88 
2011-06-03,563.15 
2011-06-06,559.42 
2011-06-07,558.50 
2011-06-08,560.85 
2011-06-09,562.62 
2011-06-10,562.63 
2011-06-13,560.21 
2011-06-14,560.64 
2011-06-15,560.32 
2011-06-16,556.25 
2011-06-17,556.91 
2011-06-20,554.79 
2011-06-21,555.84 
2011-06-22,552.96 
2011-06-23,551.18 
2011-06-24,550.81 
2011-06-27,549.36 
2011-06-28,551.03 
2011-06-29,552.29 
2011-06-30,550.30 
2011-07-01,548.02 
2011-07-05,550.90 
2011-07-06,550.96 
2011-07-07,553.38 
2011-07-08,552.40 
2011-07-11,548.17 
2011-07-12,547.37 
2011-07-13,552.36 
2011-07-14,555.74 
2011-07-15,553.81 
2011-07-18,553.27 
2011-07-19,555.00 
2011-07-20,555.39 
2011-07-21,555.25 
2011-07-22,556.51 
2011-07-25,553.68 
2011-07-26,556.82 
2011-07-27,556.96 
2011-07-28,556.06 
2011-07-29,553.92 
2011-08-01,556.42 
2011-08-02,557.77 
2011-08-03,553.98 
2011-08-04,551.12 
2011-08-05,547.37 
2011-08-08,540.36 
2011-08-09,540.79 
2011-08-10,539.63 
2011-08-11,538.88 
2011-08-12,541.13 
2011-08-15,543.41 
2011-08-16,540.87 
2011-08-17,543.02 
2011-08-18,539.89 
2011-08-19,539.91 
2011-08-22,539.06 
2011-08-23,540.57 
2011-08-24,538.56 
2011-08-25,537.85 
2011-08-26,541.57 
2011-08-29,543.02 
2011-08-30,543.48 
2011-08-31,544.28 
2011-09-01,541.22 
2011-09-02,541.84 
2011-09-06,541.33 
2011-09-07,541.75 
2011-09-08,542.10 
2011-09-09,540.71 
2011-09-12,538.50 
2011-09-13,535.94 
2011-09-14,536.15 
2011-09-15,535.35 
2011-09-16,533.61 
2011-09-19,528.29 
2011-09-20,527.43 
2011-09-21,526.14 
2011-09-22,517.13 
2011-09-23,514.01 
2011-09-26,514.28 
2011-09-27,513.38 
2011-09-28,509.49 
2011-09-29,507.87 
2011-09-30,503.56 
2011-10-03,503.56 
2011-10-04,502.79 
2011-10-05,504.72 
2011-10-06,505.86 
2011-10-07,504.62 
2011-10-10,503.34 
2011-10-11,507.98 
2011-10-12,507.45 
2011-10-13,507.06 
2011-10-14,508.56 
2011-10-17,508.42 
2011-10-18,507.61 
2011-10-19,507.35 
2011-10-20,503.93 
2011-10-21,503.95 
2011-10-24,506.40 
2011-10-25,510.69 
2011-10-26,508.88 
2011-10-27,509.92 
2011-10-28,510.91 
2011-10-31,510.23 
2011-11-01,507.15 
2011-11-02,506.75 
2011-11-03,506.31 
2011-11-04,501.99 
2011-11-07,504.01 
2011-11-08,503.56 
2011-11-09,500.53 
2011-11-10,498.81 
2011-11-11,499.23 
2011-11-14,495.45 
2011-11-15,497.27 
2011-11-16,496.32 
2011-11-17,493.34 
2011-11-18,492.81 
2011-11-21,488.37 
2011-11-22,487.62 
2011-11-23,486.16 
2011-11-25,485.45 
2011-11-28,487.03 
2011-11-29,489.04 
2011-11-30,489.92 
2011-12-01,488.81 
2011-12-02,488.68 
2011-12-05,487.68 
2011-12-06,486.40 
2011-12-07,486.32 
2011-12-08,486.26 
2011-12-09,484.37 
2011-12-12,481.09 
2011-12-13,479.77 
2011-12-14,475.24 
2011-12-15,474.54 
2011-12-16,475.30 
2011-12-19,475.45 
2011-12-20,476.02 
2011-12-21,476.70 
2011-12-22,476.67 
2011-12-23,478.67 
2011-12-27,479.80 
2011-12-28,479.95 
2011-12-29,480.99 
2011-12-30,482.01 
2012-01-03,483.93 
2012-01-04,484.21 
2012-01-05,483.43 
2012-01-06,480.76 
2012-01-09,482.46 
2012-01-10,483.00 
2012-01-11,483.80 
2012-01-12,482.72 
2012-01-13,481.37 
2012-01-17,485.06 
2012-01-18,486.60 
2012-01-19,488.00 
2012-01-20,489.86 
2012-01-23,490.64 
2012-01-24,491.20 
2012-01-25,491.91 
2012-01-26,496.67 
2012-01-27,501.20 
2012-01-30,498.33 
2012-01-31,499.00 
2012-02-01,500.38 
2012-02-02,500.97 
2012-02-03,502.54 
2012-02-06,498.79 
2012-02-07,497.73 
2012-02-08,498.55 
2012-02-09,500.30 
2012-02-10,498.05 
2012-02-13,497.01 
2012-02-14,495.44 
2012-02-15,494.72 
2012-02-16,495.31 
2012-02-17,495.92 
2012-02-21,497.71 
2012-02-22,498.72 
2012-02-23,500.23 
2012-02-24,501.63 
2012-02-27,501.08 
2012-02-28,502.72 
2012-02-29,503.46 
2012-03-01,503.72 
2012-03-02,503.97 
2012-03-05,505.47 
2012-03-06,501.19 
2012-03-07,499.74 
2012-03-08,500.01 
2012-03-09,501.98 
2012-03-12,503.32 
2012-03-13,504.41 
2012-03-14,505.09 
2012-03-15,505.72 
2012-03-16,504.84 
2012-03-19,505.15 
2012-03-20,502.34 
2012-03-21,501.28 
2012-03-22,499.94 
2012-03-23,501.06 
2012-03-26,501.92 
2012-03-27,491.27 
2012-03-28,498.01 
2012-03-29,493.92 
2012-03-30,497.18 
2012-04-02,496.98 
2012-04-03,496.74 
2012-04-04,494.45 
2012-04-05,495.21 
2012-04-09,492.63 
2012-04-10,490.36 
2012-04-11,490.09 
2012-04-12,491.42 
2012-04-13,492.34 
2012-04-16,488.05 
2012-04-17,488.28 
2012-04-18,486.82 
2012-04-19,487.49 
2012-04-20,487.89 
2012-04-23,487.22 
2012-04-24,489.15 
2012-04-25,489.19 
2012-04-26,490.81 
2012-04-27,492.40 
2012-04-30,491.42 
2012-05-01,491.41 
2012-05-02,489.41 
2012-05-03,488.48 
2012-05-04,483.73 
2012-05-07,487.57 
2012-05-08,485.99 
2012-05-09,484.07 
2012-05-10,481.02 
2012-05-11,480.34 
2012-05-14,479.72 
2012-05-15,480.76 
2012-05-16,480.40 
2012-05-17,480.32 
2012-05-18,480.59 
2012-05-21,482.89 
2012-05-22,479.90 
2012-05-23,476.36 
2012-05-24,475.63 
2012-05-25,473.96 
2012-05-29,473.07 
2012-05-30,472.01 
2012-05-31,472.32 
2012-06-01,467.99 
2012-06-04,468.38 
2012-06-05,468.55 
2012-06-06,469.97 
2012-06-07,474.80 
2012-06-08,474.01 
2012-06-11,477.20 
2012-06-12,476.20 
2012-06-13,476.54 
2012-06-14,476.11 
2012-06-15,477.46 
2012-06-18,479.21 
2012-06-19,481.13 
2012-06-20,480.63 
2012-06-21,475.83 
2012-06-22,474.61 
2012-06-25,476.98 
2012-06-26,475.60 
2012-06-27,472.08 
2012-06-28,471.59 
2012-06-29,475.58 
2012-07-02,477.85 
2012-07-03,480.82 
2012-07-05,483.80 
2012-07-06,481.45 
2012-07-09,482.72 
2012-07-10,477.63 
2012-07-11,479.21 
2012-07-12,478.53 
2012-07-13,479.06 
2012-07-16,481.40 
2012-07-17,480.59 
2012-07-18,482.77 
2012-07-19,484.27 
2012-07-20,484.70 
2012-07-23,482.34 
2012-07-24,477.99 
2012-07-25,478.86 
2012-07-26,480.20 
2012-07-27,481.54 
2012-07-30,482.44 
2012-07-31,480.83 
2012-08-01,478.51 
2012-08-02,477.11 
2012-08-03,479.93 
2012-08-06,482.05 
2012-08-07,487.98 
2012-08-08,489.15 
2012-08-09,490.17 
2012-08-10,487.99 
2012-08-13,486.47 
2012-08-14,487.61 
2012-08-15,488.44 
2012-08-16,487.41 
2012-08-17,488.59 
2012-08-20,490.26 
2012-08-21,492.90 
2012-08-22,493.39 
2012-08-23,492.97 
2012-08-24,493.21 
2012-08-27,492.45 
2012-08-28,490.90 
2012-08-29,492.77 
2012-08-30,491.13 
2012-08-31,490.70 
2012-09-04,491.16 
2012-09-05,491.95 
2012-09-06,491.65 
2012-09-07,493.64 
2012-09-10,492.08 
2012-09-11,491.54 
2012-09-12,491.81 
2012-09-13,492.08 
2012-09-14,495.33 
2012-09-17,493.14 
2012-09-18,491.69 
2012-09-19,494.55 
2012-09-20,494.68 
2012-09-21,492.49 
2012-09-24,495.09 
2012-09-25,496.64 
2012-09-26,496.20 
2012-09-27,495.06 
2012-09-28,497.31 
2012-10-01,497.67 
2012-10-02,496.28 
2012-10-03,495.40 
2012-10-04,494.10 
2012-10-05,493.44 
2012-10-08,491.77 
2012-10-09,489.44 
2012-10-10,488.52 
2012-10-11,489.43 
2012-10-12,488.24 
2012-10-15,485.45 
2012-10-16,485.27 
2012-10-17,485.94 
2012-10-18,487.46 
2012-10-19,486.68 
2012-10-22,485.27 
2012-10-23,482.00 
2012-10-24,480.79 
2012-10-25,478.54 
2012-10-26,477.53 
2012-10-29,476.76 
2012-10-30,476.54 
2012-10-31,476.16 
2012-11-01,477.12 
2012-11-02,475.49 
2012-11-05,474.51 
2012-11-06,475.65 
2012-11-07,474.64 
2012-11-08,477.95 
2012-11-09,477.14 
2012-11-12,476.16 
2012-11-13,476.94 
2012-11-14,477.31 
2012-11-15,479.06 
2012-11-16,476.98 
2012-11-19,475.85 
2012-11-20,477.13 
2012-11-21,477.20 
2012-11-23,477.46 
2012-11-26,478.25 
2012-11-27,480.74 
2012-11-28,480.94 
2012-11-29,482.21 
2012-11-30,483.47 
2012-12-03,483.19 
2012-12-04,484.53 
2012-12-05,487.38 
2012-12-06,486.63 
2012-12-07,484.52 
2012-12-10,484.21 
2012-12-11,484.51 
2012-12-12,485.82 
2012-12-13,483.87 
2012-12-14,485.31 
2012-12-17,485.39 
2012-12-18,485.49 
2012-12-19,486.00 
2012-12-20,485.63 
2012-12-21,485.52 
2012-12-24,484.33 
2012-12-26,484.35 
2012-12-27,483.62 
2012-12-28,483.35 
2012-12-31,484.07 
2013-01-02,483.20 
2013-01-03,483.15 
2013-01-04,483.35 
2013-01-07,483.41 
2013-01-08,482.29 
2013-01-09,483.17 
2013-01-10,485.11 
2013-01-11,484.79 
2013-01-14,485.37 
2013-01-15,486.20 
2013-01-16,485.79 
2013-01-17,485.77 
2013-01-18,487.44 
2013-01-22,490.35 
2013-01-23,487.28 
2013-01-24,490.70 
2013-01-25,487.46 
2013-01-28,488.11 
2013-01-29,487.22 
2013-01-30,490.05 
2013-01-31,491.52 
2013-02-01,491.81 
2013-02-04,490.15 
2013-02-05,489.68 
2013-02-06,487.64 
2013-02-07,483.94 
2013-02-08,484.43 
2013-02-11,484.64 
2013-02-12,484.51 
2013-02-13,484.35 
2013-02-14,483.93 
2013-02-15,482.87 
2013-02-19,481.39 
2013-02-20,481.45 
2013-02-21,479.46 
2013-02-22,475.81 
2013-02-25,475.09 
2013-02-26,475.38 
2013-02-27,476.53 
2013-02-28,477.73 
2013-03-01,477.22 
2013-03-04,477.71 
2013-03-05,477.92 
2013-03-06,477.58 
2013-03-07,478.37 
2013-03-08,480.93 
2013-03-11,481.61 
2013-03-12,481.90 
2013-03-13,482.00 
2013-03-14,483.36 
2013-03-15,483.09 
2013-03-18,480.83 
2013-03-19,481.69 
2013-03-20,481.62 
2013-03-21,481.85 
2013-03-22,481.58 
2013-03-25,482.25 
2013-03-26,483.25 
2013-03-27,482.54 
2013-03-28,479.78 
2013-04-01,478.77 
2013-04-02,478.58 
2013-04-03,478.68 
2013-04-04,478.08 
2013-04-05,478.20 
2013-04-08,477.99 
2013-04-09,479.34 
2013-04-10,477.29 
2013-04-11,479.41 
2013-04-12,478.38 
2013-04-15,474.82 
2013-04-16,476.08 
2013-04-17,475.86 
2013-04-18,476.12 
2013-04-19,476.44 
2013-04-22,475.46 
2013-04-23,472.74 
2013-04-24,473.11 
2013-04-25,475.36 
2013-04-26,474.39 
2013-04-29,473.91 
2013-04-30,478.34 
2013-05-01,475.34 
2013-05-02,476.53 
2013-05-03,477.47 
2013-05-06,474.96 
2013-05-07,476.56 
2013-05-08,477.30 
2013-05-09,476.64 
2013-05-10,474.76 
2013-05-13,475.75 
2013-05-14,475.20 
2013-05-15,474.61 
2013-05-16,473.78 
2013-05-17,473.91 
2013-05-20,474.48 
2013-05-21,474.55 
2013-05-22,474.13 
2013-05-23,473.60 
2013-05-24,472.45 
2013-05-28,473.37 
2013-05-29,472.47 
2013-05-30,472.67 
2013-05-31,472.94 
2013-06-03,474.69 
2013-06-04,475.32 
2013-06-05,475.44 
2013-06-06,474.84 
2013-06-07,476.52 
2013-06-10,476.12 
2013-06-11,477.35 
2013-06-12,477.71 
2013-06-13,477.62 
2013-06-14,476.22 
2013-06-17,476.26 
2013-06-18,474.43 
2013-06-19,476.15 
2013-06-20,472.52 
2013-06-21,470.56 
2013-06-24,473.42 
2013-06-25,471.23 
2013-06-26,469.90 
2013-06-27,468.67 
2013-06-28,468.12 
2013-07-01,469.23 
2013-07-02,470.01 
2013-07-03,472.10 
2013-07-05,469.50 
2013-07-08,470.17 
2013-07-09,470.96 
2013-07-10,471.81 
2013-07-11,471.81 
2013-07-12,469.67 
2013-07-15,467.99 
2013-07-16,468.64 
2013-07-17,468.31 
2013-07-18,470.10 
2013-07-19,470.77 
2013-07-22,471.80 
2013-07-23,470.10 
2013-07-24,470.36 
2013-07-25,470.19 
2013-07-26,468.32 
2013-07-29,467.24 
2013-07-30,466.48 
2013-07-31,467.95 
2013-08-01,468.27 
2013-08-02,466.83 
2013-08-05,467.75 
2013-08-06,466.91 
2013-08-07,467.46 
2013-08-08,468.00 
2013-08-09,469.11 
2013-08-12,472.67 
2013-08-13,472.42 
2013-08-14,471.68 
2013-08-15,473.06 
2013-08-16,472.34 
2013-08-19,474.66 
2013-08-20,471.32 
2013-08-21,471.70 
2013-08-22,470.58 
2013-08-23,472.35 
2013-08-26,474.84 
2013-08-27,472.30 
2013-08-28,474.50 
2013-08-29,472.99 
2013-08-30,472.96 
2013-09-03,472.46 
2013-09-04,472.50 
2013-09-05,471.11 
2013-09-06,472.57 
2013-09-09,469.97 
2013-09-10,470.53 
2013-09-11,471.63 
2013-09-12,473.08 
2013-09-13,470.60 
2013-09-16,470.47 
2013-09-17,469.88 
2013-09-18,468.79 
2013-09-19,471.14 
2013-09-20,470.93 
2013-09-23,469.67 
2013-09-24,469.45 
2013-09-25,468.89 
2013-09-26,470.57 
2013-09-27,470.61 
2013-09-30,467.57 
2013-10-01,467.99 
2013-10-02,466.77 
2013-10-03,466.86 
2013-10-04,467.06 
2013-10-07,465.16 
2013-10-08,464.57 
2013-10-09,464.38 
2013-10-10,465.36 
2013-10-11,465.49 
2013-10-14,466.08 
2013-10-15,466.35 
2013-10-16,466.66 
2013-10-17,459.38 
2013-10-18,459.55 
2013-10-21,457.72 
2013-10-22,457.94 
2013-10-23,458.16 
2013-10-24,457.83 
2013-10-25,457.44 
2013-10-28,457.24 
2013-10-29,457.48 
2013-10-30,458.50 
2013-10-31,457.26 
2013-11-01,457.13 
2013-11-04,456.72 
2013-11-05,455.05 
2013-11-06,455.20 
2013-11-07,455.80 
2013-11-08,458.19 
2013-11-11,457.50 
2013-11-12,457.05 
2013-11-13,457.17 
2013-11-14,456.80 
2013-11-15,458.63 
2013-11-18,457.44 
2013-11-19,457.98 
2013-11-20,459.12 
2013-11-21,459.72 
2013-11-22,460.36 
2013-11-25,462.11 
2013-11-26,462.84 
2013-11-27,462.20 
2013-11-29,463.15 
2013-12-02,462.64 
2013-12-03,461.84 
2013-12-04,462.25 
2013-12-05,461.66 
2013-12-06,460.98 
2013-12-09,460.95 
2013-12-10,464.04 
2013-12-11,465.67 
2013-12-12,465.67 
2013-12-13,460.69 
2013-12-16,462.09 
2013-12-17,460.51 
2013-12-18,459.31 
2013-12-19,453.63 
2013-12-20,454.22 
2013-12-23,455.32 
2013-12-24,455.54 
2013-12-27,456.62 
2013-12-30,455.72 
2013-12-31,456.36 
2014-01-02,455.35 
2014-01-03,455.69 
2014-01-06,456.76 
2014-01-07,456.63 
2014-01-08,455.47 
2014-01-09,455.15 
2014-01-10,472.43 
2014-01-13,456.52 
2014-01-14,457.59 
2014-01-15,459.65 
2014-01-16,459.29 
2014-01-17,458.30 
2014-01-21,459.24 
2014-01-22,459.95 
2014-01-23,459.09 
2014-01-24,458.12 
2014-01-27,456.48 
2014-01-28,456.83 
2014-01-29,456.45 
2014-01-30,457.34 
2014-01-31,457.98 
2014-02-03,458.13 
2014-02-04,459.27 
2014-02-05,460.13 
2014-02-06,460.39 
2014-02-07,459.87 
2014-02-10,458.49 
2014-02-11,459.52 
2014-02-12,459.69 
2014-02-13,460.91 
2014-02-14,462.56 
2014-02-18,465.50 
2014-02-19,466.56 
2014-02-20,467.76 
2014-02-21,467.54 
2014-02-24,470.70 
2014-02-25,470.93 
2014-02-26,475.21 
2014-02-27,475.63 
2014-02-28,478.54 
2014-03-03,480.53 
2014-03-04,482.85 
2014-03-05,483.20 
2014-03-06,486.49 
2014-03-07,485.78 
2014-03-10,484.33 
2014-03-11,483.99 
2014-03-12,485.27 
2014-03-13,483.61 
2014-03-14,485.48 
2014-03-17,484.58 
2014-03-18,485.86 
2014-03-19,487.06 
2014-03-20,488.62 
2014-03-21,488.56 
2014-03-24,490.58 
2014-03-25,492.61 
2014-03-26,492.47 
2014-03-27,494.13 
2014-03-28,493.69 
2014-03-31,493.68 
2014-04-01,494.92 
2014-04-02,492.92 
2014-04-03,494.49 
2014-04-04,494.06 
2014-04-07,493.99 
2014-04-08,495.67 
2014-04-09,495.25 
2014-04-10,493.89 
2014-04-11,493.16 
2014-04-14,499.25 
2014-04-15,499.29 
2014-04-16,499.18 
2014-04-17,499.54 
2014-04-21,498.19 
2014-04-22,499.42 
2014-04-23,500.09 
2014-04-24,500.65 
2014-04-25,500.26 
2014-04-28,500.76 
2014-04-29,501.42 
2014-04-30,501.35 
2014-05-01,501.33 
2014-05-02,502.39 
2014-05-05,503.29 
2014-05-06,504.52 
2014-05-07,503.68 
2014-05-08,502.99 
2014-05-09,501.14 
2014-05-12,501.09 
2014-05-13,502.82 
2014-05-14,502.25 
2014-05-15,500.96 
2014-05-16,500.49 
2014-05-19,499.51 
2014-05-20,499.98 
2014-05-21,499.05 
2014-05-22,498.66 
2014-05-23,498.31 
2014-05-27,498.99 
2014-05-28,499.23 
2014-05-29,499.65 
2014-05-30,497.99 
2014-06-02,498.64 
2014-06-03,497.34 
2014-06-04,497.84 
2014-06-05,496.84 
2014-06-06,497.19 
2014-06-09,497.08 
2014-06-10,497.81 
2014-06-11,491.86 
2014-06-12,491.74 
2014-06-13,492.48 
2014-06-16,491.77 
2014-06-17,491.13 
2014-06-18,493.76 
2014-06-19,495.39 
2014-06-20,496.10 
2014-06-23,497.36 
2014-06-24,497.15 
2014-06-25,496.97 
2014-06-26,496.38 
2014-06-27,497.23 
2014-06-30,496.40 
2014-07-01,497.09 
2014-07-02,496.86 
2014-07-03,496.00 
2014-07-07,494.71 
2014-07-08,493.87 
2014-07-09,492.11 
2014-07-10,491.82 
2014-07-11,489.24 
2014-07-14,489.94 
2014-07-15,489.56 
2014-07-16,488.82 
2014-07-17,489.41 
2014-07-18,488.41 
2014-07-21,488.86 
2014-07-22,488.41 
2014-07-23,489.88 
2014-07-24,490.44 
2014-07-25,490.45 
2014-07-28,490.92 
2014-07-29,490.36 
2014-07-30,488.74 
2014-07-31,488.47 
2014-08-01,487.27 
2014-08-04,488.36 
2014-08-05,487.03 
2014-08-06,487.80 
2014-08-07,486.09 
2014-08-08,484.58 
2014-08-11,484.92 
2014-08-12,483.54 
2014-08-13,484.13 
2014-08-14,483.76 
2014-08-15,483.46 
2014-08-18,482.69 
2014-08-19,482.53 
2014-08-20,482.85 
2014-08-21,484.37 
2014-08-22,485.20 
2014-08-25,484.76 
2014-08-26,485.76 
2014-08-27,484.46 
2014-08-28,484.06 
2014-08-29,483.83 
2014-09-02,482.27 
2014-09-03,481.15 
2014-09-04,483.11 
2014-09-05,484.22 
2014-09-08,485.77 
2014-09-09,484.60 
2014-09-10,485.11 
2014-09-11,485.71 
2014-09-12,484.94 
2014-09-15,480.59 
2014-09-16,478.66 
2014-09-17,479.57 
2014-09-18,477.73 
2014-09-19,477.65 
2014-09-22,476.69 
2014-09-23,475.74 
2014-09-24,476.04 
2014-09-25,475.12 
2014-09-26,475.32 
2014-09-29,475.39 
2014-09-30,473.42 
2014-10-01,473.66 
2014-10-02,472.20 
2014-10-03,470.64 
2014-10-06,472.64 
2014-10-07,474.01 
2014-10-08,472.80 
2014-10-09,472.59 
2014-10-10,471.91 
2014-10-13,470.55 
2014-10-14,471.16 
2014-10-15,466.06 
2014-10-16,464.70 
2014-10-17,461.89 
2014-10-20,460.53 
2014-10-21,461.77 
2014-10-22,459.95 
2014-10-23,460.32 
2014-10-24,458.32 
2014-10-27,458.94 
2014-10-28,459.04 
2014-10-29,460.99 
2014-10-30,460.39 
2014-10-31,458.92 
2014-11-03,458.98 
2014-11-04,457.63 
2014-11-05,457.70 
2014-11-06,457.92 
2014-11-07,456.39 
2014-11-10,455.63 
2014-11-11,457.46 
2014-11-12,456.39 
2014-11-13,454.31 
2014-11-14,453.56 
2014-11-17,454.08 
2014-11-18,454.37 
2014-11-19,451.97 
2014-11-20,453.24 
2014-11-21,454.70 
2014-11-24,455.88 
2014-11-25,456.61 
2014-11-26,456.27 
2014-11-28,454.64 
2014-12-01,455.32 
2014-12-02,454.63 
2014-12-03,454.20 
2014-12-04,452.46 
2014-12-05,452.00 
2014-12-08,451.75 
2014-12-09,450.90 
2014-12-10,449.95 
2014-12-11,448.86 
2014-12-12,449.22 
2014-12-15,448.71 
2014-12-16,443.36 
2014-12-17,440.56 
2014-12-18,439.75 
2014-12-19,440.72 
2014-12-22,440.31 
2014-12-23,440.06 
2014-12-24,438.81 
2014-12-26,439.41 
2014-12-29,439.46 
2014-12-30,439.68 
2014-12-31,437.75 
2015-01-02,437.59 
2015-01-05,435.69 
2015-01-06,434.51 
2015-01-07,434.64 
2015-01-08,434.50 
2015-01-09,434.64 
2015-01-12,433.63 
2015-01-13,432.40 
2015-01-14,428.60 
2015-01-15,428.75 
2015-01-16,429.43 
2015-01-20,426.88 
2015-01-21,426.75 
2015-01-22,424.96 
2015-01-23,424.39 
2015-01-26,424.27 
2015-01-27,423.69 
2015-01-28,422.96 
2015-01-29,422.30 
2015-01-30,422.45 
2015-02-02,422.81 
2015-02-03,425.26 
2015-02-04,425.29 
2015-02-05,425.95 
2015-02-06,424.91 
2015-02-09,425.17 
2015-02-10,417.11 
2015-02-11,416.11 
2015-02-12,415.90 
2015-02-13,418.72 
2015-02-17,418.49 
2015-02-18,417.50 
2015-02-19,419.00 
2015-02-20,418.48 
2015-02-23,417.76 
2015-02-24,419.93 
2015-02-25,419.42 
2015-02-26,419.67 
2015-02-27,420.92 
2015-03-02,421.57 
2015-03-03,421.69 
2015-03-04,421.67 
2015-03-05,421.35 
2015-03-06,419.44 
2015-03-09,418.71 
2015-03-10,416.93 
2015-03-11,415.86 
2015-03-12,415.84 
2015-03-13,414.53 
2015-03-16,413.99 
2015-03-17,412.74 
2015-03-18,412.97 
2015-03-19,413.71 
2015-03-20,415.29 
2015-03-23,417.03 
2015-03-24,417.35 
2015-03-25,417.37 
2015-03-26,416.92 
2015-03-27,416.60 
2015-03-30,416.91 
2015-03-31,414.98 
2015-04-01,414.84 
2015-04-02,414.00 
2015-04-06,414.95 
2015-04-07,415.20 
2015-04-08,415.02 
2015-04-09,415.56 
2015-04-10,415.62 
2015-04-13,415.13 
2015-04-14,413.98 
2015-04-15,413.53 
2015-04-16,412.88 
2015-04-17,413.39 
2015-04-20,413.61 
2015-04-21,413.50 
2015-04-22,413.68 
2015-04-23,414.86 
2015-04-24,415.99 
2015-04-27,416.87 
2015-04-28,418.06 
2015-04-29,419.24 
2015-04-30,421.15 
2015-05-01,421.31 
2015-05-04,422.75 
2015-05-05,423.63 
2015-05-06,425.46 
2015-05-07,425.12 
2015-05-08,428.54 
2015-05-11,428.13 
2015-05-12,428.59 
2015-05-13,429.86 
2015-05-14,430.32 
2015-05-15,430.18 
2015-05-18,429.44 
2015-05-19,427.02 
2015-05-20,426.47 
2015-05-21,426.02 
2015-05-22,423.51 
2015-05-26,423.87 
2015-05-28,423.62 
2015-05-29,424.74 
2015-06-01,426.15 
2015-06-02,426.37 
2015-06-03,425.61 
2015-06-04,426.50 
2015-06-05,425.26 
2015-06-08,426.34 
2015-06-09,426.40 
2015-06-10,425.67 
2015-06-11,424.49 
2015-06-12,424.09 
2015-06-15,421.36 
2015-06-16,422.45 
2015-06-17,422.06 
2015-06-18,422.18 
2015-06-19,422.14 
2015-06-22,423.26 
2015-06-23,423.95 
2015-06-24,423.31 
2015-06-25,423.52 
2015-06-26,424.67 
2015-06-29,423.96 
2015-06-30,426.29 
2015-07-01,424.78 
2015-07-02,423.29 
2015-07-06,422.27 
2015-07-07,419.44 
2015-07-08,419.54 
2015-07-09,420.55 
2015-07-10,419.76 
2015-07-13,420.06 
2015-07-14,419.59 
2015-07-15,418.29 
2015-07-16,418.56 
2015-07-17,415.48 
2015-07-20,414.40 
2015-07-21,414.11 
2015-07-22,412.97 
2015-07-23,412.59 
2015-07-24,409.96 
2015-07-27,407.19 
2015-07-28,411.40 
2015-07-29,410.42 
2015-07-30,410.72 
2015-07-31,410.37 
2015-08-03,410.51 
2015-08-04,410.06 
2015-08-05,410.24 
2015-08-06,409.39 
2015-08-07,406.92 
2015-08-10,409.18 
2015-08-11,407.56 
2015-08-12,406.60 
2015-08-13,408.32 
2015-08-14,411.39 
2015-08-17,410.76 
2015-08-18,410.95 
2015-08-19,410.20 
2015-08-20,411.53 
2015-08-21,410.09 
2015-08-24,407.09 
2015-08-25,404.94 
2015-08-26,402.81 
2015-08-27,404.85 
2015-08-28,405.21 
2015-08-31,406.30 
2015-09-01,405.46 
2015-09-02,406.02 
2015-09-03,405.54 
2015-09-04,404.59 
2015-09-08,404.98 
2015-09-09,405.18 
2015-09-10,406.26 
2015-09-11,407.25 
2015-09-14,407.71 
2015-09-15,407.75 
2015-09-16,406.28 
2015-09-17,405.98 
2015-09-18,404.46 
2015-09-21,406.90 
2015-09-22,405.19 
2015-09-23,405.57 
2015-09-24,405.93 
2015-09-25,406.07 
2015-09-28,404.82 
2015-09-29,403.57 
2015-09-30,403.13 
2015-10-01,402.35 
2015-10-02,401.85 
2015-10-05,399.37 
2015-10-06,400.18 
2015-10-07,399.98 
2015-10-08,399.76 
2015-10-09,394.16 
2015-10-12,396.52 
2015-10-13,399.12 
2015-10-14,397.79 
2015-10-15,397.63 
2015-10-16,397.35 
2015-10-19,398.03 
2015-10-20,398.04 
2015-10-21,396.82 
2015-10-22,396.05 
2015-10-23,396.26 
2015-10-26,395.66 
2015-10-27,395.88 
2015-10-28,395.12 
2015-10-29,393.89 
2015-10-30,395.15 
2015-11-02,393.48 
2015-11-03,393.58 
2015-11-04,394.10 
2015-11-05,392.15 
2015-11-06,391.00 
2015-11-09,385.27 
2015-11-10,384.22 
2015-11-11,383.95 
2015-11-12,383.65 
2015-11-13,383.55 
2015-11-16,383.43 
2015-11-17,384.08 
2015-11-18,382.89 
2015-11-19,382.59 
2015-11-20,383.29 
2015-11-23,382.94 
2015-11-24,382.22 
2015-11-25,383.85 
2015-11-27,383.82 
2015-11-30,384.22 
2015-12-01,385.23 
2015-12-02,385.53 
2015-12-03,385.89 
2015-12-04,386.75 
2015-12-07,385.96 
2015-12-08,385.29 
2015-12-09,384.90 
2015-12-10,381.66 
2015-12-11,380.46 
2015-12-14,379.74 
2015-12-15,378.88 
2015-12-16,371.63 
2015-12-17,376.42 
2015-12-18,377.33 
2015-12-21,377.26 
2015-12-22,376.31 
2015-12-23,372.22 
2015-12-24,372.37 
2015-12-28,371.17 
2015-12-29,371.76 
2015-12-30,373.69 
2015-12-31,374.70 
2016-01-04,374.74 
2016-01-05,375.01 
2016-01-06,377.30 
2016-01-07,375.89 
2016-01-08,377.84 
2016-01-11,373.94 
2016-01-12,375.60 
2016-01-13,375.59 
2016-01-14,376.09 
2016-01-15,376.57 
2016-01-19,377.25 
2016-01-20,377.69 
2016-01-21,377.64 
2016-01-22,376.83 
2016-01-25,378.93 
2016-01-26,380.19 
2016-01-27,381.63 
2016-01-28,382.20 
2016-01-29,383.26 
2016-02-01,383.15 
2016-02-02,384.32 
2016-02-03,385.76 
2016-02-04,386.71 
2016-02-05,385.94 
2016-02-08,385.21 
2016-02-09,384.45 
2016-02-10,385.33 
2016-02-11,385.23 
2016-02-12,384.93 
2016-02-16,384.51 
2016-02-17,385.66 
2016-02-18,385.41 
2016-02-19,385.01 
2016-02-22,385.36 
2016-02-23,384.61 
2016-02-24,384.84 
2016-02-25,384.09 
2016-02-26,383.40 
2016-02-29,383.63 
2016-03-01,383.61 
2016-03-02,383.90 
2016-03-03,385.02 
2016-03-04,387.33 
2016-03-07,388.00 
2016-03-08,388.71 
2016-03-09,389.63 
2016-03-10,394.96 
2016-03-11,394.84 
2016-03-14,395.97 
2016-03-15,395.76 
2016-03-16,395.03 
2016-03-17,399.91 
2016-03-18,399.99 
2016-03-21,403.58 
2016-03-22,403.80 
2016-03-23,403.44 
2016-03-24,402.23 
2016-03-28,402.06 
2016-03-29,402.08 
2016-03-30,401.15 
2016-03-31,401.27 
2016-04-01,400.82 
2016-04-04,401.46 
2016-04-05,401.10 
2016-04-06,401.67 
2016-04-07,400.89 
2016-04-08,405.81 
2016-04-11,405.33 
2016-04-12,404.98 
2016-04-13,410.89 
2016-04-14,411.02 
2016-04-15,411.33 
2016-04-18,412.58 
2016-04-19,414.64 
2016-04-20,417.16 
2016-04-21,416.13 
2016-04-22,414.84 
2016-04-25,416.07 
2016-04-26,416.11 
2016-04-27,415.89 
2016-04-28,415.71 
2016-04-29,417.65 
2016-05-02,415.89 
2016-05-03,413.84 
2016-05-04,414.09 
2016-05-05,412.86 
2016-05-06,412.93 
2016-05-09,413.75 
2016-05-10,414.74 
2016-05-11,414.39 
2016-05-12,414.53 
2016-05-13,415.15 
2016-05-16,416.13 
2016-05-17,416.73 
2016-05-18,416.02 
2016-05-19,413.20 
2016-05-20,411.94 
2016-05-23,411.52 
2016-05-24,410.12 
2016-05-25,409.92 
2016-05-26,410.65 
2016-05-27,411.44 
2016-05-31,412.30 
2016-06-01,412.82 
2016-06-02,413.84 
2016-06-03,416.54 
2016-06-06,419.15 
2016-06-07,418.78 
2016-06-08,420.92 
2016-06-09,418.99 
2016-06-10,418.88 
2016-06-13,420.83 
2016-06-14,420.11 
2016-06-15,419.84 
2016-06-16,419.24 
2016-06-17,419.19 
2016-06-20,417.65 
2016-06-21,415.63 
2016-06-22,414.95 
2016-06-23,415.83 
2016-06-24,413.69 
2016-06-27,412.87 
2016-06-28,413.17 
2016-06-29,413.03 
2016-06-30,412.72 
2016-07-01,413.56 
2016-07-05,413.35 
2016-07-06,411.97 
2016-07-07,409.13 
2016-07-08,411.09 
2016-07-11,411.62 
2016-07-12,412.24 
2016-07-13,415.01 
2016-07-14,415.97 
2016-07-15,414.93 
2016-07-18,414.63 
2016-07-19,412.84 
2016-07-20,411.49 
2016-07-21,411.45 
2016-07-22,410.61 
2016-07-25,409.87 
2016-07-26,409.38 
2016-07-27,409.56 
2016-07-28,407.60 
2016-07-29,408.07 
2016-08-01,406.44 
2016-08-02,407.67 
2016-08-03,408.20 
2016-08-04,408.40 
2016-08-05,409.46 
2016-08-08,410.34 
2016-08-09,412.56 
2016-08-10,410.63 
2016-08-11,410.75 
2016-08-12,410.91 
2016-08-15,410.93 
2016-08-16,410.32 
2016-08-17,413.69 
2016-08-18,413.99 
2016-08-19,412.46 
2016-08-22,411.58 
2016-08-23,411.96 
2016-08-24,411.00 
2016-08-25,409.67 
2016-08-26,406.94 
2016-08-29,405.47 
2016-08-30,404.47 
2016-08-31,402.81 
2016-09-01,405.43 
2016-09-02,406.08 
2016-09-06,406.08 
2016-09-07,406.45 
2016-09-08,406.86 
2016-09-09,404.37 
2016-09-12,401.39 
2016-09-13,400.27 
2016-09-14,400.57 
2016-09-15,399.77 
2016-09-16,400.44 
2016-09-19,401.49 
2016-09-20,401.89 
2016-09-21,402.44 
2016-09-22,403.55 
2016-09-23,403.20 
2016-09-26,400.91 
2016-09-27,402.46 
2016-09-28,401.75 
2016-09-29,402.14 
2016-09-30,402.44 
2016-10-03,401.86 
2016-10-04,401.71 
2016-10-05,402.45 
2016-10-06,401.83 
2016-10-07,401.76 
2016-10-10,402.48 
2016-10-11,401.19 
2016-10-12,400.44 
2016-10-13,399.50 
2016-10-14,399.45 
2016-10-17,400.15 
2016-10-18,400.04 
2016-10-19,399.74 
2016-10-20,398.82 
2016-10-21,398.70 
2016-10-24,399.63 
2016-10-25,401.22 
2016-10-26,402.60 
2016-10-27,402.92 
2016-10-28,403.39 
2016-10-31,403.58 
2016-11-01,403.57 
2016-11-02,404.75 
2016-11-03,404.57 
2016-11-04,404.73 
2016-11-07,405.03 
2016-11-08,407.73 
2016-11-09,410.01 
2016-11-10,412.41 
2016-11-11,412.73 
2016-11-14,411.16 
2016-11-15,411.59 
2016-11-16,411.48 
2016-11-17,413.00 
2016-11-18,412.41 
2016-11-21,414.15 
2016-11-22,414.77 
2016-11-23,416.96 
2016-11-25,417.22 
2016-11-28,417.61 
2016-11-29,418.23 
2016-11-30,420.96 
2016-12-01,420.83 
2016-12-02,421.92 
2016-12-05,421.99 
2016-12-06,423.27 
2016-12-07,423.37 
2016-12-08,424.23 
2016-12-09,427.07 
2016-12-12,424.90 
2016-12-13,425.42 
2016-12-14,425.84 
2016-12-15,426.32 
2016-12-16,427.09 
2016-12-19,426.31 
2016-12-20,424.03 
2016-12-21,423.55 
2016-12-22,422.88 
2016-12-23,423.18 
2016-12-27,425.76 
2016-12-28,424.34 
2016-12-29,422.42 
2016-12-30,423.08 
2017-01-03,423.56 
2017-01-04,424.14 
2017-01-05,424.20 
2017-01-06,425.39 
2017-01-09,429.45 
2017-01-10,431.72 
2017-01-11,433.06 
2017-01-12,433.94 
2017-01-13,433.87 
2017-01-17,432.38 
2017-01-18,432.55 
2017-01-19,431.81 
2017-01-20,432.75 
2017-01-23,432.85 
2017-01-24,433.15 
2017-01-25,433.10 
2017-01-26,432.39 
2017-01-27,432.79 
2017-01-30,430.98 
2017-01-31,432.47 
2017-02-01,435.61 
2017-02-02,435.04 
2017-02-03,432.95 
2017-02-06,432.75 
2017-02-07,432.69 
2017-02-08,434.34 
2017-02-09,433.83 
2017-02-10,433.64 
2017-02-13,434.57 
2017-02-14,435.07 
2017-02-15,436.88 
2017-02-16,434.90 
2017-02-17,432.94 
2017-02-21,433.41 
2017-02-22,433.27 
2017-02-23,431.95 
2017-02-24,431.92 
2017-02-27,431.02 
2017-02-28,432.61 
2017-03-01,435.59 
2017-03-02,433.97 
2017-03-03,434.42 
2017-03-06,433.73 
2017-03-07,432.65 
2017-03-08,431.68 
2017-03-09,433.16 
2017-03-10,431.69 
2017-03-13,431.72 
2017-03-14,432.81 
2017-03-15,432.42 
2017-03-16,433.92 
2017-03-17,434.19 
2017-03-20,434.80 
2017-03-21,434.61 
2017-03-22,434.46 
2017-03-23,433.99 
2017-03-24,431.88 
2017-03-27,430.89 
2017-03-28,432.26 
2017-03-29,431.88 
2017-03-30,431.60 
2017-03-31,430.99 
2017-04-03,429.70 
2017-04-04,428.91 
2017-04-05,429.28 
2017-04-06,428.57 
2017-04-07,427.37 
2017-04-10,424.21 
2017-04-11,423.73 
2017-04-12,422.82 
2017-04-13,422.39 
2017-04-17,422.48 
2017-04-18,421.42 
2017-04-19,421.90 
2017-04-20,420.85 
2017-04-21,421.11 
2017-04-24,420.34 
2017-04-25,421.21 
2017-04-26,422.18 
2017-04-27,422.84 
2017-04-28,424.54 
2017-05-01,427.14 
2017-05-02,427.70 
2017-05-03,427.92 
2017-05-04,427.96 
2017-05-05,427.39 
2017-05-08,427.28 
2017-05-09,422.07 
2017-05-10,422.63 
2017-05-11,424.56 
2017-05-12,426.78 
2017-05-15,434.58 
2017-05-16,435.29 
2017-05-17,434.33 
2017-05-18,433.45 
2017-05-19,433.12 
2017-05-22,433.79 
2017-05-23,433.55 
2017-05-24,434.29 
2017-05-25,434.27 
2017-05-26,433.74 
2017-05-30,431.54 
2017-05-31,434.20 
2017-06-01,434.39 
2017-06-02,435.83 
2017-06-05,435.38 
2017-06-06,435.48 
2017-06-07,435.34 
2017-06-08,436.78 
2017-06-09,440.53 
2017-06-12,440.25 
2017-06-13,442.37 
2017-06-14,441.98 
2017-06-15,443.07 
2017-06-16,442.91 
2017-06-19,441.38 
2017-06-20,442.95 
2017-06-21,442.35 
2017-06-22,440.11 
2017-06-23,439.59 
2017-06-26,440.04 
2017-06-27,441.20 
2017-06-28,442.12 
2017-06-29,444.05 
2017-06-30,446.63 
2017-07-03,448.16 
2017-07-05,447.70 
2017-07-06,446.32 
2017-07-07,445.54 
2017-07-10,446.91 
2017-07-11,445.64 
2017-07-12,444.09 
2017-07-13,442.09 
2017-07-14,443.91 
2017-07-17,443.95 
2017-07-18,444.94 
2017-07-19,444.75 
2017-07-20,445.36 
2017-07-21,442.35 
2017-07-24,441.25 
2017-07-25,440.73 
2017-07-26,441.56 
2017-07-27,442.32 
2017-07-28,442.86 
2017-07-31,441.74 
2017-08-01,441.28 
2017-08-02,442.27 
2017-08-03,441.65 
2017-08-04,441.58 
2017-08-07,442.67 
2017-08-08,443.92 
2017-08-09,444.30 
2017-08-10,441.34 
2017-08-11,440.97 
2017-08-14,440.23 
2017-08-15,437.81 
2017-08-16,438.42 
2017-08-17,438.54 
2017-08-18,437.81 
2017-08-21,436.94 
2017-08-22,436.17 
2017-08-23,436.37 
2017-08-24,436.33 
2017-08-25,435.38 
2017-08-28,435.64 
2017-08-29,434.84 
2017-08-30,435.47 
2017-08-31,435.64 
2017-09-01,435.55 
2017-09-05,436.21 
2017-09-06,436.74 
2017-09-07,435.66 
2017-09-08,434.13 
2017-09-11,433.65 
2017-09-12,432.05 
2017-09-13,429.90 
2017-09-14,428.96 
2017-09-15,427.90 
2017-09-18,427.42 
2017-09-19,428.84 
2017-09-20,429.25 
2017-09-21,429.68 
2017-09-22,428.88 
2017-09-25,428.97 
2017-09-26,427.59 
2017-09-27,428.98 
2017-09-28,427.99 
2017-09-29,427.32 
2017-10-02,426.48 
2017-10-03,427.87 
2017-10-04,429.02 
2017-10-05,430.41 
2017-10-06,429.84 
2017-10-09,427.01 
2017-10-10,427.94 
2017-10-11,429.02 
2017-10-12,429.24 
2017-10-13,430.29 
2017-10-16,430.91 
2017-10-17,431.47 
2017-10-18,428.18 
2017-10-19,428.61 
2017-10-20,427.78 
2017-10-23,429.68 
2017-10-24,429.32 
2017-10-25,429.95 
2017-10-26,429.86 
2017-10-27,428.19 
2017-10-30,428.23 
2017-10-31,427.62 
2017-11-01,428.81 
2017-11-02,431.66 
2017-11-03,429.29 
2017-11-06,430.02 
2017-11-07,430.64 
2017-11-08,431.71 
2017-11-09,431.14 
2017-11-10,431.36 
2017-11-13,431.51 
2017-11-14,430.37 
2017-11-15,429.39 
2017-11-16,428.53 
2017-11-17,428.42 
2017-11-20,427.88 
2017-11-21,428.15 
2017-11-22,431.15 
2017-11-24,432.69 
2017-11-27,430.95 
2017-11-28,428.99 
2017-11-29,429.27 
2017-11-30,429.43 
2017-12-01,430.78 
2017-12-04,430.40 
2017-12-05,428.82 
2017-12-06,427.97 
2017-12-07,427.19 
2017-12-08,431.46 
2017-12-11,429.04 
2017-12-12,428.77 
2017-12-13,429.00 
2017-12-14,429.73 
2017-12-15,430.42 
2017-12-18,430.16 
2017-12-19,430.59 
2017-12-20,430.91 
2017-12-21,431.28 
2017-12-22,431.71 
2017-12-26,432.65 
2017-12-27,431.77 
2017-12-28,432.22 
2017-12-29,432.34 
2018-01-02,433.72 
2018-01-03,435.27 
2018-01-04,436.56 
2018-01-05,436.50 
2018-01-08,436.79 
2018-01-09,439.83 
2018-01-10,441.15 
2018-01-11,441.41 
2018-01-12,439.79 
2018-01-16,438.88 
2018-01-17,437.96 
2018-01-18,436.95 
2018-01-19,437.02 
2018-01-22,438.39 
2018-01-23,437.32 
2018-01-24,438.83 
2018-01-25,439.04 
2018-01-26,439.95 
2018-01-29,441.54 
2018-01-30,442.85 
2018-01-31,443.44 
2018-02-01,443.38 
2018-02-02,443.46 
2018-02-05,442.60 
2018-02-06,443.15 
2018-02-07,442.03 
2018-02-08,440.88 
2018-02-09,438.40 
2018-02-12,439.26 
2018-02-13,439.50 
2018-02-14,441.07 
2018-02-15,440.89 
2018-02-16,441.92 
2018-02-20,441.18 
2018-02-21,442.13 
2018-02-22,442.46 
2018-02-23,442.97 
2018-02-26,444.32 
2018-02-27,443.28 
2018-02-28,443.89 
2018-03-01,444.22 
2018-03-02,444.11 
2018-03-05,445.59 
2018-03-06,445.12 
2018-03-07,444.58 
2018-03-08,447.07 
2018-03-09,445.18 
2018-03-12,445.49 
2018-03-13,446.61 
2018-03-14,446.20 
2018-03-15,445.49 
2018-03-16,443.61 
2018-03-19,441.07 
2018-03-20,440.16 
2018-03-21,440.42 
2018-03-22,439.30 
2018-03-26,437.22 
2018-03-27,436.14 
2018-03-28,436.09 
2018-03-29,436.88 
2018-04-02,436.29 
2018-04-03,437.25 
2018-04-04,434.96 
2018-04-05,436.63 
2018-04-06,436.43 
2018-04-09,439.30 
2018-04-10,440.13 
2018-04-11,440.65 
2018-04-12,440.63 
2018-04-13,439.73 
2018-04-16,439.93 
2018-04-17,440.79 
2018-04-18,444.35 
2018-04-19,445.53 
2018-04-20,445.63 
2018-04-23,444.41 
2018-04-24,444.90 
2018-04-25,447.17 
2018-04-26,446.29 
2018-04-27,441.74 
2018-04-30,445.10 
2018-05-01,446.50 
2018-05-02,445.94 
2018-05-03,446.49 
2018-05-04,446.43 
2018-05-07,445.45 
2018-05-08,444.07 
2018-05-09,445.11 
2018-05-10,444.07 
2018-05-11,443.64 
2018-05-14,443.62 
2018-05-15,442.25 
2018-05-16,443.55 
2018-05-17,443.39 
2018-05-18,444.84 
2018-05-21,445.30 
2018-05-22,445.98 
2018-05-23,445.23 
2018-05-24,444.76 
2018-05-25,444.76 
2018-05-29,445.48 
2018-05-30,445.87 
2018-05-31,446.27 
2018-06-01,445.63 
2018-06-04,443.49 
2018-06-05,443.97 
2018-06-06,446.27 
2018-06-07,447.02 
2018-06-08,450.30 
2018-06-11,450.01 
2018-06-12,451.96 
2018-06-13,451.35 
2018-06-14,450.94 
2018-06-15,449.96 
2018-06-18,446.95 
2018-06-19,443.83 
2018-06-20,445.16 
2018-06-21,444.11 
2018-06-22,443.21 
2018-06-25,440.30 
2018-06-26,439.42 
2018-06-27,439.42 
2018-06-28,438.33 
2018-06-29,439.11 
2018-07-02,437.86 
2018-07-03,437.34 
2018-07-05,436.22 
2018-07-06,436.81 
2018-07-09,438.05 
2018-07-10,438.66 
2018-07-11,434.89 
2018-07-12,436.10 
2018-07-13,435.05 
2018-07-16,432.95 
2018-07-17,432.46 
2018-07-18,431.77 
2018-07-19,430.58 
2018-07-20,432.04 
2018-07-23,432.14 
2018-07-24,431.48 
2018-07-25,432.95 
2018-07-26,433.59 
2018-07-27,432.82 
2018-07-30,432.49 
2018-07-31,433.13 
2018-08-01,429.28 
2018-08-02,427.83 
2018-08-03,427.37 
2018-08-06,426.79 
2018-08-07,425.64 
2018-08-08,424.80 
2018-08-09,424.12 
2018-08-10,421.87 
2018-08-13,418.97 
2018-08-14,418.03 
2018-08-15,414.17 
2018-08-16,413.84 
2018-08-17,413.50 
2018-08-20,414.19 
2018-08-21,414.42 
2018-08-22,413.66 
2018-08-23,412.51 
2018-08-24,412.30 
2018-08-27,412.84 
2018-08-28,412.23 
2018-08-29,411.78 
2018-08-30,410.96 
2018-08-31,411.42 
2018-09-04,411.23 
2018-09-05,409.89 
2018-09-06,410.44 
2018-09-07,411.77 
2018-09-10,413.60 
2018-09-11,411.55 
2018-09-12,409.53 
2018-09-13,409.47 
2018-09-14,408.70 
2018-09-17,410.51 
2018-09-18,410.20 
2018-09-19,412.25 
2018-09-20,413.55 
2018-09-21,414.30 
2018-09-24,415.67 
2018-09-25,416.76 
2018-09-26,416.45 
2018-09-27,416.50 
2018-09-28,414.95 
2018-10-01,415.23 
2018-10-02,417.25 
2018-10-03,417.68 
2018-10-05,417.29 
2018-10-08,417.43 
2018-10-09,418.08 
2018-10-10,416.68 
2018-10-11,416.68 
2018-10-12,417.66 
2018-10-15,419.02 
2018-10-16,418.83 
2018-10-17,417.73 
2018-10-18,415.92 
2018-10-19,416.67 
2018-10-22,416.80 
2018-10-23,416.14 
2018-10-24,415.42 
2018-10-25,415.73 
2018-10-26,416.79 
2018-10-29,416.40 
2018-10-30,415.57 
2018-10-31,416.13 
2018-11-01,417.76 
2018-11-02,417.75 
2018-11-05,418.89 
2018-11-06,417.36 
2018-11-07,417.36 
2018-11-08,416.23 
2018-11-09,414.26 
2018-11-12,415.35 
2018-11-13,413.81 
2018-11-14,414.52 
2018-11-15,415.17 
2018-11-16,416.80 
2018-11-19,418.10 
2018-11-20,416.79 
2018-11-21,416.45 
2018-11-23,415.27 
2018-11-26,413.26 
2018-11-27,411.73 
2018-11-28,413.24 
2018-11-29,414.49 
2018-11-30,416.18 
2018-12-03,418.30 
2018-12-04,418.64 
2018-12-05,417.02 
2018-12-06,416.56 
2018-12-07,417.73 
2018-12-10,416.78 
2018-12-11,414.66 
2018-12-12,415.27 
2018-12-13,416.20 
2018-12-14,414.97 
2018-12-17,414.38 
2018-12-18,413.38 
2018-12-19,412.76 
2018-12-20,411.74 
2018-12-21,410.80 
2018-12-24,410.49 
2018-12-26,410.66 
2018-12-27,409.95 
2018-12-28,408.65 
2018-12-31,409.17 
2019-01-02,409.43 
2019-01-03,410.92 
2019-01-04,412.94 
2019-01-07,413.58 
2019-01-08,413.63 
2019-01-09,412.56 
2019-01-10,411.00 
2019-01-11,411.81 
2019-01-14,412.52 
2019-01-15,411.24 
2019-01-16,412.31 
2019-01-17,414.02 
2019-01-18,411.30 
2019-01-22,410.10 
2019-01-23,411.52 
2019-01-24,411.35 
2019-01-25,411.62 
2019-01-28,412.47 
2019-01-29,412.99 
2019-01-30,413.66 
2019-01-31,412.83 
2019-02-01,412.94 
2019-02-04,413.49 
2019-02-05,414.15 
2019-02-06,413.47 
2019-02-07,413.47 
2019-02-08,413.03 
2019-02-11,411.59 
2019-02-12,411.81 
2019-02-13,411.68 
2019-02-14,411.57 
2019-02-15,413.36 
2019-02-19,413.71 
2019-02-20,413.82 
2019-02-21,413.69 
2019-02-22,414.97 
2019-02-25,414.19 
2019-02-26,413.13 
2019-02-27,413.36 
2019-02-28,412.83 
2019-03-01,413.73 
2019-03-04,413.24 
2019-03-05,414.17 
2019-03-06,413.01 
2019-03-07,413.56 
2019-03-08,414.33 
2019-03-11,413.86 
2019-03-12,417.35 
2019-03-13,419.42 
2019-03-14,418.27 
2019-03-15,419.58 
2019-03-18,420.00 
2019-03-19,420.73 
2019-03-20,421.99 
2019-03-21,423.67 
2019-03-22,424.35 
2019-03-25,425.45 
2019-03-26,425.73 
2019-03-27,426.30 
2019-03-28,425.44 
2019-03-29,425.61 
2019-04-01,426.50 
2019-04-02,426.37 
2019-04-03,426.90 
2019-04-04,427.50 
2019-04-05,424.94 
2019-04-08,425.23 
2019-04-09,424.84 
2019-04-10,425.30 
2019-04-11,424.60 
2019-04-12,426.10 
2019-04-15,425.53 
2019-04-16,424.90 
2019-04-17,425.29 
2019-04-18,425.08 
2019-04-22,424.04 
2019-04-23,422.61 
2019-04-24,421.12 
2019-04-25,421.53 
2019-04-26,422.59 
2019-04-29,421.99 
2019-04-30,422.09 
2019-05-01,420.13 
2019-05-02,418.41 
2019-05-03,418.59 
2019-05-06,417.54 
2019-05-07,417.29 
2019-05-08,414.20 
2019-05-09,412.54 
2019-05-10,410.08 
2019-05-13,408.41 
2019-05-14,410.40 
2019-05-15,411.99 
2019-05-16,413.97 
2019-05-17,412.57 
2019-05-20,413.38 
2019-05-21,413.63 
2019-05-22,413.58 
2019-05-23,413.02 
2019-05-24,414.71 
2019-05-28,417.42 
2019-05-29,415.37 
2019-05-30,417.41 
2019-05-31,415.96 
2019-06-03,416.23 
2019-06-04,415.31 
2019-06-05,414.38 
2019-06-06,415.78 
2019-06-07,409.61 
2019-06-10,410.71 
2019-06-11,412.40 
2019-06-12,413.10 
2019-06-13,413.18 
2019-06-14,412.08 
2019-06-17,412.52 
2019-06-18,412.14 
2019-06-19,411.80 
2019-06-20,411.76 
2019-06-21,411.23 
2019-06-24,412.10 
2019-06-25,410.96 
2019-06-26,409.95 
2019-06-27,408.67 
2019-06-28,407.87 
2019-07-01,406.23 
2019-07-02,403.63 
2019-07-03,405.61 
2019-07-05,404.15 
2019-07-08,404.74 
2019-07-09,401.66 
2019-07-10,403.74 
2019-07-11,404.64 
2019-07-12,405.57 
2019-07-15,405.36 
2019-07-16,404.48 
2019-07-17,404.29 
2019-07-18,403.92 
2019-07-19,405.77 
2019-07-22,405.87 
2019-07-23,406.03 
2019-07-24,407.38 
2019-07-25,407.36 
2019-07-26,406.05 
2019-07-29,407.22 
2019-07-30,404.92 
2019-07-31,403.16 
2019-08-01,402.06 
2019-08-02,400.35 
2019-08-05,399.41 
2019-08-06,398.68 
2019-08-07,396.04 
2019-08-08,400.78 
2019-08-09,400.81 
2019-08-12,397.80 
2019-08-13,397.42 
2019-08-14,397.41 
2019-08-15,397.87 
2019-08-16,397.62 
2019-08-19,396.47 
2019-08-20,395.45 
2019-08-21,395.93 
2019-08-22,394.51 
2019-08-23,392.44 
2019-08-26,391.85 
2019-08-27,389.96 
2019-08-28,390.36 
2019-08-29,388.22 
2019-08-30,387.15 
2019-09-03,386.38 
2019-09-04,387.40 
2019-09-05,387.95 
2019-09-06,386.94 
2019-09-09,383.98 
2019-09-10,383.60 
2019-09-11,384.14 
2019-09-12,384.61 
2019-09-13,384.62 
2019-09-16,386.40 
2019-09-17,385.02 
2019-09-18,384.04 
2019-09-19,385.54 
2019-09-20,385.50 
2019-09-23,386.24 
2019-09-24,385.92 
2019-09-25,387.41 
2019-09-26,387.82 
2019-09-27,387.52 
2019-09-30,387.57 
2019-10-01,387.57 
2019-10-02,388.31 
2019-10-03,388.76 
2019-10-04,388.62 
2019-10-07,384.96 
2019-10-08,385.93 
2019-10-09,387.24 
2019-10-10,387.87 
2019-10-11,391.26 
2019-10-14,391.74 
2019-10-15,392.38 
2019-10-16,393.16 
2019-10-17,394.47 
2019-10-18,392.00 
2019-10-21,392.16 
2019-10-22,392.19 
2019-10-23,391.90 
2019-10-24,391.14 
2019-10-25,390.72 
2019-10-28,390.94 
2019-10-29,391.55 
2019-10-30,391.03 
2019-10-31,389.50 
2019-11-01,389.75 
2019-11-04,390.51 
2019-11-05,390.65 
2019-11-06,388.86 
2019-11-07,390.98 
2019-11-08,390.72 
2019-11-12,391.86 
2019-11-13,390.47 
2019-11-14,390.97 
2019-11-15,390.76 
2019-11-18,388.91 
2019-11-19,388.81 
2019-11-20,387.99 
2019-11-21,387.60 
2019-11-22,387.47 
2019-11-25,387.55 
2019-11-26,386.94 
2019-11-27,386.96 
2019-11-29,386.44 
2019-12-02,385.97 
2019-12-03,385.64 
2019-12-04,386.68 
2019-12-05,387.03 
2019-12-06,390.54 
2019-12-09,391.02 
2019-12-10,393.30 
2019-12-11,393.90 
2019-12-12,394.75 
2019-12-13,396.21 
2019-12-16,397.99 
2019-12-17,398.91 
2019-12-18,398.09 
2019-12-19,398.27 
2019-12-20,398.22 
2019-12-23,398.62 
2019-12-24,398.81 
2019-12-26,399.49 
2019-12-27,401.00 
2019-12-30,402.28 
2019-12-31,401.58 
2020-01-02,402.53 
2020-01-03,401.05 
2020-01-06,400.99 
2020-01-07,401.33 
2020-01-08,401.83 
2020-01-09,407.76 
2020-01-10,407.36 
2020-01-13,407.05 
2020-01-14,410.57 
2020-01-15,410.07 
2020-01-16,409.36 
2020-01-17,410.62 
2020-01-21,410.68 
2020-01-22,410.32 
2020-01-23,408.83 
2020-01-24,408.48 
2020-01-27,406.01 
2020-01-28,405.92 
2020-01-29,405.97 
2020-01-30,404.61 
2020-01-31,404.17 
2020-02-03,403.66 
2020-02-04,403.87 
2020-02-05,404.03 
2020-02-06,404.93 
2020-02-07,401.77 
2020-02-10,401.62 
2020-02-11,402.77 
2020-02-12,402.21 
2020-02-13,402.10 
2020-02-14,401.12 
2020-02-18,403.26 
2020-02-19,403.06 
2020-02-20,402.31 
2020-02-21,402.46 
2020-02-24,399.20 
2020-02-25,399.46 
2020-02-26,397.70 
2020-02-27,395.67 
2020-02-28,395.11 
2020-03-02,398.01 
2020-03-03,399.07 
2020-03-04,399.48 
2020-03-05,399.27 
2020-03-06,398.67 
2020-03-09,395.19 
2020-03-10,396.01 
2020-03-11,396.01 
2020-03-12,395.93 
2020-03-13,387.35 
2020-03-16,380.62 
2020-03-17,377.22 
2020-03-18,377.22 
2020-03-19,373.57 
2020-03-20,374.04 
2020-03-23,372.68 
2020-03-24,373.77 
2020-03-25,374.45 
2020-03-26,374.68 
2020-03-27,373.54 
2020-03-30,371.39 
2020-03-31,370.20 
2020-04-01,364.86 
2020-04-02,362.56 
2020-04-03,362.95 
2020-04-06,363.44 
2020-04-07,363.00 
2020-04-08,362.66 
2020-04-09,362.05 
2020-04-13,354.29 
2020-04-14,353.75 
2020-04-15,351.49 
2020-04-16,351.31 
2020-04-17,350.75 
2020-04-20,350.89 
2020-04-21,349.10 
2020-04-22,350.71 
2020-04-23,350.49 
2020-04-24,348.25 
2020-04-27,347.55 
2020-04-28,350.84 
2020-04-29,351.12 
2020-04-30,353.23 
2020-05-01,353.23 
2020-05-04,351.26 
2020-05-05,350.83 
2020-05-06,354.43 
2020-05-07,358.04 
2020-05-08,360.87 
2020-05-11,361.97 
2020-05-12,361.95 
2020-05-13,362.63 
2020-05-14,364.14 
2020-05-15,362.99 
2020-05-18,365.36 
2020-05-19,367.92 
2020-05-20,368.76 
2020-05-21,367.91 
2020-05-22,365.54 
2020-05-26,366.98 
2020-05-27,364.00 
2020-05-28,366.19 
2020-05-29,367.12 
2020-06-01,367.77 
2020-06-02,369.02 
2020-06-03,368.03 
2020-06-04,368.44 
2020-06-05,369.36 
2020-06-08,369.17 
2020-06-09,368.72 
2020-06-10,367.78 
2020-06-11,366.64 
2020-06-12,365.99 
2020-06-15,364.32 
2020-06-16,362.82 
2020-06-17,363.73 
2020-06-18,363.52 
2020-06-19,363.18 
2020-06-22,362.86 
2020-06-23,362.56 
2020-06-24,361.14 
2020-06-25,362.01 
2020-06-26,358.85 
2020-06-29,358.93 
2020-06-30,360.13 
2020-07-01,362.83 
2020-07-02,360.55 
2020-07-06,361.65 
2020-07-07,362.47 
2020-07-08,362.96 
2020-07-09,363.63 
2020-07-10,363.48 
2020-07-13,363.48 
2020-07-14,363.94 
2020-07-15,365.87 
2020-07-16,365.87 
2020-07-17,366.64 
2020-07-20,366.77 
2020-07-21,367.61 
2020-07-22,369.49 
2020-07-23,372.22 
2020-07-24,373.69 
2020-07-27,376.72 
2020-07-28,377.55 
2020-07-29,376.85 
2020-07-30,377.81 
2020-07-31,377.74 
2020-08-03,378.27 
2020-08-04,375.20 
2020-08-05,377.54 
2020-08-06,379.61 
2020-08-07,378.53 
2020-08-10,379.66 
2020-08-11,379.09 
2020-08-12,378.56 
2020-08-13,378.56 
2020-08-14,380.37 
2020-08-17,383.65 
2020-08-18,384.10 
2020-08-19,384.10 
2020-08-20,386.64 
2020-08-21,386.47 
2020-08-24,387.45 
2020-08-25,389.97 
2020-08-26,390.67 
2020-08-27,391.14 
2020-08-28,393.10 
2020-08-31,394.76 
2020-09-01,394.12 
2020-09-02,396.10 
2020-09-03,395.09 
2020-09-04,398.56 
2020-09-08,396.80 
2020-09-09,399.02 
2020-09-10,399.23 
2020-09-11,401.02 
2020-09-14,404.75 
2020-09-15,405.84 
2020-09-16,406.54 
2020-09-17,408.32 
2020-09-18,410.13 
2020-09-21,407.80 
2020-09-22,406.93 
2020-09-23,403.90 
2020-09-24,402.48 
2020-09-25,403.52 
2020-09-28,403.74 
2020-09-29,403.92 
2020-09-30,405.96 
2020-10-01,404.12 
2020-10-02,403.62 
2020-10-05,405.05 
2020-10-06,405.36 
2020-10-07,406.40 
2020-10-08,406.29 
2020-10-09,410.30 
2020-10-12,409.93 
2020-10-13,410.53 
2020-10-14,410.73 
2020-10-15,411.67 
2020-10-16,411.46 
2020-10-19,413.50 
2020-10-20,414.53 
2020-10-21,415.80 
2020-10-22,415.09 
2020-10-23,415.29 
2020-10-26,415.63 
2020-10-27,414.20 
2020-10-28,410.87 
2020-10-29,410.59 
2020-10-30,409.58 
2020-11-02,409.19 
2020-11-03,411.28 
2020-11-04,413.03 
2020-11-05,414.98 
2020-11-06,415.68 
2020-11-09,417.29 
2020-11-10,417.00 
2020-11-11,416.92 
2020-11-12,414.95 
2020-11-13,415.59 
2020-11-16,420.27 
2020-11-17,421.22 
2020-11-18,423.07 
2020-11-19,423.53 
2020-11-20,426.74 
2020-11-23,426.51 
2020-11-24,427.09 
2020-11-25,427.14 
2020-11-27,428.69 
2020-11-30,428.41 
2020-12-01,427.16 
2020-12-02,426.80 
2020-12-03,427.30 
2020-12-04,427.27 
2020-12-07,433.03 
2020-12-08,432.75 
2020-12-09,434.02 
2020-12-10,433.94 
2020-12-11,435.73 
2020-12-14,435.71 
2020-12-15,436.79 
2020-12-16,436.74 
2020-12-17,437.62 
2020-12-18,438.14 
2020-12-21,437.70 
2020-12-22,438.71 
2020-12-23,439.73 
2020-12-24,440.64 
2020-12-28,441.47 
2020-12-29,442.33 
2020-12-30,443.43 
2020-12-31,443.81 
2021-01-04,446.10 
2021-01-05,448.57 
2021-01-06,447.94 
2021-01-07,449.24 
2021-01-08,449.01 
2021-01-11,450.67 
2021-01-12,454.51 
2021-01-13,453.80 
2021-01-14,455.31 
2021-01-15,453.98 
2021-01-19,456.79 
2021-01-20,458.64 
2021-01-21,459.41 
2021-01-22,456.31 
2021-01-25,457.65 
2021-01-26,459.50 
2021-01-27,458.14 
2021-01-28,457.35 
2021-01-29,458.41 
2021-02-01,458.79 
2021-02-02,460.81 
2021-02-03,462.98 
2021-02-04,463.53 
2021-02-05,461.35 
2021-02-08,463.94 
2021-02-09,466.98 
2021-02-10,467.18 
2021-02-11,466.93 
2021-02-12,470.10 
2021-02-16,476.16 
2021-02-17,476.28 
2021-02-18,478.24 
2021-02-19,481.12 
2021-02-22,484.13 
2021-02-23,486.89 
2021-02-24,489.73 
2021-02-25,490.95 
2021-02-26,486.54 
2021-03-01,485.71 
2021-03-02,490.29 
2021-03-03,489.33 
2021-03-04,487.34 
2021-03-05,491.46 
2021-03-08,492.55 
2021-03-09,491.38 
2021-03-10,494.85 
2021-03-11,498.79 
2021-03-12,496.46 
2021-03-15,495.48 
2021-03-16,496.62 
2021-03-17,498.35 
2021-03-18,498.87 
2021-03-19,505.03 
2021-03-22,506.84 
2021-03-23,507.65 
2021-03-24,506.74 
2021-03-25,506.04 
2021-03-26,509.78 
2021-03-29,509.15 
2021-03-30,505.05 
2021-03-31,506.68 
2021-04-01,504.96 
2021-04-05,505.49 
2021-04-06,507.68 
2021-04-07,508.28 
2021-04-08,510.64 
2021-04-09,511.23 
2021-04-12,509.39 
2021-04-13,512.08 
2021-04-14,514.66 
2021-04-15,516.17 
2021-04-16,515.34 
2021-04-19,517.05 
2021-04-20,518.83 
2021-04-21,520.99 
2021-04-22,522.55 
2021-04-23,524.62 
2021-04-26,527.96 
2021-04-27,534.93 
2021-04-28,533.72 
2021-04-29,532.36 
2021-04-30,532.09 
2021-05-04,534.98 
2021-05-05,537.88 
2021-05-06,541.91 
2021-05-07,542.92 
2021-05-10,541.24 
2021-05-11,544.77 
2021-05-12,543.35 
2021-05-13,538.68 
2021-05-14,538.08 
2021-05-17,538.64 
2021-05-18,542.09 
2021-05-19,541.16 
2021-05-20,541.14 
2021-05-21,540.63 
2021-05-24,538.64 
2021-05-25,537.12 
2021-05-26,536.84 
2021-05-27,547.77 
2021-05-28,548.54 
2021-06-01,552.02 
2021-06-02,550.79 
2021-06-03,547.63 
2021-06-04,551.30 
2021-06-07,551.24 
2021-06-08,554.54 
2021-06-09,560.12 
2021-06-10,561.66 
2021-06-11,563.47 
2021-06-14,562.48 
2021-06-15,558.77 
2021-06-16,559.33 
2021-06-17,554.54 
2021-06-18,554.47 
2021-06-21,554.56 
2021-06-22,553.43 
2021-06-23,553.18 
2021-06-24,553.87 
2021-06-25,552.80 
2021-06-28,555.28 
2021-06-29,556.65 
2021-06-30,556.00 
2021-07-01,554.27 
2021-07-02,554.49 
2021-07-06,552.21 
2021-07-07,553.32 
2021-07-08,551.94 
2021-07-09,554.70 
2021-07-12,557.30 
2021-07-13,559.27 
2021-07-14,561.80 
2021-07-15,560.50 
2021-07-16,561.10 
2021-07-19,557.31 
2021-07-20,559.30 
2021-07-21,559.45 
2021-07-22,560.18 
2021-07-23,559.74 
2021-07-26,561.76 
2021-07-27,561.71 
2021-07-28,562.48 
2021-07-29,563.78 
2021-07-30,562.20 
2021-08-02,564.09 
2021-08-03,560.71 
2021-08-04,559.37 
2021-08-05,560.16 
2021-08-06,560.27 
2021-08-09,558.96 
2021-08-10,558.38 
2021-08-11,559.78 
2021-08-12,563.08 
2021-08-13,564.35 
2021-08-16,563.95 
2021-08-17,565.99 
2021-08-18,565.99 
2021-08-19,562.53 
2021-08-20,559.99 
2021-08-23,559.55 
2021-08-24,559.85 
2021-08-25,560.51 
2021-08-26,560.34 
2021-08-27,561.17 
2021-08-30,560.35 
2021-08-31,559.64 
2021-09-01,557.22 
2021-09-02,557.33 
2021-09-03,558.00 
2021-09-07,554.20 
2021-09-08,554.43 
2021-09-09,553.97 
2021-09-10,556.19 
2021-09-13,555.05 
2021-09-14,555.09 
2021-09-15,557.75 
2021-09-16,555.81 
2021-09-17,555.50 
2021-09-20,550.58 
2021-09-21,547.07 
2021-09-22,549.61 
2021-09-23,550.84 
2021-09-24,552.86 
2021-09-27,552.35 
2021-09-28,555.39 
2021-09-29,556.34 
2021-09-30,553.74 
2021-10-01,556.20 
2021-10-04,557.08 
2021-10-05,558.81 
2021-10-06,559.16 
2021-10-07,560.44 
2021-10-08,562.43 
2021-10-11,561.74 
2021-10-12,560.89 
2021-10-13,561.33 
2021-10-14,564.45 
2021-10-15,567.03 
2021-10-18,568.38 
2021-10-19,567.99 
2021-10-20,569.25 
2021-10-21,566.60 
2021-10-22,568.36 
2021-10-25,568.78 
2021-10-26,568.88 
2021-10-27,567.91 
2021-10-28,569.76 
2021-10-29,571.18 
2021-11-01,572.68 
2021-11-02,570.26 
2021-11-03,568.24 
2021-11-04,569.01 
2021-11-05,567.73 
2021-11-08,569.78 
2021-11-09,569.69 
2021-11-10,570.47 
2021-11-11,570.62 
2021-11-12,570.61 
2021-11-15,569.54 
2021-11-16,568.52 
2021-11-17,568.57 
2021-11-18,569.04 
2021-11-19,569.07 
2021-11-22,569.79 
2021-11-23,572.05 
2021-11-24,572.28 
2021-11-26,568.79 
2021-11-29,567.67 
2021-11-30,564.22 
2021-12-01,564.81 
2021-12-02,566.30 
2021-12-03,568.79 
2021-12-06,569.03 
2021-12-07,571.35 
2021-12-08,572.19 
2021-12-09,570.35 
2021-12-10,570.84 
2021-12-13,568.97 
2021-12-14,566.91 
2021-12-15,566.48 
2021-12-16,569.18 
2021-12-17,567.81 
2021-12-20,565.15 
2021-12-21,568.69 
2021-12-22,571.22 
2021-12-23,573.97 
2021-12-27,576.18 
2021-12-28,577.53 
2021-12-29,578.27 
2021-12-30,578.83 
2021-12-31,578.31 
