日期,黄金
2009-01-05,192.02
2009-01-06,187.67
2009-01-07,189.77
2009-01-08,187.50
2009-01-09,189.69
2009-01-12,188.59
2009-01-13,181.81
2009-01-14,182.99
2009-01-15,180.33
2009-01-16,182.47
2009-01-19,185.20
2009-01-20,182.95
2009-01-21,187.57
2009-01-22,187.80
2009-01-23,188.49
2009-02-02,199.75
2009-02-03,198.09
2009-02-04,197.53
2009-02-05,199.00
2009-02-06,201.20
2009-02-09,198.87
2009-02-10,196.96
2009-02-11,200.72
2009-02-12,206.58
2009-02-13,206.80
2009-02-16,206.49
2009-02-17,211.10
2009-02-18,213.65
2009-02-19,214.22
2009-02-20,214.99
2009-02-23,216.62
2009-02-24,217.15
2009-02-25,210.40
2009-02-26,209.89
2009-02-27,207.51
2009-03-02,209.98
2009-03-03,203.42
2009-03-04,201.48
2009-03-05,201.43
2009-03-06,207.30
2009-03-09,205.59
2009-03-10,201.80
2009-03-11,198.04
2009-03-12,201.56
2009-03-13,203.37
2009-03-16,203.99
2009-03-17,202.50
2009-03-18,200.40
2009-03-19,204.85
2009-03-20,210.00
2009-03-23,210.32
2009-03-24,206.49
2009-03-25,204.09
2009-03-26,205.47
2009-03-27,204.91
2009-03-30,203.69
2009-03-31,202.56
2009-04-01,202.10
2009-04-02,202.88
2009-04-03,199.70
2009-04-07,193.99
2009-04-08,195.66
2009-04-09,194.58
2009-04-10,194.75
2009-04-13,196.05
2009-04-14,197.59
2009-04-15,196.20
2009-04-16,196.59
2009-04-17,192.66
2009-04-20,191.91
2009-04-21,196.03
2009-04-22,195.42
2009-04-23,196.37
2009-04-24,200.29
2009-04-27,200.00
2009-04-28,197.20
2009-04-29,197.12
2009-04-30,197.75
2009-05-04,196.70
2009-05-05,198.30
2009-05-06,198.40
2009-05-07,200.10
2009-05-08,200.53
2009-05-11,200.85
2009-05-12,200.67
2009-05-13,203.11
2009-05-14,202.19
2009-05-15,203.18
2009-05-18,204.62
2009-05-19,202.46
2009-05-20,203.74
2009-05-21,207.00
2009-05-22,208.61
2009-05-25,209.05
2009-05-26,209.23
2009-05-27,208.69
2009-06-01,215.68
2009-06-02,213.00
2009-06-03,216.40
2009-06-04,213.00
2009-06-05,215.50
2009-06-08,209.50
2009-06-09,209.69
2009-06-10,210.95
2009-06-11,209.93
2009-06-12,209.39
2009-06-15,205.89
2009-06-16,206.29
2009-06-17,206.48
2009-06-18,206.78
2009-06-19,205.80
2009-06-22,205.69
2009-06-23,203.03
2009-06-24,204.21
2009-06-25,205.90
2009-06-26,207.81
2009-06-29,206.25
2009-06-30,207.41
2009-07-01,205.16
2009-07-02,206.47
2009-07-03,205.75
2009-07-06,203.80
2009-07-07,203.36
2009-07-08,203.68
2009-07-09,201.30
2009-07-10,201.00
2009-07-13,200.68
2009-07-14,202.76
2009-07-15,204.14
2009-07-16,206.19
2009-07-17,205.91
2009-07-20,207.75
2009-07-21,208.20
2009-07-22,208.08
2009-07-23,209.41
2009-07-24,208.55
2009-07-27,210.06
2009-07-28,209.86
2009-07-29,205.81
2009-07-30,205.02
2009-07-31,206.26
2009-08-03,209.40
2009-08-04,209.89
2009-08-05,212.02
2009-08-06,211.95
2009-08-07,211.20
2009-08-10,210.01
2009-08-11,209.00
2009-08-12,207.91
2009-08-13,210.45
2009-08-14,210.15
2009-08-17,207.97
2009-08-18,207.39
2009-08-19,206.60
2009-08-20,208.29
2009-08-21,207.31
2009-08-24,210.03
2009-08-25,208.19
2009-08-26,208.75
2009-08-27,208.60
2009-08-28,209.17
2009-08-31,209.85
2009-09-01,210.22
2009-09-02,210.39
2009-09-03,215.44
2009-09-04,217.34
2009-09-07,218.40
2009-09-08,220.27
2009-09-09,219.53
2009-09-10,218.44
2009-09-11,219.70
2009-09-14,219.20
2009-09-15,220.00
2009-09-16,223.41
2009-09-17,224.01
2009-09-18,222.69
2009-09-21,220.16
2009-09-22,222.16
2009-09-23,222.87
2009-09-24,222.78
2009-09-25,218.86
2009-09-28,217.43
2009-09-29,218.33
2009-09-30,219.71
2009-10-09,229.00
2009-10-12,229.92
2009-10-13,231.30
2009-10-14,234.30
2009-10-15,231.97
2009-10-16,230.60
2009-10-19,232.00
2009-10-20,234.39
2009-10-21,233.00
2009-10-22,232.45
2009-10-23,233.00
2009-10-26,231.99
2009-10-27,229.29
2009-10-28,229.06
2009-10-29,227.00
2009-10-30,230.45
2009-11-02,229.90
2009-11-03,233.24
2009-11-04,237.80
2009-11-05,238.44
2009-11-06,239.40
2009-11-09,242.76
2009-11-10,241.54
2009-11-11,243.49
2009-11-12,246.34
2009-11-13,243.00
2009-11-16,248.08
2009-11-17,249.39
2009-11-18,250.28
2009-11-19,251.43
2009-11-20,251.95
2009-11-23,256.15
2009-11-24,255.50
2009-11-25,259.22
2009-11-26,260.60
2009-11-27,255.59
2009-11-30,258.25
2009-12-01,259.98
2009-12-02,265.77
2009-12-03,267.70
2009-12-04,265.89
2009-12-07,254.50
2009-12-08,255.90
2009-12-09,249.08
2009-12-10,248.59
2009-12-11,251.00
2009-12-14,248.21
2009-12-15,247.50
2009-12-16,248.00
2009-12-17,248.95
2009-12-18,244.73
2009-12-21,246.00
2009-12-22,241.50
2009-12-23,239.74
2009-12-24,243.54
2009-12-25,245.03
2009-12-28,244.50
2009-12-29,243.28
2009-12-30,241.36
2009-12-31,244.50
2010-01-04,243.89
2010-01-05,249.35
2010-01-06,246.87
2010-01-07,250.34
2010-01-08,248.08
2010-01-11,254.31
2010-01-12,255.16
2010-01-13,249.84
2010-01-14,252.00
2010-01-15,251.84
2010-01-18,251.58
2010-01-19,252.35
2010-01-20,251.00
2010-01-21,247.50
2010-01-22,244.27
2010-01-25,244.80
2010-01-26,243.84
2010-01-27,242.91
2010-01-28,241.00
2010-01-29,239.70
2010-02-01,239.61
2010-02-02,244.10
2010-02-03,246.78
2010-02-04,243.80
2010-02-05,235.31
2010-02-08,235.60
2010-02-09,236.55
2010-02-10,237.47
2010-02-11,237.49
2010-02-12,239.73
2010-02-22,246.59
2010-02-23,245.29
2010-02-24,242.50
2010-02-25,240.55
2010-02-26,243.54
2010-03-01,245.35
2010-03-02,245.09
2010-03-03,249.00
2010-03-04,248.90
2010-03-05,248.78
2010-03-08,249.70
2010-03-09,245.58
2010-03-10,246.94
2010-03-11,243.72
2010-03-12,244.94
2010-03-15,243.64
2010-03-16,245.15
2010-03-17,248.30
2010-03-18,246.87
2010-03-19,247.29
2010-03-22,244.20
2010-03-23,243.37
2010-03-24,243.50
2010-03-25,242.02
2010-03-26,243.20
2010-03-29,244.77
2010-03-30,244.97
2010-03-31,244.57
2010-04-01,245.48
2010-04-02,246.87
2010-04-06,247.53
2010-04-07,249.80
2010-04-08,251.40
2010-04-09,253.87
2010-04-12,255.69
2010-04-13,253.39
2010-04-14,253.65
2010-04-15,253.50
2010-04-16,253.39
2010-04-19,248.85
2010-04-20,250.59
2010-04-21,251.45
2010-04-22,252.42
2010-04-23,251.00
2010-04-26,254.30
2010-04-27,253.49
2010-04-28,255.15
2010-04-29,256.24
2010-04-30,257.26
2010-05-04,258.13
2010-05-05,256.88
2010-05-06,257.64
2010-05-07,263.63
2010-05-10,263.09
2010-05-11,265.20
2010-05-12,270.63
2010-05-13,271.80
2010-05-14,271.54
2010-05-17,271.83
2010-05-18,266.79
2010-05-19,266.70
2010-05-20,261.24
2010-05-21,259.80
2010-05-24,261.89
2010-05-25,261.29
2010-05-26,265.20
2010-05-27,266.06
2010-05-28,266.64
2010-05-31,266.01
2010-06-01,267.69
2010-06-02,268.50
2010-06-03,268.87
2010-06-04,264.66
2010-06-07,267.21
2010-06-08,272.28
2010-06-09,271.35
2010-06-10,269.62
2010-06-11,268.92
2010-06-17,271.30
2010-06-18,272.97
2010-06-21,276.09
2010-06-22,271.54
2010-06-23,272.30
2010-06-24,270.14
2010-06-25,272.19
2010-06-28,273.93
2010-06-29,270.00
2010-06-30,271.44
2010-07-01,270.52
2010-07-02,263.82
2010-07-05,264.71
2010-07-06,263.86
2010-07-07,260.13
2010-07-08,263.18
2010-07-09,261.83
2010-07-12,263.30
2010-07-13,261.88
2010-07-14,264.54
2010-07-15,264.03
2010-07-16,263.60
2010-07-19,260.65
2010-07-20,259.00
2010-07-21,260.00
2010-07-22,259.02
2010-07-23,261.73
2010-07-26,261.20
2010-07-27,259.50
2010-07-28,255.80
2010-07-29,255.80
2010-07-30,255.80
2010-08-02,258.39
2010-08-03,258.59
2010-08-04,260.63
2010-08-05,260.78
2010-08-06,261.31
2010-08-09,263.50
2010-08-10,261.78
2010-08-11,261.82
2010-08-12,262.62
2010-08-13,265.90
2010-08-16,266.86
2010-08-17,268.00
2010-08-18,266.80
2010-08-19,268.79
2010-08-20,268.82
2010-08-23,269.25
2010-08-24,267.52
2010-08-25,269.67
2010-08-26,271.82
2010-08-27,270.01
2010-08-30,270.96
2010-08-31,270.63
2010-09-01,273.97
2010-09-02,273.28
2010-09-03,273.90
2010-09-06,273.70
2010-09-07,273.44
2010-09-08,275.57
2010-09-09,274.14
2010-09-10,272.30
2010-09-13,272.39
2010-09-14,273.00
2010-09-15,276.00
2010-09-16,275.20
2010-09-17,277.55
2010-09-20,277.51
2010-09-21,276.42
2010-09-27,280.39
2010-09-28,278.22
2010-09-29,281.95
2010-09-30,282.10
2010-10-08,285.80
2010-10-11,289.99
2010-10-12,289.86
2010-10-13,291.70
2010-10-14,295.99
2010-10-15,295.06
2010-10-18,290.99
2010-10-19,292.62
2010-10-20,287.59
2010-10-21,287.65
2010-10-22,283.95
2010-10-25,289.13
2010-10-26,287.90
2010-10-27,287.13
2010-10-28,286.43
2010-10-29,289.20
2010-11-01,293.07
2010-11-02,292.38
2010-11-03,291.99
2010-11-04,292.59
2010-11-05,297.39
2010-11-08,298.89
2010-11-09,303.62
2010-11-10,300.78
2010-11-11,302.16
2010-11-12,298.99
2010-11-15,295.20
2010-11-16,293.76
2010-11-17,289.00
2010-11-18,292.09
2010-11-19,292.40
2010-11-22,293.53
2010-11-23,294.57
2010-11-24,296.50
2010-11-25,295.58
2010-11-26,294.85
2010-11-29,294.70
2010-11-30,295.08
2010-12-01,299.60
2010-12-02,299.99
2010-12-03,298.99
2010-12-06,303.09
2010-12-07,304.33
2010-12-08,298.69
2010-12-09,298.52
2010-12-10,299.37
2010-12-13,299.50
2010-12-14,301.00
2010-12-15,298.83
2010-12-16,298.19
2010-12-17,296.81
2010-12-20,299.55
2010-12-21,298.80
2010-12-22,298.89
2010-12-23,298.07
2010-12-24,298.39
2010-12-27,298.49
2010-12-28,299.00
2010-12-29,301.07
2010-12-30,301.50
2010-12-31,301.80
2011-01-04,302.50
2011-01-05,297.68
2011-01-06,298.57
2011-01-07,296.89
2011-01-10,298.53
2011-01-11,299.79
2011-01-12,299.22
2011-01-13,297.80
2011-01-14,295.79
2011-01-17,293.39
2011-01-18,296.46
2011-01-19,295.99
2011-01-20,293.91
2011-01-21,291.01
2011-01-24,291.22
2011-01-25,287.30
2011-01-26,288.20
2011-01-27,287.35
2011-01-28,282.58
2011-01-31,285.70
2011-02-01,285.95
2011-02-09,290.00
2011-02-10,289.71
2011-02-11,290.28
2011-02-14,290.29
2011-02-15,290.95
2011-02-16,292.83
2011-02-17,293.40
2011-02-18,294.10
2011-02-21,296.49
2011-02-22,296.86
2011-02-23,297.30
2011-02-24,299.05
2011-02-25,298.32
2011-02-28,299.60
2011-03-01,299.79
2011-03-02,302.27
2011-03-03,301.70
2011-03-04,299.72
2011-03-07,304.05
2011-03-08,302.02
2011-03-09,302.05
2011-03-10,303.30
2011-03-11,300.95
2011-03-14,302.68
2011-03-15,300.44
2011-03-16,298.50
2011-03-17,297.60
2011-03-18,300.84
2011-03-21,303.15
2011-03-22,302.80
2011-03-23,302.80
2011-03-24,304.30
2011-03-25,303.98
2011-03-28,300.39
2011-03-29,300.83
2011-03-30,301.74
2011-03-31,302.16
2011-04-01,303.04
2011-04-06,306.47
2011-04-07,306.54
2011-04-08,309.20
2011-04-11,310.55
2011-04-12,307.50
2011-04-13,307.95
2011-04-14,308.54
2011-04-15,310.22
2011-04-18,312.00
2011-04-19,313.60
2011-04-20,315.39
2011-04-21,315.80
2011-04-22,317.48
2011-04-25,318.90
2011-04-26,316.07
2011-04-27,315.74
2011-04-28,320.17
2011-04-29,320.17
2011-05-03,322.00
2011-05-04,321.67
2011-05-05,318.12
2011-05-06,311.39
2011-05-09,314.92
2011-05-10,316.00
2011-05-11,318.29
2011-05-12,312.53
2011-05-13,317.00
2011-05-16,314.02
2011-05-17,314.00
2011-05-18,313.35
2011-05-19,313.70
2011-05-20,314.12
2011-05-23,315.50
2011-05-24,318.05
2011-05-25,318.89
2011-05-26,319.59
2011-05-27,319.39
2011-05-30,320.29
2011-05-31,320.64
2011-06-01,319.48
2011-06-02,321.38
2011-06-03,319.77
2011-06-07,322.03
2011-06-08,321.00
2011-06-09,320.71
2011-06-10,321.73
2011-06-13,320.00
2011-06-14,317.96
2011-06-15,318.50
2011-06-16,319.34
2011-06-17,318.70
2011-06-20,320.67
2011-06-21,321.33
2011-06-22,321.78
2011-06-23,321.50
2011-06-24,317.88
2011-06-27,313.95
2011-06-28,313.62
2011-06-29,314.61
2011-06-30,314.70
2011-07-01,313.33
2011-07-04,312.27
2011-07-05,312.13
2011-07-06,316.51
2011-07-07,319.20
2011-07-08,318.98
2011-07-11,321.89
2011-07-12,322.27
2011-07-13,326.81
2011-07-14,329.08
2011-07-15,327.20
2011-07-18,331.55
2011-07-19,333.94
2011-07-20,330.39
2011-07-21,333.17
2011-07-22,329.70
2011-07-25,335.50
2011-07-26,334.50
2011-07-27,336.10
2011-07-28,334.84
2011-07-29,334.00
2011-08-01,333.98
2011-08-02,336.40
2011-08-03,345.88
2011-08-04,344.80
2011-08-05,344.95
2011-08-08,352.64
2011-08-09,360.87
2011-08-10,361.75
2011-08-11,368.20
2011-08-12,362.79
2011-08-15,359.51
2011-08-16,364.76
2011-08-17,368.00
2011-08-18,369.37
2011-08-19,381.48
2011-08-22,389.80
2011-08-23,387.86
2011-08-24,380.45
2011-08-25,361.01
2011-08-26,368.84
2011-08-29,375.50
2011-08-30,371.05
2011-08-31,377.69
2011-09-01,375.11
2011-09-02,380.19
2011-09-05,387.59
2011-09-06,393.48
2011-09-07,379.49
2011-09-08,380.90
2011-09-09,386.93
2011-09-13,377.50
2011-09-14,378.00
2011-09-15,374.98
2011-09-16,366.93
2011-09-19,377.20
2011-09-20,370.63
2011-09-21,374.61
2011-09-22,368.00
2011-09-23,360.00
2011-09-26,327.56
2011-09-27,342.37
2011-09-28,343.25
2011-09-29,336.00
2011-09-30,338.49
2011-10-10,342.91
2011-10-11,346.79
2011-10-12,346.22
2011-10-13,347.00
2011-10-14,345.61
2011-10-17,348.29
2011-10-18,343.62
2011-10-19,340.80
2011-10-20,334.98
2011-10-21,336.74
2011-10-24,341.46
2011-10-25,341.50
2011-10-26,352.50
2011-10-27,352.97
2011-10-28,356.34
2011-10-31,350.49
2011-11-01,351.27
2011-11-02,353.52
2011-11-03,353.40
2011-11-04,359.49
2011-11-07,361.65
2011-11-08,365.20
2011-11-09,364.91
2011-11-10,358.89
2011-11-11,361.19
2011-11-14,365.70
2011-11-15,362.63
2011-11-16,362.17
2011-11-17,361.10
2011-11-18,353.70
2011-11-21,352.87
2011-11-22,346.37
2011-11-23,350.25
2011-11-24,348.47
2011-11-25,345.52
2011-11-28,350.99
2011-11-29,352.04
2011-11-30,351.77
2011-12-01,357.68
2011-12-02,357.59
2011-12-05,357.50
2011-12-06,351.48
2011-12-07,354.60
2011-12-08,356.29
2011-12-09,350.80
2011-12-12,346.34
2011-12-13,339.31
2011-12-14,337.95
2011-12-15,322.28
2011-12-16,329.42
2011-12-19,327.72
2011-12-20,328.65
2011-12-21,333.20
2011-12-22,329.91
2011-12-23,330.29
2011-12-26,328.78
2011-12-27,326.37
2011-12-28,323.64
2011-12-29,315.50
2011-12-30,319.80
2012-01-04,328.72
2012-01-05,331.98
2012-01-06,332.58
2012-01-09,331.04
2012-01-10,332.05
2012-01-11,335.50
2012-01-12,337.37
2012-01-13,337.51
2012-01-16,336.39
2012-01-17,339.18
2012-01-18,338.33
2012-01-19,339.38
2012-01-20,338.87
2012-01-30,351.01
2012-01-31,354.16
2012-02-01,352.58
2012-02-02,355.10
2012-02-03,356.99
2012-02-06,351.95
2012-02-07,351.74
2012-02-08,355.30
2012-02-09,353.30
2012-02-10,351.74
2012-02-13,351.59
2012-02-14,348.43
2012-02-15,351.20
2012-02-16,349.98
2012-02-17,352.16
2012-02-20,351.89
2012-02-21,353.65
2012-02-22,356.72
2012-02-23,359.92
2012-02-24,359.79
2012-02-27,359.68
2012-02-28,359.99
2012-02-29,361.96
2012-03-01,348.00
2012-03-02,348.70
2012-03-05,348.09
2012-03-06,346.01
2012-03-07,340.99
2012-03-08,343.45
2012-03-09,347.20
2012-03-12,347.26
2012-03-13,347.10
2012-03-14,341.35
2012-03-15,337.25
2012-03-16,339.40
2012-03-19,339.00
2012-03-20,337.62
2012-03-21,337.87
2012-03-22,336.77
2012-03-23,336.60
2012-03-26,339.29
2012-03-27,343.80
2012-03-28,341.22
2012-03-29,338.29
2012-03-30,339.04
2012-04-05,331.78
2012-04-06,334.28
2012-04-09,335.40
2012-04-10,336.49
2012-04-11,338.04
2012-04-12,337.97
2012-04-13,340.99
2012-04-16,335.43
2012-04-17,335.55
2012-04-18,336.39
2012-04-19,334.81
2012-04-20,334.96
2012-04-23,333.30
2012-04-24,333.65
2012-04-25,334.58
2012-04-26,335.45
2012-04-27,336.09
2012-05-02,336.46
2012-05-03,334.52
2012-05-04,332.84
2012-05-07,333.51
2012-05-08,332.55
2012-05-09,324.64
2012-05-10,325.57
2012-05-11,322.34
2012-05-14,322.00
2012-05-15,318.51
2012-05-16,313.98
2012-05-17,316.98
2012-05-18,322.77
2012-05-21,326.49
2012-05-22,324.49
2012-05-23,318.95
2012-05-24,319.29
2012-05-25,321.00
2012-05-28,323.99
2012-05-29,323.55
2012-05-30,318.39
2012-05-31,321.75
2012-06-01,320.24
2012-06-04,332.48
2012-06-05,331.01
2012-06-06,333.50
2012-06-07,332.46
2012-06-08,322.91
2012-06-11,328.00
2012-06-12,326.35
2012-06-13,330.60
2012-06-14,332.30
2012-06-15,333.48
2012-06-18,331.28
2012-06-19,333.72
2012-06-20,331.19
2012-06-21,328.53
2012-06-25,323.14
2012-06-26,324.60
2012-06-27,322.30
2012-06-28,322.71
2012-06-29,322.49
2012-07-02,326.20
2012-07-03,329.12
2012-07-04,330.12
2012-07-05,330.90
2012-07-06,328.30
2012-07-09,325.88
2012-07-10,325.49
2012-07-11,324.54
2012-07-12,322.88
2012-07-13,323.91
2012-07-16,326.51
2012-07-17,327.19
2012-07-18,325.04
2012-07-19,325.25
2012-07-20,325.84
2012-07-23,324.00
2012-07-24,324.52
2012-07-25,326.57
2012-07-26,329.47
2012-07-27,331.93
2012-07-30,331.75
2012-07-31,332.35
2012-08-01,331.51
2012-08-02,329.40
2012-08-03,326.99
2012-08-06,329.80
2012-08-07,331.25
2012-08-08,329.22
2012-08-09,331.07
2012-08-10,329.87
2012-08-13,332.86
2012-08-14,331.25
2012-08-15,328.13
2012-08-16,329.25
2012-08-17,331.87
2012-08-20,331.93
2012-08-21,332.40
2012-08-22,335.74
2012-08-23,340.65
2012-08-24,340.27
2012-08-27,342.33
2012-08-28,340.20
2012-08-29,341.13
2012-08-30,339.50
2012-08-31,339.69
2012-09-03,345.10
2012-09-04,346.35
2012-09-05,345.85
2012-09-06,348.58
2012-09-07,346.10
2012-09-10,353.50
2012-09-11,352.94
2012-09-12,354.00
2012-09-13,352.99
2012-09-14,360.31
2012-09-17,360.00
2012-09-18,357.50
2012-09-19,361.00
2012-09-20,357.32
2012-09-21,359.53
2012-09-24,357.50
2012-09-25,358.57
2012-09-26,358.25
2012-09-27,356.19
2012-09-28,360.03
2012-10-08,358.30
2012-10-09,359.28
2012-10-10,357.79
2012-10-11,357.54
2012-10-12,357.29
2012-10-15,352.60
2012-10-16,351.64
2012-10-17,352.50
2012-10-18,352.00
2012-10-19,349.86
2012-10-22,347.51
2012-10-23,346.43
2012-10-24,344.69
2012-10-25,345.00
2012-10-26,342.49
2012-10-29,344.43
2012-10-30,344.29
2012-10-31,343.94
2012-11-01,345.69
2012-11-02,343.79
2012-11-05,338.16
2012-11-06,339.42
2012-11-07,347.18
2012-11-08,345.49
2012-11-09,348.32
2012-11-12,348.24
2012-11-13,346.01
2012-11-14,346.29
2012-11-15,345.76
2012-11-16,344.11
2012-11-19,346.19
2012-11-20,347.67
2012-11-21,345.60
2012-11-22,346.80
2012-11-23,346.77
2012-11-26,350.14
2012-11-27,349.98
2012-11-28,347.72
2012-11-29,344.37
2012-11-30,346.02
2012-12-03,344.24
2012-12-04,341.27
2012-12-05,341.50
2012-12-06,338.99
2012-12-07,341.40
2012-12-10,342.62
2012-12-11,343.82
2012-12-12,344.45
2012-12-13,341.48
2012-12-14,341.74
2012-12-17,339.50
2012-12-18,342.00
2012-12-19,336.96
2012-12-20,335.64
2012-12-21,330.62
2012-12-24,334.01
2012-12-25,333.40
2012-12-26,333.27
2012-12-27,333.08
2012-12-28,332.84
2012-12-31,334.50
2013-01-04,331.47
2013-01-07,333.50
2013-01-08,331.58
2013-01-09,333.98
2013-01-10,333.70
2013-01-11,335.93
2013-01-14,335.92
2013-01-15,337.49
2013-01-16,337.70
2013-01-17,337.40
2013-01-18,339.21
2013-01-21,339.35
2013-01-22,339.83
2013-01-23,339.80
2013-01-24,337.39
2013-01-25,336.18
2013-01-28,334.62
2013-01-29,335.33
2013-01-30,336.00
2013-01-31,336.80
2013-02-01,335.04
2013-02-04,336.74
2013-02-05,337.10
2013-02-06,337.16
2013-02-07,337.30
2013-02-08,336.75
2013-02-18,327.25
2013-02-19,326.79
2013-02-20,326.00
2013-02-21,319.04
2013-02-22,323.48
2013-02-25,323.55
2013-02-26,323.99
2013-02-27,326.71
2013-02-28,323.99
2013-03-01,320.70
2013-03-04,320.20
2013-03-05,320.56
2013-03-06,319.03
2013-03-07,319.00
2013-03-08,318.35
2013-03-11,319.50
2013-03-12,319.49
2013-03-13,320.90
2013-03-14,319.41
2013-03-15,320.08
2013-03-18,321.19
2013-03-19,321.82
2013-03-20,322.93
2013-03-21,322.23
2013-03-22,322.70
2013-03-25,322.15
2013-03-26,321.05
2013-03-27,319.25
2013-03-28,321.11
2013-03-29,320.23
2013-04-01,319.87
2013-04-02,320.18
2013-04-03,314.15
2013-04-08,316.69
2013-04-09,315.40
2013-04-10,316.99
2013-04-11,311.87
2013-04-12,311.82
2013-04-15,289.90
2013-04-16,274.76
2013-04-17,276.50
2013-04-18,275.91
2013-04-19,285.50
2013-04-22,288.49
2013-04-23,283.91
2013-04-24,290.79
2013-04-25,293.20
2013-04-26,296.50
2013-05-02,294.58
2013-05-03,296.80
2013-05-06,299.60
2013-05-07,294.00
2013-05-08,294.52
2013-05-09,296.79
2013-05-10,296.17
2013-05-13,293.64
2013-05-14,291.84
2013-05-15,285.60
2013-05-16,280.94
2013-05-17,277.96
2013-05-20,276.44
2013-05-21,282.64
2013-05-22,281.56
2013-05-23,278.00
2013-05-24,279.20
2013-05-27,280.85
2013-05-28,279.14
2013-05-29,277.96
2013-05-30,280.85
2013-05-31,281.50
2013-06-03,277.64
2013-06-04,279.55
2013-06-05,278.50
2013-06-06,277.50
2013-06-07,281.09
2013-06-13,277.99
2013-06-14,277.35
2013-06-17,277.13
2013-06-18,275.64
2013-06-19,274.25
2013-06-20,266.48
2013-06-21,262.47
2013-06-24,260.16
2013-06-25,258.91
2013-06-26,251.59
2013-06-27,250.07
2013-06-28,243.50
2013-07-01,254.10
2013-07-02,256.60
2013-07-03,252.00
2013-07-04,255.25
2013-07-05,252.99
2013-07-08,251.15
2013-07-09,253.80
2013-07-10,252.69
2013-07-11,259.37
2013-07-12,257.59
2013-07-15,259.70
2013-07-16,259.10
2013-07-17,259.20
2013-07-18,256.42
2013-07-19,259.39
2013-07-22,264.59
2013-07-23,267.17
2013-07-24,268.73
2013-07-25,264.90
2013-07-26,266.50
2013-07-29,264.31
2013-07-30,264.10
2013-07-31,265.76
2013-08-01,264.39
2013-08-02,258.27
2013-08-05,263.50
2013-08-06,259.89
2013-08-07,257.11
2013-08-08,259.02
2013-08-09,262.20
2013-08-12,266.76
2013-08-13,267.96
2013-08-14,264.75
2013-08-15,267.23
2013-08-16,271.89
2013-08-19,273.59
2013-08-20,270.66
2013-08-21,272.23
2013-08-22,271.79
2013-08-23,273.19
2013-08-26,277.69
2013-08-27,278.32
2013-08-28,282.27
2013-08-29,280.00
2013-08-30,277.60
2013-09-02,277.00
2013-09-03,276.39
2013-09-04,279.18
2013-09-05,275.66
2013-09-06,273.28
2013-09-09,276.16
2013-09-10,273.80
2013-09-11,272.38
2013-09-12,268.09
2013-09-13,262.78
2013-09-16,263.76
2013-09-17,262.00
2013-09-18,259.02
2013-09-23,263.39
2013-09-24,262.45
2013-09-25,262.20
2013-09-26,264.57
2013-09-27,263.58
2013-09-30,265.65
2013-10-08,263.20
2013-10-09,262.10
2013-10-10,259.80
2013-10-11,257.77
2013-10-14,255.25
2013-10-15,253.36
2013-10-16,255.01
2013-10-17,254.02
2013-10-18,260.13
2013-10-21,260.76
2013-10-22,259.50
2013-10-23,262.49
2013-10-24,262.67
2013-10-25,262.86
2013-10-28,264.13
2013-10-29,264.20
2013-10-30,263.92
2013-10-31,262.25
2013-11-01,260.69
2013-11-04,258.41
2013-11-05,258.75
2013-11-06,258.11
2013-11-07,259.01
2013-11-08,257.52
2013-11-11,253.29
2013-11-12,251.96
2013-11-13,250.98
2013-11-14,253.00
2013-11-15,253.00
2013-11-18,253.06
2013-11-19,250.90
2013-11-20,251.21
2013-11-21,246.17
2013-11-22,245.67
2013-11-25,243.32
2013-11-26,247.32
2013-11-27,245.93
2013-11-28,244.60
2013-11-29,244.71
2013-12-02,245.80
2013-12-03,242.18
2013-12-04,240.89
2013-12-05,243.51
2013-12-06,243.50
2013-12-09,243.99
2013-12-10,244.96
2013-12-11,246.71
2013-12-12,246.00
2013-12-13,242.08
2013-12-16,242.75
2013-12-17,245.55
2013-12-18,243.06
2013-12-19,241.00
2013-12-20,236.37
2013-12-23,238.77
2013-12-24,237.62
2013-12-25,238.99
2013-12-26,239.29
2013-12-27,240.50
2013-12-30,238.77
2013-12-31,236.46
2014-01-02,242.30
2014-01-03,243.80
2014-01-06,245.39
2014-01-07,245.79
2014-01-08,241.95
2014-01-09,241.82
2014-01-10,243.00
2014-01-13,246.50
2014-01-14,246.34
2014-01-15,244.16
2014-01-16,244.49
2014-01-17,245.40
2014-01-20,246.82
2014-01-21,245.80
2014-01-22,243.87
2014-01-23,243.27
2014-01-24,246.89
2014-01-27,247.78
2014-01-28,245.90
2014-01-29,245.94
2014-01-30,246.37
2014-02-07,248.29
2014-02-10,250.39
2014-02-11,251.49
2014-02-12,252.06
2014-02-13,252.10
2014-02-14,256.69
2014-02-17,259.85
2014-02-18,258.01
2014-02-19,258.24
2014-02-20,257.49
2014-02-21,259.29
2014-02-24,260.50
2014-02-25,262.39
2014-02-26,265.22
2014-02-27,261.48
2014-02-28,262.73
2014-03-03,266.20
2014-03-04,264.00
2014-03-05,263.08
2014-03-06,262.99
2014-03-07,265.27
2014-03-10,262.53
2014-03-11,264.51
2014-03-12,267.43
2014-03-13,269.76
2014-03-14,269.63
2014-03-17,273.29
2014-03-18,269.10
2014-03-19,268.20
2014-03-20,265.45
2014-03-21,265.26
2014-03-24,263.89
2014-03-25,261.20
2014-03-26,262.00
2014-03-27,259.51
2014-03-28,258.50
2014-03-31,257.80
2014-04-01,256.39
2014-04-02,256.25
2014-04-03,257.06
2014-04-04,257.64
2014-04-08,261.00
2014-04-09,261.12
2014-04-10,263.00
2014-04-11,262.64
2014-04-14,264.85
2014-04-15,262.18
2014-04-16,260.08
2014-04-17,259.30
2014-04-18,259.33
2014-04-21,257.66
2014-04-22,258.55
2014-04-23,257.88
2014-04-24,257.70
2014-04-25,259.76
2014-04-28,261.89
2014-04-29,260.09
2014-04-30,260.26
2014-05-05,262.84
2014-05-06,262.98
2014-05-07,262.80
2014-05-08,259.05
2014-05-09,259.16
2014-05-12,259.10
2014-05-13,259.49
2014-05-14,260.29
2014-05-15,261.00
2014-05-16,259.69
2014-05-19,260.71
2014-05-20,259.80
2014-05-21,259.85
2014-05-22,260.10
2014-05-23,260.01
2014-05-26,259.56
2014-05-27,258.29
2014-05-28,254.90
2014-05-29,252.07
2014-05-30,252.80
2014-06-03,250.90
2014-06-04,251.00
2014-06-05,250.40
2014-06-06,252.75
2014-06-09,252.23
2014-06-10,251.60
2014-06-11,252.46
2014-06-12,252.00
2014-06-13,254.35
2014-06-16,256.79
2014-06-17,253.75
2014-06-18,254.38
2014-06-19,255.98
2014-06-20,262.50
2014-06-23,263.68
2014-06-24,263.61
2014-06-25,262.90
2014-06-26,262.78
2014-06-27,263.09
2014-06-30,261.86
2014-07-01,263.99
2014-07-02,264.52
2014-07-03,263.71
2014-07-04,263.93
2014-07-07,261.70
2014-07-08,263.00
2014-07-09,263.76
2014-07-10,264.79
2014-07-11,266.89
2014-07-14,263.26
2014-07-15,261.73
2014-07-16,259.19
2014-07-17,260.45
2014-07-18,261.69
2014-07-21,262.60
2014-07-22,261.09
2014-07-23,261.17
2014-07-24,258.85
2014-07-25,257.85
2014-07-28,259.75
2014-07-29,259.85
2014-07-30,258.40
2014-07-31,257.79
2014-08-01,255.65
2014-08-04,257.63
2014-08-05,256.81
2014-08-06,256.45
2014-08-07,258.71
2014-08-08,261.10
2014-08-11,259.37
2014-08-12,260.00
2014-08-13,259.61
2014-08-14,260.39
2014-08-15,260.14
2014-08-18,257.50
2014-08-19,257.00
2014-08-20,256.40
2014-08-21,253.85
2014-08-22,253.91
2014-08-25,253.30
2014-08-26,255.77
2014-08-27,254.95
2014-08-28,255.15
2014-08-29,255.04
2014-09-01,255.14
2014-09-02,252.84
2014-09-03,251.25
2014-09-04,250.91
2014-09-05,250.25
2014-09-09,248.18
2014-09-10,248.46
2014-09-11,247.19
2014-09-12,245.21
2014-09-15,244.80
2014-09-16,245.40
2014-09-17,245.32
2014-09-18,242.33
2014-09-19,242.01
2014-09-22,239.03
2014-09-23,240.90
2014-09-24,242.50
2014-09-25,239.27
2014-09-26,242.76
2014-09-29,240.97
2014-09-30,241.24
2014-10-08,241.26
2014-10-09,242.59
2014-10-10,241.75
2014-10-13,243.64
2014-10-14,243.58
2014-10-15,242.12
2014-10-16,244.41
2014-10-17,244.89
2014-10-20,244.79
2014-10-21,246.99
2014-10-22,245.39
2014-10-23,244.85
2014-10-24,242.42
2014-10-27,242.22
2014-10-28,241.82
2014-10-29,241.83
2014-10-30,237.41
2014-10-31,230.44
2014-11-03,230.93
2014-11-04,229.50
2014-11-05,225.90
2014-11-06,225.38
2014-11-07,225.30
2014-11-10,230.71
2014-11-11,227.79
2014-11-12,230.39
2014-11-13,228.89
2014-11-14,227.20
2014-11-17,234.57
2014-11-18,234.40
2014-11-19,235.20
2014-11-20,233.80
2014-11-21,235.41
2014-11-24,237.15
2014-11-25,237.00
2014-11-26,237.39
2014-11-27,236.42
2014-11-28,235.50
2014-12-01,228.84
2014-12-02,238.86
2014-12-03,237.65
2014-12-04,238.00
2014-12-05,239.00
2014-12-08,236.99
2014-12-09,240.38
2014-12-10,246.15
2014-12-11,243.17
2014-12-12,242.90
2014-12-15,243.10
2014-12-16,239.09
2014-12-17,239.30
2014-12-18,240.35
2014-12-19,240.93
2014-12-22,240.25
2014-12-23,236.95
2014-12-24,236.57
2014-12-25,236.69
2014-12-26,238.20
2014-12-29,239.96
2014-12-30,237.42
2014-12-31,240.59
2015-01-05,240.60
2015-01-06,242.50
2015-01-07,243.14
2015-01-08,242.75
2015-01-09,242.92
2015-01-12,245.80
2015-01-13,247.38
2015-01-14,247.70
2015-01-15,245.01
2015-01-16,252.00
2015-01-19,255.80
2015-01-20,255.99
2015-01-21,260.29
2015-01-22,257.28
2015-01-23,259.80
2015-01-26,260.80
2015-01-27,258.39
2015-01-28,259.16
2015-01-29,257.50
2015-01-30,253.19
2015-02-02,257.94
2015-02-03,258.26
2015-02-04,254.70
2015-02-05,255.26
2015-02-06,254.93
2015-02-09,249.74
2015-02-10,250.28
2015-02-11,248.88
2015-02-12,245.90
2015-02-13,247.60
2015-02-16,248.60
2015-02-17,247.23
2015-02-25,244.52
2015-02-26,244.59
2015-02-27,244.83
2015-03-02,247.39
2015-03-03,245.00
2015-03-04,244.18
2015-03-05,243.00
2015-03-06,242.31
2015-03-09,237.40
2015-03-10,235.45
2015-03-11,235.30
2015-03-12,235.79
2015-03-13,234.64
2015-03-16,234.85
2015-03-17,233.00
2015-03-18,231.00
2015-03-19,234.49
2015-03-20,234.50
2015-03-23,236.68
2015-03-24,237.73
2015-03-25,238.19
2015-03-26,241.04
2015-03-27,240.50
2015-03-30,238.74
2015-03-31,235.55
2015-04-01,236.69
2015-04-02,240.30
2015-04-03,239.40
2015-04-07,241.41
2015-04-08,241.90
2015-04-09,238.50
2015-04-10,238.89
2015-04-13,241.34
2015-04-14,239.09
2015-04-15,238.33
2015-04-16,240.30
2015-04-17,240.00
2015-04-20,241.79
2015-04-21,238.57
2015-04-22,240.00
2015-04-23,236.99
2015-04-24,238.80
2015-04-27,236.80
2015-04-28,240.50
2015-04-29,241.49
2015-04-30,239.93
2015-05-04,236.97
2015-05-05,237.73
2015-05-06,238.78
2015-05-07,236.89
2015-05-08,237.65
2015-05-11,237.17
2015-05-12,236.90
2015-05-13,238.98
2015-05-14,242.83
2015-05-15,243.56
2015-05-18,245.37
2015-05-19,243.55
2015-05-20,241.17
2015-05-21,241.79
2015-05-22,241.74
2015-05-25,240.50
2015-05-26,239.16
2015-05-27,237.65
2015-05-28,237.25
2015-05-29,237.59
2015-06-01,236.79
2015-06-02,237.40
2015-06-03,237.52
2015-06-04,235.94
2015-06-05,235.00
2015-06-08,234.70
2015-06-09,235.18
2015-06-10,236.85
2015-06-11,236.49
2015-06-12,236.41
2015-06-15,236.70
2015-06-16,237.30
2015-06-17,235.60
2015-06-18,237.50
2015-06-19,239.40
2015-06-23,237.32
2015-06-24,235.00
2015-06-25,235.10
2015-06-26,234.98
2015-06-29,235.56
2015-06-30,234.94
2015-07-01,234.38
2015-07-02,232.73
2015-07-03,233.77
2015-07-06,233.69
2015-07-07,233.89
2015-07-08,229.13
2015-07-09,232.64
2015-07-10,232.77
2015-07-13,231.40
2015-07-14,230.80
2015-07-15,231.29
2015-07-16,229.60
2015-07-17,229.19
2015-07-20,223.52
2015-07-21,221.70
2015-07-22,218.90
2015-07-23,219.55
2015-07-24,217.19
2015-07-27,221.38
2015-07-28,219.53
2015-07-29,219.56
2015-07-30,217.51
2015-07-31,216.87
2015-08-03,219.30
2015-08-04,218.14
2015-08-05,217.61
2015-08-06,217.59
2015-08-07,218.70
2015-08-10,219.95
2015-08-11,224.99
2015-08-12,232.24
2015-08-13,231.00
2015-08-14,230.60
2015-08-17,230.70
2015-08-18,231.04
2015-08-19,231.79
2015-08-20,234.70
2015-08-21,238.02
2015-08-24,239.58
2015-08-25,237.86
2015-08-26,235.78
2015-08-27,233.17
2015-08-28,233.20
2015-08-31,233.75
2015-09-01,234.60
2015-09-02,234.90
2015-09-07,231.00
2015-09-08,230.58
2015-09-09,231.10
2015-09-10,228.09
2015-09-11,228.35
2015-09-14,227.99
2015-09-15,227.94
2015-09-16,228.02
2015-09-17,230.44
2015-09-18,231.96
2015-09-21,234.00
2015-09-22,233.40
2015-09-23,232.51
2015-09-24,233.84
2015-09-25,235.24
2015-09-28,233.70
2015-09-29,230.56
2015-09-30,230.50
2015-10-08,235.00
2015-10-09,234.77
2015-10-12,237.20
2015-10-13,236.30
2015-10-14,239.84
2015-10-15,241.40
2015-10-16,240.56
2015-10-19,239.50
2015-10-20,240.10
2015-10-21,240.31
2015-10-22,239.03
2015-10-23,240.49
2015-10-26,238.30
2015-10-27,238.45
2015-10-28,240.00
2015-10-29,237.30
2015-10-30,233.91
2015-11-02,233.30
2015-11-03,232.13
2015-11-04,228.74
2015-11-05,227.01
2015-11-06,227.31
2015-11-09,224.39
2015-11-10,224.24
2015-11-11,224.47
2015-11-12,223.40
2015-11-13,223.35
2015-11-16,225.50
2015-11-17,222.16
2015-11-18,220.92
2015-11-19,221.59
2015-11-20,223.10
2015-11-23,220.83
2015-11-24,221.44
2015-11-25,222.84
2015-11-26,221.85
2015-11-27,220.78
2015-11-30,218.02
2015-12-01,221.54
2015-12-02,220.54
2015-12-03,218.18
2015-12-04,219.96
2015-12-07,224.99
2015-12-08,224.89
2015-12-09,223.28
2015-12-10,222.80
2015-12-11,223.02
2015-12-14,224.06
2015-12-15,221.65
2015-12-16,222.30
2015-12-17,223.13
2015-12-18,221.40
2015-12-21,223.94
2015-12-22,225.19
2015-12-23,224.60
2015-12-24,224.73
2015-12-25,225.14
2015-12-28,224.94
2015-12-29,224.72
2015-12-30,224.45
2015-12-31,222.86
2016-01-04,224.77
2016-01-05,226.65
2016-01-06,228.09
2016-01-07,233.24
2016-01-08,233.54
2016-01-11,234.89
2016-01-12,232.51
2016-01-13,229.27
2016-01-14,231.41
2016-01-15,230.50
2016-01-18,231.70
2016-01-19,231.30
2016-01-20,232.30
2016-01-21,234.17
2016-01-22,232.50
2016-01-25,233.69
2016-01-26,237.00
2016-01-27,237.09
2016-01-28,236.79
2016-01-29,236.48
2016-02-01,238.09
2016-02-02,238.50
2016-02-03,238.50
2016-02-04,241.80
2016-02-05,243.94
2016-02-15,253.70
2016-02-16,251.39
2016-02-17,254.00
2016-02-18,253.05
2016-02-19,256.65
2016-02-22,254.86
2016-02-23,256.15
2016-02-24,256.98
2016-02-25,260.32
2016-02-26,260.41
2016-02-29,258.86
2016-03-01,261.12
2016-03-02,258.66
2016-03-03,261.47
2016-03-04,264.74
2016-03-07,265.00
2016-03-08,266.29
2016-03-09,263.75
2016-03-10,261.43
2016-03-11,264.97
2016-03-14,262.08
2016-03-15,257.69
2016-03-16,259.09
2016-03-17,263.86
2016-03-18,262.46
2016-03-21,259.71
2016-03-22,262.10
2016-03-23,258.25
2016-03-24,255.00
2016-03-25,256.05
2016-03-28,255.78
2016-03-29,255.02
2016-03-30,258.68
2016-03-31,255.70
2016-04-01,257.00
2016-04-05,255.45
2016-04-06,255.99
2016-04-07,255.64
2016-04-08,257.30
2016-04-11,260.97
2016-04-12,261.30
2016-04-13,259.80
2016-04-14,257.99
2016-04-15,256.95
2016-04-18,258.28
2016-04-19,259.90
2016-04-20,260.00
2016-04-21,262.74
2016-04-22,260.44
2016-04-25,259.06
2016-04-26,258.40
2016-04-27,260.67
2016-04-28,261.50
2016-04-29,266.32
2016-05-03,270.69
2016-05-04,268.35
2016-05-05,267.60
2016-05-06,268.23
2016-05-09,268.10
2016-05-10,266.00
2016-05-11,267.03
2016-05-12,266.40
2016-05-13,267.49
2016-05-16,269.35
2016-05-17,267.89
2016-05-18,267.93
2016-05-19,264.50
2016-05-20,264.51
2016-05-23,264.11
2016-05-24,262.45
2016-05-25,258.45
2016-05-26,259.85
2016-05-27,258.03
2016-05-30,255.30
2016-05-31,256.90
2016-06-01,258.30
2016-06-02,257.98
2016-06-03,257.40
2016-06-06,262.49
2016-06-07,262.90
2016-06-08,265.10
2016-06-13,271.75
2016-06-14,271.50
2016-06-15,272.78
2016-06-16,277.66
2016-06-17,272.70
2016-06-20,272.00
2016-06-21,271.64
2016-06-22,268.56
2016-06-23,268.90
2016-06-24,281.44
2016-06-27,282.84
2016-06-28,281.67
2016-06-29,283.00
2016-06-30,281.50
2016-07-01,285.89
2016-07-04,289.87
2016-07-05,288.68
2016-07-06,293.82
2016-07-07,294.25
2016-07-08,291.63
2016-07-11,293.00
2016-07-12,292.40
2016-07-13,289.42
2016-07-14,287.40
2016-07-15,287.04
2016-07-18,286.29
2016-07-19,287.02
2016-07-20,285.85
2016-07-21,283.34
2016-07-22,285.00
2016-07-25,283.27
2016-07-26,283.97
2016-07-27,283.63
2016-07-28,287.71
2016-07-29,285.83
2016-08-01,288.17
2016-08-02,290.10
2016-08-03,291.90
2016-08-04,289.05
2016-08-05,292.12
2016-08-08,286.42
2016-08-09,289.00
2016-08-10,289.59
2016-08-11,287.84
2016-08-12,286.80
2016-08-15,287.35
2016-08-16,287.98
2016-08-17,286.79
2016-08-18,288.87
2016-08-19,288.20
2016-08-22,286.35
2016-08-23,286.82
2016-08-24,286.70
2016-08-25,284.89
2016-08-26,284.89
2016-08-29,283.50
2016-08-30,283.99
2016-08-31,283.19
2016-09-01,281.49
2016-09-02,282.46
2016-09-05,285.33
2016-09-06,286.30
2016-09-07,289.37
2016-09-08,289.20
2016-09-09,287.70
2016-09-12,286.39
2016-09-13,286.15
2016-09-14,284.95
2016-09-19,283.80
2016-09-20,283.50
2016-09-21,284.40
2016-09-22,286.85
2016-09-23,286.80
2016-09-26,287.12
2016-09-27,287.49
2016-09-28,284.91
2016-09-29,284.54
2016-09-30,284.95
2016-10-10,273.32
2016-10-11,273.35
2016-10-12,272.65
2016-10-13,273.21
2016-10-14,272.80
2016-10-17,273.06
2016-10-18,274.97
2016-10-19,274.61
2016-10-20,276.00
2016-10-21,275.54
2016-10-24,276.89
2016-10-25,277.31
2016-10-26,278.77
2016-10-27,277.68
2016-10-28,277.55
2016-10-31,278.93
2016-11-01,280.11
2016-11-02,282.57
2016-11-03,283.73
2016-11-04,282.94
2016-11-07,281.38
2016-11-08,280.70
2016-11-09,288.38
2016-11-10,282.60
2016-11-11,278.47
2016-11-14,271.99
2016-11-15,273.69
2016-11-16,273.26
2016-11-17,273.45
2016-11-18,270.70
2016-11-21,272.80
2016-11-22,272.41
2016-11-23,273.00
2016-11-24,270.40
2016-11-25,269.36
2016-11-28,270.59
2016-11-29,268.69
2016-11-30,267.91
2016-12-01,265.54
2016-12-02,265.34
2016-12-05,265.00
2016-12-06,264.69
2016-12-07,265.45
2016-12-08,268.49
2016-12-09,266.49
2016-12-12,265.00
2016-12-13,265.34
2016-12-14,265.93
2016-12-15,263.00
2016-12-16,262.11
2016-12-19,262.76
2016-12-20,262.06
2016-12-21,260.97
2016-12-22,260.00
2016-12-23,260.07
2016-12-26,261.40
2016-12-27,261.67
2016-12-28,261.91
2016-12-29,262.99
2016-12-30,263.90
2017-01-03,263.65
2017-01-04,264.87
2017-01-05,264.73
2017-01-06,265.29
2017-01-09,265.89
2017-01-10,268.11
2017-01-11,269.09
2017-01-12,269.33
2017-01-13,268.79
2017-01-16,270.50
2017-01-17,272.18
2017-01-18,271.03
2017-01-19,268.03
2017-01-20,269.05
2017-01-23,270.28
2017-01-24,269.85
2017-01-25,268.07
2017-01-26,266.25
2017-02-03,269.30
2017-02-06,271.79
2017-02-07,274.16
2017-02-08,274.35
2017-02-09,276.31
2017-02-10,272.83
2017-02-13,274.64
2017-02-14,274.06
2017-02-15,273.40
2017-02-16,274.93
2017-02-17,275.75
2017-02-20,275.50
2017-02-21,275.55
2017-02-22,275.60
2017-02-23,276.20
2017-02-24,279.63
2017-02-27,280.60
2017-02-28,281.83
2017-03-01,278.00
2017-03-02,278.35
2017-03-03,276.23
2017-03-06,276.54
2017-03-07,275.37
2017-03-08,273.79
2017-03-09,272.22
2017-03-10,270.41
2017-03-13,272.90
2017-03-14,271.30
2017-03-15,271.51
2017-03-16,275.89
2017-03-17,275.62
2017-03-20,277.07
2017-03-21,275.75
2017-03-22,278.20
2017-03-23,278.21
2017-03-24,277.88
2017-03-27,280.53
2017-03-28,280.23
2017-03-29,279.74
2017-03-30,279.60
2017-03-31,277.81
2017-04-05,280.63
2017-04-06,280.21
2017-04-07,282.93
2017-04-10,281.39
2017-04-11,281.84
2017-04-12,284.41
2017-04-13,286.69
2017-04-14,286.60
2017-04-17,286.90
2017-04-18,286.13
2017-04-19,285.75
2017-04-20,285.49
2017-04-21,285.36
2017-04-24,283.57
2017-04-25,283.30
2017-04-26,282.05
2017-04-27,282.59
2017-04-28,283.45
2017-05-02,280.94
2017-05-03,280.37
2017-05-04,276.19
2017-05-05,275.87
2017-05-08,275.50
2017-05-09,275.20
2017-05-10,273.89
2017-05-11,274.26
2017-05-12,275.51
2017-05-15,276.29
2017-05-16,276.70
2017-05-17,277.61
2017-05-18,279.82
2017-05-19,279.26
2017-05-22,280.00
2017-05-23,281.40
2017-05-24,278.50
2017-05-25,279.75
2017-05-26,280.35
2017-05-31,279.00
2017-06-01,278.99
2017-06-02,278.16
2017-06-05,281.87
2017-06-06,283.20
2017-06-07,283.75
2017-06-08,282.70
2017-06-09,279.72
2017-06-12,278.85
2017-06-13,278.35
2017-06-14,279.30
2017-06-15,277.47
2017-06-16,276.90
2017-06-19,276.25
2017-06-20,276.01
2017-06-21,275.79
2017-06-22,277.47
2017-06-23,277.78
2017-06-26,277.90
2017-06-27,276.56
2017-06-28,275.94
2017-06-29,275.03
2017-06-30,273.10
2017-07-03,271.84
2017-07-04,270.38
2017-07-05,270.02
2017-07-06,270.12
2017-07-07,269.80
2017-07-10,265.77
2017-07-11,267.55
2017-07-12,268.90
2017-07-13,269.10
2017-07-14,267.79
2017-07-17,270.30
2017-07-18,270.85
2017-07-19,271.35
2017-07-20,271.29
2017-07-21,273.19
2017-07-24,273.80
2017-07-25,273.84
2017-07-26,272.30
2017-07-27,274.60
2017-07-28,274.29
2017-07-31,275.10
2017-08-01,275.30
2017-08-02,274.80
2017-08-03,273.40
2017-08-04,275.26
2017-08-07,273.37
2017-08-08,273.02
2017-08-09,274.14
2017-08-10,275.29
2017-08-11,276.72
2017-08-14,276.60
2017-08-15,274.70
2017-08-16,274.50
2017-08-17,277.00
2017-08-18,278.50
2017-08-21,277.51
2017-08-22,276.67
2017-08-23,277.00
2017-08-24,277.08
2017-08-25,276.80
2017-08-28,278.21
2017-08-29,281.17
2017-08-30,278.00
2017-08-31,277.91
2017-09-01,279.54
2017-09-04,282.04
2017-09-05,281.20
2017-09-06,282.44
2017-09-07,281.39
2017-09-08,281.75
2017-09-11,281.49
2017-09-12,279.85
2017-09-13,280.67
2017-09-14,279.80
2017-09-15,280.20
2017-09-18,278.93
2017-09-19,278.65
2017-09-20,278.89
2017-09-21,276.45
2017-09-22,277.30
2017-09-25,276.55
2017-09-26,280.10
2017-09-27,277.65
2017-09-28,276.67
2017-09-29,277.45
2017-10-09,276.30
2017-10-10,276.21
2017-10-11,275.10
2017-10-12,276.25
2017-10-13,276.50
2017-10-16,278.05
2017-10-17,276.62
2017-10-18,275.70
2017-10-19,274.90
2017-10-20,274.82
2017-10-23,274.08
2017-10-24,275.01
2017-10-25,273.89
2017-10-26,274.50
2017-10-27,272.93
2017-10-30,272.92
2017-10-31,273.94
2017-11-01,273.45
2017-11-02,273.34
2017-11-03,273.60
2017-11-06,273.00
2017-11-07,274.34
2017-11-08,274.57
2017-11-09,275.37
2017-11-10,275.94
2017-11-13,274.99
2017-11-14,274.49
2017-11-15,275.05
2017-11-16,274.00
2017-11-17,274.85
2017-11-20,276.30
2017-11-21,274.89
2017-11-22,274.74
2017-11-23,275.20
2017-11-24,275.25
2017-11-27,275.34
2017-11-28,275.70
2017-11-29,276.20
2017-11-30,274.39
2017-12-01,272.83
2017-12-04,272.65
2017-12-05,272.87
2017-12-06,271.43
2017-12-07,269.28
2017-12-08,267.79
2017-12-11,268.28
2017-12-12,267.50
2017-12-13,267.79
2017-12-14,270.00
2017-12-15,269.57
2017-12-18,269.90
2017-12-19,271.31
2017-12-20,270.68
2017-12-21,270.15
2017-12-22,270.54
2017-12-25,271.55
2017-12-26,271.92
2017-12-27,272.75
2017-12-28,273.50
2017-12-29,273.00
2018-01-02,275.30
2018-01-03,276.00
2018-01-04,275.19
2018-01-05,276.26
2018-01-08,276.60
2018-01-09,277.19
2018-01-10,276.65
2018-01-11,277.80
2018-01-12,278.38
2018-01-15,279.54
2018-01-16,278.80
2018-01-17,277.65
2018-01-18,276.15
2018-01-19,275.60
2018-01-22,275.95
2018-01-23,277.14
2018-01-24,277.84
2018-01-25,278.87
2018-01-26,277.50
2018-01-29,275.98
2018-01-30,274.00
2018-01-31,274.05
2018-02-01,273.40
2018-02-02,273.75
2018-02-05,271.49
2018-02-06,273.24
2018-02-07,269.79
2018-02-08,269.30
2018-02-09,269.55
2018-02-12,270.10
2018-02-13,271.14
2018-02-14,273.21
2018-02-22,271.36
2018-02-23,271.96
2018-02-26,273.60
2018-02-27,272.36
2018-02-28,270.30
2018-03-01,269.78
2018-03-02,270.90
2018-03-05,272.09
2018-03-06,271.15
2018-03-07,272.30
2018-03-08,272.21
2018-03-09,270.60
2018-03-12,270.80
2018-03-13,270.70
2018-03-14,271.12
2018-03-15,270.97
2018-03-16,270.21
2018-03-19,268.60
2018-03-20,269.51
2018-03-21,269.74
2018-03-22,272.10
2018-03-23,274.97
2018-03-26,274.18
2018-03-27,274.10
2018-03-28,272.52
2018-03-29,269.90
2018-03-30,270.56
2018-04-02,270.84
2018-04-03,272.44
2018-04-04,272.16
2018-04-09,271.50
2018-04-10,271.97
2018-04-11,272.90
2018-04-12,274.08
2018-04-13,272.10
2018-04-16,272.89
2018-04-17,273.50
2018-04-18,273.04
2018-04-19,274.09
2018-04-20,272.88
2018-04-23,271.45
2018-04-24,271.09
2018-04-25,270.51
2018-04-26,271.27
2018-04-27,270.30
2018-05-02,269.84
2018-05-03,269.40
2018-05-04,269.48
2018-05-07,269.99
2018-05-08,270.35
2018-05-09,269.61
2018-05-10,270.10
2018-05-11,270.79
2018-05-14,270.52
2018-05-15,269.47
2018-05-16,267.10
2018-05-17,265.49
2018-05-18,265.80
2018-05-21,265.32
2018-05-22,266.01
2018-05-23,266.49
2018-05-24,267.65
2018-05-25,268.87
2018-05-28,267.80
2018-05-29,268.40
2018-05-30,268.85
2018-05-31,269.54
2018-06-01,269.09
2018-06-04,267.94
2018-06-05,267.50
2018-06-06,267.87
2018-06-07,268.09
2018-06-08,268.13
2018-06-11,268.26
2018-06-12,268.11
2018-06-13,267.86
2018-06-14,268.93
2018-06-15,268.67
2018-06-19,267.82
2018-06-20,266.30
2018-06-21,265.75
2018-06-22,266.68
2018-06-25,267.16
2018-06-26,267.20
2018-06-27,267.56
2018-06-28,267.00
2018-06-29,267.38
2018-07-02,267.42
2018-07-03,267.84
2018-07-04,268.40
2018-07-05,268.29
2018-07-06,269.21
2018-07-09,269.10
2018-07-10,268.25
2018-07-11,269.00
2018-07-12,267.99
2018-07-13,267.80
2018-07-16,268.15
2018-07-17,267.87
2018-07-18,265.47
2018-07-19,266.29
2018-07-20,267.48
2018-07-23,268.40
2018-07-24,268.43
2018-07-25,268.00
2018-07-26,268.58
2018-07-27,268.25
2018-07-30,268.29
2018-07-31,268.65
2018-08-01,268.24
2018-08-02,267.93
2018-08-03,267.81
2018-08-06,267.60
2018-08-07,267.61
2018-08-08,267.20
2018-08-09,267.14
2018-08-10,267.24
2018-08-13,267.72
2018-08-14,265.51
2018-08-15,264.97
2018-08-16,262.39
2018-08-17,261.59
2018-08-20,263.18
2018-08-21,264.51
2018-08-22,264.10
2018-08-23,264.26
2018-08-24,264.60
2018-08-27,265.30
2018-08-28,266.34
2018-08-29,265.69
2018-08-30,266.00
2018-08-31,266.47
2018-09-03,265.00
2018-09-04,264.14
2018-09-05,263.91
2018-09-06,264.80
2018-09-07,265.22
2018-09-10,265.19
2018-09-11,265.38
2018-09-12,265.20
2018-09-13,266.15
2018-09-14,266.72
2018-09-17,265.69
2018-09-18,265.79
2018-09-19,266.69
2018-09-20,266.54
2018-09-21,267.70
2018-09-25,266.53
2018-09-26,267.10
2018-09-27,266.30
2018-09-28,264.06
2018-10-08,266.98
2018-10-09,266.72
2018-10-10,266.46
2018-10-11,268.28
2018-10-12,271.35
2018-10-15,274.45
2018-10-16,274.25
2018-10-17,273.74
2018-10-18,273.65
2018-10-19,274.20
2018-10-22,274.70
2018-10-23,276.32
2018-10-24,276.21
2018-10-25,276.50
2018-10-26,277.48
2018-10-29,277.20
2018-10-30,275.80
2018-10-31,273.80
2018-11-01,274.85
2018-11-02,274.34
2018-11-05,275.52
2018-11-06,274.86
2018-11-07,275.22
2018-11-08,273.86
2018-11-09,273.48
2018-11-12,271.25
2018-11-13,270.60
2018-11-14,270.13
2018-11-15,272.09
2018-11-16,272.69
2018-11-19,273.71
2018-11-20,274.42
2018-11-21,274.38
2018-11-22,274.65
2018-11-23,274.61
2018-11-26,275.00
2018-11-27,274.19
2018-11-28,272.90
2018-11-29,274.60
2018-11-30,274.65
2018-12-03,274.27
2018-12-04,274.06
2018-12-05,274.28
2018-12-06,275.30
2018-12-07,275.80
2018-12-10,278.83
2018-12-11,278.09
2018-12-12,277.45
2018-12-13,278.26
2018-12-14,277.48
2018-12-17,276.80
2018-12-18,278.59
2018-12-19,278.89
2018-12-20,278.99
2018-12-21,280.96
2018-12-24,281.76
2018-12-25,283.40
2018-12-26,284.21
2018-12-27,282.87
2018-12-28,284.60
2019-01-02,285.80
2019-01-03,287.31
2019-01-04,287.49
2019-01-07,286.18
2019-01-08,284.75
2019-01-09,283.88
2019-01-10,283.84
2019-01-11,283.20
2019-01-14,283.50
2019-01-15,282.32
2019-01-16,282.97
2019-01-17,283.10
2019-01-18,283.28
2019-01-21,282.18
2019-01-22,282.82
2019-01-23,282.34
2019-01-24,282.60
2019-01-25,282.39
2019-01-28,284.45
2019-01-29,285.92
2019-01-30,286.72
2019-01-31,286.70
2019-02-01,287.42
2019-02-11,287.43
2019-02-12,287.80
2019-02-13,287.07
2019-02-14,286.50
2019-02-15,288.41
2019-02-18,289.98
2019-02-19,290.67
2019-02-20,292.33
2019-02-21,290.71
2019-02-22,288.91
2019-02-25,288.33
2019-02-26,288.00
2019-02-27,287.89
2019-02-28,286.02
2019-03-01,284.49
2019-03-04,280.71
2019-03-05,279.50
2019-03-06,281.25
2019-03-07,280.00
2019-03-08,282.54
2019-03-11,283.50
2019-03-12,282.80
2019-03-13,284.86
2019-03-14,284.14
2019-03-15,284.29
2019-03-18,284.28
2019-03-19,285.20
2019-03-20,284.59
2019-03-21,286.50
2019-03-22,286.50
2019-03-25,287.21
2019-03-26,287.65
2019-03-27,287.10
2019-03-28,286.49
2019-03-29,281.00
2019-04-01,282.00
2019-04-02,281.51
2019-04-03,282.05
2019-04-04,282.71
2019-04-08,283.62
2019-04-09,283.80
2019-04-10,285.10
2019-04-11,285.15
2019-04-12,282.80
2019-04-15,281.45
2019-04-16,281.38
2019-04-17,279.70
2019-04-18,278.70
2019-04-19,279.61
2019-04-22,280.12
2019-04-23,279.16
2019-04-24,278.50
2019-04-25,280.10
2019-04-26,281.00
2019-04-29,280.49
2019-04-30,280.88
2019-05-06,282.06
2019-05-07,281.75
2019-05-08,282.65
2019-05-09,283.50
2019-05-10,283.32
2019-05-13,285.05
2019-05-14,288.70
2019-05-15,287.59
2019-05-16,288.71
2019-05-17,288.00
2019-05-20,287.19
2019-05-21,286.60
2019-05-22,286.37
2019-05-23,286.61
2019-05-24,288.54
2019-05-27,288.37
2019-05-28,288.50
2019-05-29,288.69
2019-05-30,287.10
2019-05-31,290.80
2019-06-03,294.51
2019-06-04,297.59
2019-06-05,298.97
2019-06-06,299.32
2019-06-10,298.77
2019-06-11,297.00
2019-06-12,299.61
2019-06-13,300.41
2019-06-14,305.04
2019-06-17,301.35
2019-06-18,303.60
2019-06-19,302.21
2019-06-20,308.58
2019-06-21,311.00
2019-06-24,313.26
2019-06-25,319.91
2019-06-26,314.44
2019-06-27,313.89
2019-06-28,314.43
2019-07-01,307.60
2019-07-02,309.77
2019-07-03,318.00
2019-07-04,315.01
2019-07-05,315.71
2019-07-08,314.07
2019-07-09,311.49
2019-07-10,311.14
2019-07-11,316.50
2019-07-12,314.60
2019-07-15,315.00
2019-07-16,315.38
2019-07-17,313.75
2019-07-18,316.55
2019-07-19,320.45
2019-07-22,318.45
2019-07-23,316.45
2019-07-24,317.55
2019-07-25,317.67
2019-07-26,316.84
2019-07-29,317.13
2019-07-30,318.47
2019-07-31,319.94
2019-08-01,315.21
2019-08-02,322.67
2019-08-05,331.99
2019-08-06,333.07
2019-08-07,340.30
2019-08-08,343.33
2019-08-09,343.40
2019-08-12,341.16
2019-08-13,350.00
2019-08-14,341.65
2019-08-15,344.60
2019-08-16,345.70
2019-08-19,344.28
2019-08-20,343.13
2019-08-21,342.50
2019-08-22,343.80
2019-08-23,343.00
2019-08-26,355.09
2019-08-27,355.72
2019-08-28,357.20
2019-08-29,358.90
2019-08-30,354.09
2019-09-02,352.99
2019-09-03,355.20
2019-09-04,356.89
2019-09-05,358.03
2019-09-06,348.74
2019-09-09,348.20
2019-09-10,343.38
2019-09-11,344.09
2019-09-12,344.80
2019-09-16,344.40
2019-09-17,343.70
2019-09-18,344.84
2019-09-19,343.52
2019-09-20,345.14
2019-09-23,348.69
2019-09-24,349.87
2019-09-25,352.15
2019-09-26,347.20
2019-09-27,345.25
2019-09-30,344.49
2019-10-08,344.00
2019-10-09,348.39
2019-10-10,346.41
2019-10-11,344.56
2019-10-14,339.84
2019-10-15,341.11
2019-10-16,340.14
2019-10-17,341.47
2019-10-18,340.36
2019-10-21,340.77
2019-10-22,340.16
2019-10-23,340.58
2019-10-24,339.94
2019-10-25,343.80
2019-10-28,343.64
2019-10-29,340.68
2019-10-30,339.80
2019-10-31,340.30
2019-11-01,343.27
2019-11-04,342.52
2019-11-05,340.99
2019-11-06,336.05
2019-11-07,335.84
2019-11-08,331.40
2019-11-11,330.93
2019-11-12,327.82
2019-11-13,330.90
2019-11-14,331.98
2019-11-15,331.12
2019-11-18,330.79
2019-11-19,332.45
2019-11-20,333.60
2019-11-21,333.43
2019-11-22,333.90
2019-11-25,330.89
2019-11-26,330.89
2019-11-27,331.50
2019-11-28,330.60
2019-11-29,331.69
2019-12-02,331.31
2019-12-03,333.00
2019-12-04,339.22
2019-12-05,336.49
2019-12-06,334.60
2019-12-09,332.31
2019-12-10,333.43
2019-12-11,332.68
2019-12-12,334.69
2019-12-13,331.75
2019-12-16,334.16
2019-12-17,333.71
2019-12-18,334.25
2019-12-19,333.52
2019-12-20,334.89
2019-12-23,336.08
2019-12-24,336.96
2019-12-25,338.59
2019-12-26,339.84
2019-12-27,340.47
2019-12-30,340.43
2019-12-31,340.80
2020-01-02,341.91
2020-01-03,347.30
2020-01-06,354.55
2020-01-07,351.35
2020-01-08,356.61
2020-01-09,345.84
2020-01-10,346.79
2020-01-13,345.70
2020-01-14,342.96
2020-01-15,344.97
2020-01-16,345.45
2020-01-17,344.75
2020-01-20,345.20
2020-01-21,348.20
2020-01-22,345.86
2020-01-23,347.88
2020-02-03,356.11
2020-02-04,354.06
2020-02-05,351.70
2020-02-06,349.39
2020-02-07,351.81
2020-02-10,353.00
2020-02-11,352.43
2020-02-12,350.89
2020-02-13,353.46
2020-02-14,353.79
2020-02-17,355.29
2020-02-18,357.23
2020-02-19,361.11
2020-02-20,362.29
2020-02-21,369.78
2020-02-24,376.90
2020-02-25,369.53
2020-02-26,371.76
2020-02-27,371.30
2020-02-28,365.36
2020-03-02,359.04
2020-03-03,358.64
2020-03-04,365.00
2020-03-05,366.49
2020-03-06,372.40
2020-03-09,373.46
2020-03-10,367.01
2020-03-11,370.00
2020-03-12,366.49
2020-03-13,356.02
2020-03-16,345.00
2020-03-17,331.07
2020-03-18,338.39
2020-03-19,336.15
2020-03-20,340.00
2020-03-23,339.20
2020-03-24,356.71
2020-03-25,362.98
2020-03-26,362.00
2020-03-27,365.45
2020-03-30,363.99
2020-03-31,364.27
2020-04-01,360.00
2020-04-02,360.53
2020-04-03,362.50
2020-04-07,371.00
2020-04-08,370.12
2020-04-09,370.30
2020-04-10,372.10
2020-04-13,371.95
2020-04-14,377.00
2020-04-15,374.01
2020-04-16,378.30
2020-04-17,369.92
2020-04-20,370.29
2020-04-21,374.64
2020-04-22,373.50
2020-04-23,378.80
2020-04-24,381.14
2020-04-27,380.45
2020-04-28,377.04
2020-04-29,378.10
2020-04-30,380.94
2020-05-06,380.30
2020-05-07,379.88
2020-05-08,383.50
2020-05-11,381.26
2020-05-12,380.99
2020-05-13,381.10
2020-05-14,383.49
2020-05-15,388.81
2020-05-18,398.21
2020-05-19,392.39
2020-05-20,396.73
2020-05-21,391.99
2020-05-22,392.00
2020-05-25,391.33
2020-05-26,393.16
2020-05-27,390.00
2020-05-28,392.41
2020-05-29,391.93
2020-06-01,395.99
2020-06-02,394.80
2020-06-03,391.20
2020-06-04,387.86
2020-06-05,387.84
2020-06-08,384.22
2020-06-09,384.61
2020-06-10,388.89
2020-06-11,391.90
2020-06-12,391.13
2020-06-15,388.53
2020-06-16,389.59
2020-06-17,390.50
2020-06-18,389.89
2020-06-19,390.67
2020-06-22,393.82
2020-06-23,394.50
2020-06-24,397.00
2020-06-29,397.15
2020-06-30,397.76
2020-07-01,400.82
2020-07-02,396.04
2020-07-03,397.55
2020-07-06,396.97
2020-07-07,397.46
2020-07-08,399.39
2020-07-09,401.99
2020-07-10,399.79
2020-07-13,401.18
2020-07-14,400.33
2020-07-15,400.39
2020-07-16,399.79
2020-07-17,397.44
2020-07-20,398.69
2020-07-21,401.66
2020-07-22,410.44
2020-07-23,412.65
2020-07-24,417.95
2020-07-27,426.85
2020-07-28,425.20
2020-07-29,427.07
2020-07-30,422.00
2020-07-31,428.97
2020-08-03,427.68
2020-08-04,428.09
2020-08-05,439.59
2020-08-06,442.99
2020-08-07,445.99
2020-08-10,441.90
2020-08-11,433.00
2020-08-12,407.00
2020-08-13,412.50
2020-08-14,416.54
2020-08-17,420.70
2020-08-18,430.00
2020-08-19,423.88
2020-08-20,415.60
2020-08-21,414.99
2020-08-24,415.71
2020-08-25,413.00
2020-08-26,412.58
2020-08-27,417.60
2020-08-28,418.18
2020-08-31,419.00
2020-09-01,423.98
2020-09-02,418.30
2020-09-03,414.50
2020-09-04,414.80
2020-09-07,413.22
2020-09-08,414.50
2020-09-09,414.78
2020-09-10,417.43
2020-09-11,416.29
2020-09-14,415.50
2020-09-15,417.03
2020-09-16,416.46
2020-09-17,413.70
2020-09-18,415.48
2020-09-21,415.27
2020-09-22,405.58
2020-09-23,400.67
2020-09-24,395.29
2020-09-25,400.00
2020-09-28,399.21
2020-09-29,403.80
2020-09-30,402.97
2020-10-09,404.49
2020-10-12,408.79
2020-10-13,406.63
2020-10-14,402.85
2020-10-15,402.30
2020-10-16,404.00
2020-10-19,404.40
2020-10-20,401.00
2020-10-21,404.10
2020-10-22,404.01
2020-10-23,402.74
2020-10-26,400.90
2020-10-27,404.02
2020-10-28,404.60
2020-10-29,399.47
2020-10-30,397.21
2020-11-02,399.90
2020-11-03,401.56
2020-11-04,402.66
2020-11-05,402.37
2020-11-06,406.94
2020-11-09,406.20
2020-11-10,396.69
2020-11-11,396.00
2020-11-12,394.39
2020-11-13,395.93
2020-11-16,396.01
2020-11-17,395.80
2020-11-18,393.72
2020-11-19,391.50
2020-11-20,392.10
2020-11-23,391.65
2020-11-24,383.36
2020-11-25,378.45
2020-11-26,378.85
2020-11-27,377.50
2020-11-30,370.58
2020-12-01,372.99
2020-12-02,378.43
2020-12-03,382.98
2020-12-04,383.38
2020-12-07,382.52
2020-12-08,386.76
2020-12-09,384.75
2020-12-10,381.46
2020-12-11,381.46
2020-12-14,380.46
2020-12-15,383.80
2020-12-16,385.44
2020-12-17,388.70
2020-12-18,390.34
2020-12-21,395.96
2020-12-22,390.32
2020-12-23,390.12
2020-12-24,390.40
2020-12-25,392.21
2020-12-28,391.61
2020-12-29,390.66
2020-12-30,390.39
2020-12-31,390.00
2021-01-04,398.09
2021-01-05,401.00
2021-01-06,400.73
2021-01-07,398.49
2021-01-08,395.97
2021-01-11,385.00
2021-01-12,387.99
2021-01-13,386.50
2021-01-14,383.70
2021-01-15,385.41
2021-01-18,384.60
2021-01-19,384.97
2021-01-20,386.76
2021-01-21,389.46
2021-01-22,388.09
2021-01-25,386.00
2021-01-26,387.45
2021-01-27,385.39
2021-01-28,382.23
2021-01-29,384.50
2021-02-01,388.47
2021-02-02,384.83
2021-02-03,382.36
2021-02-04,379.50
2021-02-05,376.23
2021-02-08,378.59
2021-02-09,382.74
2021-02-10,383.00
2021-02-18,372.06
2021-02-19,370.67
2021-02-22,374.50
2021-02-23,377.99
2021-02-24,377.28
2021-02-25,373.04
2021-02-26,368.26
2021-03-01,367.37
2021-03-02,360.42
2021-03-03,362.08
2021-03-04,359.00
2021-03-05,355.70
2021-03-08,358.95
2021-03-09,357.75
2021-03-10,361.07
2021-03-11,364.91
2021-03-12,359.62
2021-03-15,362.88
2021-03-16,363.26
2021-03-17,364.70
2021-03-18,366.79
2021-03-19,366.64
2021-03-22,364.40
2021-03-23,366.20
2021-03-24,364.59
2021-03-25,365.68
2021-03-26,365.10
2021-03-29,365.40
2021-03-30,360.66
2021-03-31,356.79
2021-04-01,364.49
2021-04-02,368.04
2021-04-06,366.39
2021-04-07,368.14
2021-04-08,369.20
2021-04-09,370.15
2021-04-12,368.62
2021-04-13,365.59
2021-04-14,368.60
2021-04-15,368.52
2021-04-16,371.80
2021-04-19,374.70
2021-04-20,371.44
2021-04-21,374.65
2021-04-22,375.20
2021-04-23,373.81
2021-04-26,372.83
2021-04-27,372.97
2021-04-28,370.00
2021-04-29,372.44
2021-04-30,370.97
2021-05-06,375.35
2021-05-07,379.82
2021-05-10,380.70
2021-05-11,380.70
2021-05-12,381.29
2021-05-13,379.41
2021-05-14,381.13
2021-05-17,385.57
2021-05-18,388.20
2021-05-19,388.83
2021-05-20,389.14
2021-05-21,389.40
2021-05-24,390.80
2021-05-25,389.68
2021-05-26,393.20
2021-05-27,390.50
2021-05-28,388.82
2021-05-31,391.10
2021-06-01,393.50
2021-06-02,387.97
2021-06-03,385.44
2021-06-04,382.51
2021-06-07,384.29
2021-06-08,385.30
2021-06-09,386.00
2021-06-10,384.73
2021-06-11,388.01
2021-06-15,381.99
2021-06-16,381.09
2021-06-17,374.00
2021-06-18,371.00
2021-06-21,370.58
2021-06-22,371.56
2021-06-23,371.93
2021-06-24,370.35
2021-06-25,370.74
2021-06-28,371.16
2021-06-29,369.29
2021-06-30,365.82
2021-07-01,370.26
2021-07-02,371.09
2021-07-05,372.50
2021-07-06,375.99
2021-07-07,375.39
2021-07-08,376.00
2021-07-09,376.69
2021-07-12,375.62
2021-07-13,376.87
2021-07-14,377.71
2021-07-15,380.50
2021-07-16,379.24
2021-07-19,376.50
2021-07-20,378.48
2021-07-21,377.03
2021-07-22,375.01
2021-07-23,376.37
2021-07-26,377.68
2021-07-27,376.49
2021-07-28,377.94
2021-07-29,378.78
2021-07-30,380.90
2021-08-02,376.25
2021-08-03,376.91
2021-08-04,377.46
2021-08-05,376.75
2021-08-06,374.73
2021-08-09,365.44
2021-08-10,363.50
2021-08-11,362.37
2021-08-12,366.80
2021-08-13,367.69
2021-08-16,371.14
2021-08-17,374.70
2021-08-18,374.20
2021-08-19,372.87
2021-08-20,374.39
2021-08-23,373.66
2021-08-24,376.44
2021-08-25,374.40
2021-08-26,373.27
2021-08-27,376.39
2021-08-30,377.50
2021-08-31,377.55
2021-09-01,377.38
2021-09-02,377.29
2021-09-03,376.95
2021-09-06,379.43
2021-09-07,378.50
2021-09-08,374.85
2021-09-09,373.17
2021-09-10,374.09
2021-09-13,372.95
2021-09-14,373.00
2021-09-15,374.10
2021-09-16,371.09
2021-09-17,367.73
2021-09-22,372.23
2021-09-23,368.54
2021-09-24,366.69
2021-09-27,367.74
2021-09-28,364.62
2021-09-29,363.64
2021-09-30,362.14
2021-10-08,365.90
2021-10-11,365.15
2021-10-12,367.37
2021-10-13,367.16
2021-10-14,371.99
2021-10-15,371.09
2021-10-18,366.36
2021-10-19,367.87
2021-10-20,366.64
2021-10-21,368.20
2021-10-22,369.89
2021-10-25,369.50
2021-10-26,370.45
2021-10-27,367.49
2021-10-28,371.67
2021-10-29,370.19
2021-11-01,368.58
2021-11-02,370.23
2021-11-03,367.35
2021-11-04,366.40
2021-11-05,370.89
2021-11-08,374.61
2021-11-09,375.89
2021-11-10,375.67
2021-11-11,382.20
2021-11-12,382.15
2021-11-15,380.68
2021-11-16,382.39
2021-11-17,381.70
2021-11-18,382.50
2021-11-19,382.68
2021-11-22,378.51
2021-11-23,372.48
2021-11-24,369.89
2021-11-25,369.78
2021-11-26,372.18
2021-11-29,369.44
2021-11-30,368.51
2021-12-01,367.32
2021-12-02,365.55
2021-12-03,365.16
2021-12-06,367.99
2021-12-07,367.47
2021-12-08,367.73
2021-12-09,366.67
2021-12-10,365.85
2021-12-13,367.52
2021-12-14,367.63
2021-12-15,363.94
2021-12-16,367.35
2021-12-17,371.99
2021-12-20,371.00
2021-12-21,368.90
2021-12-22,367.80
2021-12-23,371.82
2021-12-24,372.69
2021-12-27,372.27
2021-12-28,373.55
2021-12-29,371.61
2021-12-30,369.79
2021-12-31,373.85
