日期,中债-国债
2009/1/5,131.73 
2009/1/6,131.87 
2009/1/7,131.97 
2009/1/8,132.04 
2009/1/9,132.08 
2009/1/12,131.96 
2009/1/13,131.22 
2009/1/14,130.56 
2009/1/15,130.06 
2009/1/16,129.66 
2009/1/19,129.45 
2009/1/20,128.70 
2009/1/21,128.43 
2009/1/22,128.87 
2009/1/23,129.16 
2009/1/24,129.18 
2009/2/2,128.86 
2009/2/3,128.35 
2009/2/4,127.75 
2009/2/5,126.76 
2009/2/6,127.29 
2009/2/9,127.53 
2009/2/10,127.45 
2009/2/11,127.73 
2009/2/12,128.32 
2009/2/13,128.39 
2009/2/16,128.32 
2009/2/17,127.92 
2009/2/18,128.06 
2009/2/19,128.21 
2009/2/20,128.15 
2009/2/23,128.21 
2009/2/24,128.32 
2009/2/25,128.35 
2009/2/26,128.50 
2009/2/27,128.42 
2009/3/2,128.38 
2009/3/3,128.36 
2009/3/4,128.24 
2009/3/5,127.80 
2009/3/6,127.91 
2009/3/9,128.10 
2009/3/10,128.22 
2009/3/11,128.41 
2009/3/12,128.46 
2009/3/13,128.45 
2009/3/16,128.53 
2009/3/17,128.79 
2009/3/18,128.73 
2009/3/19,128.79 
2009/3/20,128.79 
2009/3/23,128.89 
2009/3/24,128.77 
2009/3/25,128.76 
2009/3/26,128.64 
2009/3/27,128.58 
2009/3/30,128.54 
2009/3/31,128.63 
2009/4/1,128.56 
2009/4/2,128.56 
2009/4/3,128.40 
2009/4/7,128.36 
2009/4/8,128.28 
2009/4/9,128.23 
2009/4/10,128.24 
2009/4/13,128.18 
2009/4/14,128.27 
2009/4/15,128.31 
2009/4/16,128.33 
2009/4/17,128.45 
2009/4/20,128.51 
2009/4/21,128.54 
2009/4/22,128.53 
2009/4/23,128.55 
2009/4/24,128.58 
2009/4/27,128.63 
2009/4/28,128.66 
2009/4/29,128.79 
2009/4/30,128.85 
2009/5/4,128.94 
2009/5/5,128.92 
2009/5/6,129.00 
2009/5/7,129.07 
2009/5/8,129.20 
2009/5/11,129.26 
2009/5/12,129.34 
2009/5/13,129.53 
2009/5/14,129.62 
2009/5/15,129.79 
2009/5/18,129.85 
2009/5/19,129.87 
2009/5/20,129.89 
2009/5/21,129.87 
2009/5/22,129.74 
2009/5/25,129.72 
2009/5/26,129.69 
2009/5/27,129.75 
2009/6/1,129.73 
2009/6/2,129.74 
2009/6/3,129.70 
2009/6/4,129.59 
2009/6/5,129.56 
2009/6/8,129.55 
2009/6/9,129.61 
2009/6/10,129.59 
2009/6/11,129.38 
2009/6/12,129.32 
2009/6/15,129.39 
2009/6/16,129.39 
2009/6/17,129.43 
2009/6/18,129.41 
2009/6/19,129.28 
2009/6/22,129.21 
2009/6/23,129.12 
2009/6/24,129.03 
2009/6/25,128.99 
2009/6/26,128.84 
2009/6/29,128.93 
2009/6/30,128.94 
2009/7/1,128.90 
2009/7/2,128.93 
2009/7/3,128.91 
2009/7/6,128.84 
2009/7/7,128.77 
2009/7/8,128.75 
2009/7/9,128.36 
2009/7/10,128.32 
2009/7/13,128.21 
2009/7/14,128.16 
2009/7/15,127.90 
2009/7/16,127.49 
2009/7/17,127.30 
2009/7/20,127.13 
2009/7/21,127.20 
2009/7/22,127.41 
2009/7/23,127.47 
2009/7/24,127.35 
2009/7/27,127.32 
2009/7/28,127.37 
2009/7/29,127.33 
2009/7/30,127.30 
2009/7/31,127.18 
2009/8/3,127.15 
2009/8/4,127.19 
2009/8/5,127.25 
2009/8/6,127.26 
2009/8/7,127.36 
2009/8/10,127.33 
2009/8/11,127.35 
2009/8/12,127.33 
2009/8/13,127.33 
2009/8/14,127.36 
2009/8/17,127.42 
2009/8/18,127.48 
2009/8/19,127.52 
2009/8/20,127.59 
2009/8/21,127.64 
2009/8/24,127.74 
2009/8/25,127.75 
2009/8/26,127.75 
2009/8/27,127.75 
2009/8/28,127.84 
2009/8/31,127.94 
2009/9/1,127.92 
2009/9/2,127.94 
2009/9/3,128.03 
2009/9/4,128.08 
2009/9/7,128.17 
2009/9/8,128.26 
2009/9/9,128.23 
2009/9/10,128.18 
2009/9/11,128.09 
2009/9/14,128.05 
2009/9/15,128.11 
2009/9/16,128.14 
2009/9/17,128.07 
2009/9/18,128.06 
2009/9/21,127.94 
2009/9/22,127.86 
2009/9/23,127.83 
2009/9/24,127.76 
2009/9/25,127.74 
2009/9/28,127.84 
2009/9/29,127.85 
2009/9/30,127.84 
2009/10/9,127.71 
2009/10/12,127.63 
2009/10/13,127.42 
2009/10/14,127.25 
2009/10/15,127.26 
2009/10/16,127.22 
2009/10/19,127.25 
2009/10/20,127.28 
2009/10/21,127.32 
2009/10/22,127.33 
2009/10/23,127.23 
2009/10/26,127.31 
2009/10/27,127.30 
2009/10/28,127.26 
2009/10/29,127.24 
2009/10/30,127.31 
2009/11/2,127.36 
2009/11/3,127.35 
2009/11/4,127.33 
2009/11/5,127.34 
2009/11/6,127.35 
2009/11/9,127.37 
2009/11/10,127.37 
2009/11/11,127.48 
2009/11/12,127.56 
2009/11/13,127.61 
2009/11/16,127.60 
2009/11/17,127.61 
2009/11/18,127.69 
2009/11/19,127.79 
2009/11/20,127.84 
2009/11/23,127.89 
2009/11/24,128.02 
2009/11/25,128.04 
2009/11/26,128.08 
2009/11/27,128.37 
2009/11/30,128.49 
2009/12/1,128.41 
2009/12/2,128.43 
2009/12/3,128.36 
2009/12/4,128.39 
2009/12/7,128.38 
2009/12/8,128.31 
2009/12/9,128.37 
2009/12/10,128.35 
2009/12/11,128.35 
2009/12/14,128.39 
2009/12/15,128.38 
2009/12/16,128.53 
2009/12/17,128.53 
2009/12/18,128.50 
2009/12/21,128.54 
2009/12/22,128.53 
2009/12/23,128.53 
2009/12/24,128.56 
2009/12/25,128.55 
2009/12/28,128.60 
2009/12/29,128.61 
2009/12/30,128.63 
2009/12/31,128.65 
2010/1/4,128.63 
2010/1/5,128.65 
2010/1/6,128.70 
2010/1/7,128.64 
2010/1/8,128.57 
2010/1/11,128.59 
2010/1/12,128.56 
2010/1/13,128.40 
2010/1/14,128.43 
2010/1/15,128.44 
2010/1/18,128.49 
2010/1/19,128.59 
2010/1/20,128.71 
2010/1/21,128.71 
2010/1/22,128.79 
2010/1/25,128.89 
2010/1/26,129.02 
2010/1/27,129.12 
2010/1/28,129.19 
2010/1/29,129.34 
2010/2/1,129.56 
2010/2/2,129.72 
2010/2/3,129.94 
2010/2/4,129.85 
2010/2/5,130.03 
2010/2/8,130.07 
2010/2/9,130.10 
2010/2/10,130.14 
2010/2/11,130.22 
2010/2/12,130.24 
2010/2/22,130.06 
2010/2/23,130.06 
2010/2/24,130.17 
2010/2/25,130.39 
2010/2/26,130.90 
2010/3/1,131.13 
2010/3/2,131.24 
2010/3/3,131.50 
2010/3/4,131.33 
2010/3/5,131.44 
2010/3/8,131.58 
2010/3/9,131.60 
2010/3/10,131.64 
2010/3/11,131.44 
2010/3/12,131.42 
2010/3/15,131.39 
2010/3/16,131.41 
2010/3/17,131.68 
2010/3/18,131.79 
2010/3/19,131.79 
2010/3/22,131.70 
2010/3/23,131.67 
2010/3/24,131.73 
2010/3/25,131.63 
2010/3/26,131.50 
2010/3/29,131.44 
2010/3/30,131.27 
2010/3/31,131.39 
2010/4/1,131.44 
2010/4/2,131.36 
2010/4/6,131.45 
2010/4/7,131.25 
2010/4/8,131.03 
2010/4/9,131.02 
2010/4/12,131.07 
2010/4/13,131.23 
2010/4/14,131.21 
2010/4/15,131.25 
2010/4/16,131.31 
2010/4/19,131.61 
2010/4/20,131.76 
2010/4/21,131.78 
2010/4/22,131.84 
2010/4/23,131.97 
2010/4/26,132.17 
2010/4/27,132.20 
2010/4/28,132.29 
2010/4/29,132.32 
2010/4/30,132.37 
2010/5/4,132.33 
2010/5/5,132.30 
2010/5/6,132.38 
2010/5/7,132.78 
2010/5/10,132.76 
2010/5/11,132.80 
2010/5/12,132.95 
2010/5/13,133.03 
2010/5/14,133.04 
2010/5/17,133.32 
2010/5/18,133.55 
2010/5/19,133.82 
2010/5/20,133.68 
2010/5/21,133.75 
2010/5/24,133.63 
2010/5/25,133.70 
2010/5/26,133.71 
2010/5/27,133.64 
2010/5/28,133.60 
2010/5/31,133.60 
2010/6/1,133.35 
2010/6/2,133.42 
2010/6/3,133.54 
2010/6/4,133.60 
2010/6/7,133.69 
2010/6/8,133.65 
2010/6/9,133.51 
2010/6/10,133.44 
2010/6/11,133.31 
2010/6/13,133.30 
2010/6/17,133.35 
2010/6/18,132.81 
2010/6/21,132.82 
2010/6/22,132.91 
2010/6/23,132.84 
2010/6/24,132.87 
2010/6/25,133.01 
2010/6/28,133.28 
2010/6/29,133.48 
2010/6/30,133.60 
2010/7/1,133.69 
2010/7/2,133.72 
2010/7/5,133.75 
2010/7/6,134.12 
2010/7/7,134.15 
2010/7/8,134.16 
2010/7/9,134.13 
2010/7/12,134.24 
2010/7/13,134.54 
2010/7/14,134.61 
2010/7/15,134.62 
2010/7/16,134.65 
2010/7/19,134.74 
2010/7/20,134.67 
2010/7/21,134.66 
2010/7/22,134.64 
2010/7/23,134.53 
2010/7/26,134.43 
2010/7/27,134.37 
2010/7/28,134.29 
2010/7/29,134.34 
2010/7/30,134.27 
2010/8/2,134.30 
2010/8/3,134.23 
2010/8/4,134.35 
2010/8/5,134.39 
2010/8/6,134.50 
2010/8/9,134.54 
2010/8/10,134.55 
2010/8/11,134.66 
2010/8/12,134.88 
2010/8/13,134.90 
2010/8/16,134.90 
2010/8/17,134.91 
2010/8/18,134.93 
2010/8/19,134.93 
2010/8/20,134.96 
2010/8/23,135.00 
2010/8/24,135.04 
2010/8/25,135.06 
2010/8/26,135.02 
2010/8/27,135.02 
2010/8/30,135.06 
2010/8/31,135.08 
2010/9/1,135.07 
2010/9/2,135.07 
2010/9/3,135.06 
2010/9/6,135.00 
2010/9/7,134.87 
2010/9/8,134.87 
2010/9/9,134.81 
2010/9/10,134.68 
2010/9/13,134.52 
2010/9/14,134.49 
2010/9/15,134.43 
2010/9/16,134.42 
2010/9/17,134.40 
2010/9/20,134.40 
2010/9/21,134.43 
2010/9/27,134.47 
2010/9/28,134.48 
2010/9/29,134.51 
2010/9/30,134.57 
2010/10/8,134.64 
2010/10/11,134.22 
2010/10/12,134.08 
2010/10/13,134.06 
2010/10/14,134.07 
2010/10/15,134.08 
2010/10/18,134.16 
2010/10/19,134.13 
2010/10/20,132.59 
2010/10/21,132.31 
2010/10/22,132.40 
2010/10/25,132.45 
2010/10/26,132.16 
2010/10/27,132.11 
2010/10/28,132.13 
2010/10/29,132.18 
2010/11/1,132.14 
2010/11/2,131.78 
2010/11/3,131.24 
2010/11/4,130.98 
2010/11/5,130.89 
2010/11/8,130.90 
2010/11/9,130.80 
2010/11/10,130.26 
2010/11/11,129.94 
2010/11/12,129.90 
2010/11/15,129.92 
2010/11/16,130.16 
2010/11/17,130.48 
2010/11/18,130.72 
2010/11/19,130.50 
2010/11/22,130.15 
2010/11/23,129.94 
2010/11/24,129.73 
2010/11/25,129.66 
2010/11/26,129.38 
2010/11/29,129.48 
2010/11/30,129.64 
2010/12/1,130.11 
2010/12/2,130.33 
2010/12/3,130.34 
2010/12/6,130.49 
2010/12/7,130.67 
2010/12/8,130.65 
2010/12/9,130.54 
2010/12/10,130.56 
2010/12/13,130.80 
2010/12/14,130.81 
2010/12/15,130.98 
2010/12/16,131.09 
2010/12/17,131.11 
2010/12/20,131.30 
2010/12/21,131.25 
2010/12/22,131.24 
2010/12/23,131.14 
2010/12/24,131.12 
2010/12/27,130.60 
2010/12/28,130.49 
2010/12/29,130.58 
2010/12/30,130.72 
2010/12/31,130.79 
2011/1/4,131.03 
2011/1/5,131.42 
2011/1/6,131.32 
2011/1/7,131.46 
2011/1/10,131.39 
2011/1/11,131.24 
2011/1/12,131.34 
2011/1/13,131.21 
2011/1/14,130.99 
2011/1/17,130.70 
2011/1/18,130.42 
2011/1/19,130.49 
2011/1/20,130.50 
2011/1/21,130.45 
2011/1/24,130.46 
2011/1/25,130.34 
2011/1/26,130.39 
2011/1/27,130.37 
2011/1/28,130.39 
2011/1/31,130.37 
2011/2/1,130.41 
2011/2/9,129.97 
2011/2/10,129.88 
2011/2/11,129.96 
2011/2/14,130.33 
2011/2/15,130.42 
2011/2/16,130.41 
2011/2/17,130.45 
2011/2/18,130.46 
2011/2/21,130.27 
2011/2/22,130.48 
2011/2/23,130.79 
2011/2/24,131.27 
2011/2/25,131.06 
2011/2/28,131.22 
2011/3/1,131.29 
2011/3/2,131.38 
2011/3/3,131.37 
2011/3/4,131.30 
2011/3/7,131.37 
2011/3/8,131.64 
2011/3/9,131.80 
2011/3/10,131.60 
2011/3/11,131.56 
2011/3/14,131.74 
2011/3/15,132.04 
2011/3/16,132.06 
2011/3/17,132.25 
2011/3/18,132.15 
2011/3/21,132.03 
2011/3/22,131.94 
2011/3/23,131.95 
2011/3/24,132.07 
2011/3/25,132.14 
2011/3/28,132.09 
2011/3/29,132.04 
2011/3/30,132.11 
2011/3/31,132.10 
2011/4/1,132.14 
2011/4/2,132.18 
2011/4/6,132.11 
2011/4/7,132.15 
2011/4/8,132.22 
2011/4/11,132.29 
2011/4/12,132.50 
2011/4/13,132.51 
2011/4/14,132.56 
2011/4/15,132.58 
2011/4/18,132.46 
2011/4/19,132.51 
2011/4/20,132.53 
2011/4/21,132.55 
2011/4/22,132.54 
2011/4/25,132.57 
2011/4/26,132.58 
2011/4/27,132.69 
2011/4/28,132.75 
2011/4/29,132.79 
2011/5/3,132.82 
2011/5/4,132.85 
2011/5/5,132.88 
2011/5/6,133.11 
2011/5/9,133.13 
2011/5/10,133.17 
2011/5/11,133.21 
2011/5/12,133.27 
2011/5/13,133.19 
2011/5/16,133.16 
2011/5/17,133.20 
2011/5/18,133.21 
2011/5/19,133.25 
2011/5/20,133.20 
2011/5/23,133.29 
2011/5/24,133.30 
2011/5/25,133.30 
2011/5/26,133.32 
2011/5/27,133.41 
2011/5/30,133.47 
2011/5/31,133.41 
2011/6/1,133.42 
2011/6/2,133.40 
2011/6/3,133.42 
2011/6/7,133.43 
2011/6/8,133.26 
2011/6/9,133.21 
2011/6/10,133.08 
2011/6/13,133.04 
2011/6/14,132.78 
2011/6/15,132.36 
2011/6/16,132.38 
2011/6/17,132.37 
2011/6/20,132.65 
2011/6/21,132.86 
2011/6/22,132.50 
2011/6/23,132.37 
2011/6/24,132.72 
2011/6/27,132.98 
2011/6/28,132.97 
2011/6/29,132.95 
2011/6/30,132.93 
2011/7/1,133.02 
2011/7/4,133.04 
2011/7/5,133.07 
2011/7/6,132.95 
2011/7/7,132.98 
2011/7/8,133.07 
2011/7/11,133.05 
2011/7/12,133.10 
2011/7/13,133.09 
2011/7/14,132.95 
2011/7/15,132.94 
2011/7/18,132.75 
2011/7/19,132.40 
2011/7/20,131.87 
2011/7/21,131.64 
2011/7/22,131.74 
2011/7/25,131.81 
2011/7/26,131.78 
2011/7/27,131.70 
2011/7/28,131.72 
2011/7/29,131.81 
2011/8/1,131.89 
2011/8/2,131.84 
2011/8/3,131.44 
2011/8/4,131.54 
2011/8/5,131.85 
2011/8/8,132.09 
2011/8/9,132.36 
2011/8/10,132.38 
2011/8/11,132.64 
2011/8/12,132.67 
2011/8/15,132.77 
2011/8/16,132.67 
2011/8/17,132.74 
2011/8/18,132.65 
2011/8/19,132.80 
2011/8/22,132.85 
2011/8/23,132.83 
2011/8/24,132.83 
2011/8/25,132.70 
2011/8/26,132.65 
2011/8/29,131.88 
2011/8/30,131.57 
2011/8/31,131.73 
2011/9/1,131.97 
2011/9/2,132.00 
2011/9/5,132.21 
2011/9/6,132.39 
2011/9/7,132.19 
2011/9/8,132.15 
2011/9/9,132.30 
2011/9/13,132.52 
2011/9/14,132.50 
2011/9/15,132.35 
2011/9/16,132.22 
2011/9/19,132.23 
2011/9/20,132.24 
2011/9/21,132.22 
2011/9/22,132.42 
2011/9/23,133.12 
2011/9/26,133.66 
2011/9/27,133.52 
2011/9/28,133.50 
2011/9/29,133.75 
2011/9/30,133.95 
2011/10/10,134.96 
2011/10/11,135.14 
2011/10/12,135.00 
2011/10/13,134.87 
2011/10/14,135.17 
2011/10/17,135.10 
2011/10/18,135.47 
2011/10/19,135.53 
2011/10/20,135.61 
2011/10/21,135.58 
2011/10/24,135.56 
2011/10/25,135.35 
2011/10/26,135.45 
2011/10/27,135.39 
2011/10/28,135.51 
2011/10/31,135.72 
2011/11/1,136.07 
2011/11/2,136.26 
2011/11/3,136.32 
2011/11/4,136.41 
2011/11/7,136.38 
2011/11/8,136.65 
2011/11/9,137.14 
2011/11/10,137.82 
2011/11/11,137.65 
2011/11/14,137.74 
2011/11/15,137.33 
2011/11/16,137.46 
2011/11/17,137.36 
2011/11/18,137.39 
2011/11/21,137.26 
2011/11/22,137.32 
2011/11/23,137.71 
2011/11/24,137.64 
2011/11/25,137.67 
2011/11/28,137.57 
2011/11/29,137.55 
2011/11/30,137.70 
2011/12/1,138.72 
2011/12/2,139.12 
2011/12/5,139.27 
2011/12/6,139.14 
2011/12/7,139.09 
2011/12/8,139.11 
2011/12/9,139.20 
2011/12/12,139.14 
2011/12/13,139.09 
2011/12/14,139.14 
2011/12/15,139.13 
2011/12/16,139.29 
2011/12/19,139.30 
2011/12/20,139.33 
2011/12/21,139.31 
2011/12/22,139.32 
2011/12/23,139.30 
2011/12/26,139.43 
2011/12/27,139.47 
2011/12/28,139.47 
2011/12/29,139.58 
2011/12/30,139.73 
2011/12/31,139.82 
2012/1/4,139.76 
2012/1/5,139.79 
2012/1/6,140.01 
2012/1/9,140.08 
2012/1/10,140.11 
2012/1/11,140.01 
2012/1/12,140.06 
2012/1/13,140.04 
2012/1/16,139.97 
2012/1/17,140.06 
2012/1/18,140.10 
2012/1/19,140.27 
2012/1/20,140.30 
2012/1/21,140.31 
2012/1/30,140.33 
2012/1/31,140.33 
2012/2/1,140.12 
2012/2/2,140.03 
2012/2/3,140.08 
2012/2/6,139.84 
2012/2/7,139.85 
2012/2/8,139.66 
2012/2/9,139.47 
2012/2/10,139.58 
2012/2/13,139.73 
2012/2/14,139.78 
2012/2/15,139.62 
2012/2/16,139.60 
2012/2/17,139.52 
2012/2/20,139.77 
2012/2/21,139.76 
2012/2/22,139.71 
2012/2/23,139.72 
2012/2/24,139.76 
2012/2/27,139.58 
2012/2/28,139.58 
2012/2/29,139.66 
2012/3/1,139.63 
2012/3/2,139.53 
2012/3/5,139.55 
2012/3/6,139.68 
2012/3/7,139.81 
2012/3/8,139.86 
2012/3/9,139.85 
2012/3/12,139.98 
2012/3/13,139.94 
2012/3/14,139.91 
2012/3/15,139.81 
2012/3/16,139.91 
2012/3/19,139.90 
2012/3/20,139.90 
2012/3/21,139.86 
2012/3/22,139.95 
2012/3/23,140.08 
2012/3/26,140.14 
2012/3/27,140.10 
2012/3/28,140.21 
2012/3/29,140.31 
2012/3/30,140.38 
2012/4/1,140.32 
2012/4/5,140.40 
2012/4/6,140.39 
2012/4/9,140.32 
2012/4/10,140.35 
2012/4/11,140.41 
2012/4/12,140.33 
2012/4/13,140.32 
2012/4/16,140.35 
2012/4/17,140.39 
2012/4/18,140.36 
2012/4/19,140.29 
2012/4/20,140.39 
2012/4/23,140.45 
2012/4/24,140.51 
2012/4/25,140.49 
2012/4/26,140.53 
2012/4/27,140.54 
2012/4/28,140.54 
2012/5/2,140.57 
2012/5/3,140.57 
2012/5/4,140.56 
2012/5/7,140.61 
2012/5/8,140.63 
2012/5/9,140.69 
2012/5/10,140.81 
2012/5/11,141.09 
2012/5/14,141.63 
2012/5/15,142.28 
2012/5/16,142.60 
2012/5/17,142.22 
2012/5/18,142.55 
2012/5/21,142.41 
2012/5/22,142.40 
2012/5/23,142.45 
2012/5/24,142.81 
2012/5/25,143.34 
2012/5/28,143.12 
2012/5/29,142.95 
2012/5/30,142.87 
2012/5/31,142.97 
2012/6/1,143.03 
2012/6/4,143.06 
2012/6/5,142.98 
2012/6/6,142.93 
2012/6/7,142.86 
2012/6/8,143.37 
2012/6/11,143.11 
2012/6/12,142.96 
2012/6/13,142.81 
2012/6/14,142.73 
2012/6/15,142.79 
2012/6/18,142.61 
2012/6/19,142.61 
2012/6/20,142.58 
2012/6/21,142.70 
2012/6/25,142.96 
2012/6/26,143.05 
2012/6/27,143.34 
2012/6/28,143.42 
2012/6/29,143.46 
2012/7/2,143.41 
2012/7/3,143.50 
2012/7/4,143.52 
2012/7/5,143.58 
2012/7/6,143.82 
2012/7/9,144.06 
2012/7/10,144.20 
2012/7/11,144.29 
2012/7/12,144.30 
2012/7/13,144.26 
2012/7/16,144.19 
2012/7/17,144.14 
2012/7/18,144.11 
2012/7/19,144.10 
2012/7/20,144.18 
2012/7/23,144.22 
2012/7/24,144.24 
2012/7/25,144.22 
2012/7/26,144.18 
2012/7/27,144.17 
2012/7/30,144.20 
2012/7/31,144.09 
2012/8/1,144.09 
2012/8/2,144.13 
2012/8/3,144.10 
2012/8/6,144.00 
2012/8/7,143.85 
2012/8/8,143.65 
2012/8/9,143.85 
2012/8/10,143.91 
2012/8/13,143.87 
2012/8/14,143.80 
2012/8/15,143.61 
2012/8/16,143.56 
2012/8/17,143.58 
2012/8/20,143.44 
2012/8/21,143.38 
2012/8/22,143.10 
2012/8/23,143.22 
2012/8/24,143.47 
2012/8/27,143.47 
2012/8/28,143.41 
2012/8/29,143.31 
2012/8/30,143.29 
2012/8/31,143.30 
2012/9/3,143.33 
2012/9/4,143.44 
2012/9/5,143.41 
2012/9/6,143.41 
2012/9/7,143.19 
2012/9/10,142.91 
2012/9/11,142.83 
2012/9/12,142.60 
2012/9/13,142.61 
2012/9/14,142.24 
2012/9/17,142.11 
2012/9/18,142.40 
2012/9/19,142.42 
2012/9/20,142.50 
2012/9/21,142.61 
2012/9/24,142.65 
2012/9/25,142.89 
2012/9/26,142.99 
2012/9/27,143.00 
2012/9/28,142.98 
2012/9/29,142.98 
2012/10/8,142.90 
2012/10/9,142.84 
2012/10/10,142.76 
2012/10/11,142.83 
2012/10/12,142.97 
2012/10/15,143.09 
2012/10/16,142.97 
2012/10/17,142.89 
2012/10/18,142.82 
2012/10/19,142.75 
2012/10/22,142.82 
2012/10/23,142.77 
2012/10/24,142.73 
2012/10/25,142.67 
2012/10/26,142.64 
2012/10/29,142.71 
2012/10/30,142.79 
2012/10/31,142.76 
2012/11/1,142.61 
2012/11/2,142.70 
2012/11/5,142.78 
2012/11/6,142.84 
2012/11/7,142.91 
2012/11/8,142.95 
2012/11/9,143.02 
2012/11/12,143.06 
2012/11/13,143.15 
2012/11/14,143.24 
2012/11/15,143.28 
2012/11/16,143.41 
2012/11/19,143.58 
2012/11/20,143.55 
2012/11/21,143.50 
2012/11/22,143.41 
2012/11/23,143.39 
2012/11/26,143.37 
2012/11/27,143.33 
2012/11/28,143.31 
2012/11/29,143.37 
2012/11/30,143.35 
2012/12/3,143.35 
2012/12/4,143.29 
2012/12/5,143.23 
2012/12/6,143.22 
2012/12/7,143.20 
2012/12/10,143.21 
2012/12/11,143.25 
2012/12/12,143.27 
2012/12/13,143.29 
2012/12/14,143.25 
2012/12/17,143.27 
2012/12/18,143.29 
2012/12/19,143.25 
2012/12/20,143.21 
2012/12/21,143.23 
2012/12/24,143.28 
2012/12/25,143.32 
2012/12/26,143.36 
2012/12/27,143.49 
2012/12/28,143.57 
2012/12/31,143.63 
2013/1/4,143.47 
2013/1/7,143.63 
2013/1/8,143.71 
2013/1/9,143.77 
2013/1/10,143.67 
2013/1/11,143.59 
2013/1/14,143.62 
2013/1/15,143.66 
2013/1/16,143.66 
2013/1/17,143.72 
2013/1/18,143.84 
2013/1/21,143.92 
2013/1/22,143.94 
2013/1/23,143.93 
2013/1/24,143.87 
2013/1/25,143.88 
2013/1/28,143.81 
2013/1/29,143.80 
2013/1/30,143.81 
2013/1/31,143.83 
2013/2/1,143.89 
2013/2/4,143.94 
2013/2/5,144.01 
2013/2/6,144.02 
2013/2/7,144.04 
2013/2/8,144.11 
2013/2/18,144.21 
2013/2/19,144.21 
2013/2/20,144.36 
2013/2/21,144.37 
2013/2/22,144.32 
2013/2/25,144.27 
2013/2/26,144.24 
2013/2/27,144.29 
2013/2/28,144.26 
2013/3/1,144.30 
2013/3/4,144.43 
2013/3/5,144.46 
2013/3/6,144.47 
2013/3/7,144.46 
2013/3/8,144.45 
2013/3/11,144.45 
2013/3/12,144.47 
2013/3/13,144.49 
2013/3/14,144.48 
2013/3/15,144.47 
2013/3/18,144.49 
2013/3/19,144.52 
2013/3/20,144.59 
2013/3/21,144.57 
2013/3/22,144.58 
2013/3/25,144.65 
2013/3/26,144.67 
2013/3/27,144.72 
2013/3/28,144.80 
2013/3/29,144.85 
2013/4/1,145.01 
2013/4/2,145.20 
2013/4/3,145.31 
2013/4/8,145.40 
2013/4/9,145.51 
2013/4/10,145.61 
2013/4/11,145.55 
2013/4/12,145.61 
2013/4/15,145.78 
2013/4/16,146.06 
2013/4/17,145.97 
2013/4/18,145.80 
2013/4/19,145.75 
2013/4/22,145.64 
2013/4/23,145.83 
2013/4/24,145.92 
2013/4/25,146.01 
2013/4/26,146.08 
2013/4/28,146.15 
2013/5/2,146.31 
2013/5/3,146.35 
2013/5/6,146.27 
2013/5/7,146.41 
2013/5/8,146.33 
2013/5/9,146.35 
2013/5/10,146.43 
2013/5/13,146.46 
2013/5/14,146.46 
2013/5/15,146.47 
2013/5/16,146.48 
2013/5/17,146.55 
2013/5/20,146.59 
2013/5/21,146.64 
2013/5/22,146.71 
2013/5/23,146.74 
2013/5/24,146.77 
2013/5/27,146.83 
2013/5/28,146.86 
2013/5/29,146.78 
2013/5/30,146.78 
2013/5/31,146.76 
2013/6/3,146.71 
2013/6/4,146.66 
2013/6/5,146.63 
2013/6/6,146.58 
2013/6/7,146.46 
2013/6/9,146.71 
2013/6/13,146.63 
2013/6/14,146.53 
2013/6/17,146.49 
2013/6/18,146.41 
2013/6/19,145.92 
2013/6/20,144.83 
2013/6/21,145.17 
2013/6/24,145.28 
2013/6/25,145.42 
2013/6/26,146.05 
2013/6/27,146.26 
2013/6/28,146.44 
2013/7/1,146.44 
2013/7/2,146.50 
2013/7/3,146.53 
2013/7/4,146.61 
2013/7/5,146.64 
2013/7/8,146.54 
2013/7/9,146.49 
2013/7/10,146.15 
2013/7/11,146.01 
2013/7/12,145.87 
2013/7/15,145.87 
2013/7/16,145.79 
2013/7/17,145.56 
2013/7/18,145.50 
2013/7/19,145.43 
2013/7/22,145.19 
2013/7/23,144.94 
2013/7/24,144.64 
2013/7/25,145.07 
2013/7/26,145.14 
2013/7/29,145.08 
2013/7/30,145.13 
2013/7/31,145.21 
2013/8/1,145.32 
2013/8/2,145.39 
2013/8/5,145.36 
2013/8/6,145.31 
2013/8/7,145.05 
2013/8/8,144.67 
2013/8/9,144.52 
2013/8/12,144.36 
2013/8/13,143.85 
2013/8/14,143.53 
2013/8/15,143.47 
2013/8/16,143.48 
2013/8/19,143.18 
2013/8/20,142.79 
2013/8/21,142.97 
2013/8/22,143.00 
2013/8/23,143.28 
2013/8/26,143.51 
2013/8/27,143.47 
2013/8/28,143.20 
2013/8/29,143.16 
2013/8/30,143.19 
2013/9/2,143.18 
2013/9/3,143.17 
2013/9/4,143.01 
2013/9/5,143.04 
2013/9/6,143.11 
2013/9/9,143.04 
2013/9/10,142.89 
2013/9/11,142.60 
2013/9/12,142.59 
2013/9/13,142.40 
2013/9/16,142.33 
2013/9/17,142.39 
2013/9/18,142.33 
2013/9/23,142.67 
2013/9/24,142.57 
2013/9/25,142.68 
2013/9/26,142.93 
2013/9/27,142.88 
2013/9/30,142.92 
2013/10/8,143.09 
2013/10/9,142.96 
2013/10/10,143.07 
2013/10/11,143.06 
2013/10/14,142.87 
2013/10/15,142.77 
2013/10/16,142.65 
2013/10/17,142.67 
2013/10/18,142.58 
2013/10/21,142.55 
2013/10/22,142.43 
2013/10/23,142.37 
2013/10/24,142.13 
2013/10/25,142.03 
2013/10/28,142.05 
2013/10/29,141.89 
2013/10/30,141.81 
2013/10/31,142.03 
2013/11/1,142.26 
2013/11/4,142.21 
2013/11/5,142.01 
2013/11/6,141.79 
2013/11/7,141.33 
2013/11/8,141.14 
2013/11/11,140.36 
2013/11/12,140.42 
2013/11/13,140.01 
2013/11/14,139.79 
2013/11/15,139.13 
2013/11/18,138.78 
2013/11/19,138.54 
2013/11/20,138.27 
2013/11/21,138.43 
2013/11/22,138.78 
2013/11/25,138.82 
2013/11/26,138.91 
2013/11/27,139.35 
2013/11/28,139.95 
2013/11/29,140.54 
2013/12/2,139.95 
2013/12/3,140.17 
2013/12/4,140.23 
2013/12/5,139.82 
2013/12/6,139.66 
2013/12/9,139.45 
2013/12/10,139.01 
2013/12/11,138.89 
2013/12/12,139.13 
2013/12/13,139.56 
2013/12/16,139.49 
2013/12/17,139.44 
2013/12/18,139.33 
2013/12/19,139.13 
2013/12/20,139.14 
2013/12/23,139.17 
2013/12/24,139.38 
2013/12/25,139.38 
2013/12/26,139.46 
2013/12/27,139.51 
2013/12/30,139.57 
2013/12/31,139.53 
2014/1/2,139.38 
2014/1/3,139.20 
2014/1/6,139.13 
2014/1/7,139.22 
2014/1/8,139.50 
2014/1/9,139.61 
2014/1/10,139.66 
2014/1/13,139.69 
2014/1/14,139.69 
2014/1/15,139.90 
2014/1/16,139.88 
2014/1/17,139.88 
2014/1/20,139.92 
2014/1/21,140.35 
2014/1/22,140.76 
2014/1/23,140.87 
2014/1/24,140.78 
2014/1/27,141.19 
2014/1/28,141.16 
2014/1/29,141.15 
2014/1/30,141.15 
2014/2/7,141.54 
2014/2/10,141.58 
2014/2/11,141.60 
2014/2/12,141.63 
2014/2/13,141.69 
2014/2/14,141.73 
2014/2/17,141.61 
2014/2/18,141.50 
2014/2/19,141.41 
2014/2/20,141.51 
2014/2/21,141.60 
2014/2/24,141.88 
2014/2/25,142.60 
2014/2/26,142.49 
2014/2/27,143.05 
2014/2/28,142.80 
2014/3/3,142.64 
2014/3/4,142.24 
2014/3/5,142.13 
2014/3/6,142.13 
2014/3/7,142.16 
2014/3/10,142.41 
2014/3/11,142.38 
2014/3/12,142.55 
2014/3/13,142.65 
2014/3/14,142.75 
2014/3/17,142.86 
2014/3/18,142.70 
2014/3/19,142.63 
2014/3/20,142.56 
2014/3/21,142.67 
2014/3/24,142.68 
2014/3/25,142.71 
2014/3/26,142.76 
2014/3/27,142.75 
2014/3/28,142.71 
2014/3/31,142.83 
2014/4/1,142.84 
2014/4/2,142.83 
2014/4/3,142.76 
2014/4/4,142.73 
2014/4/8,142.87 
2014/4/9,142.70 
2014/4/10,142.77 
2014/4/11,142.87 
2014/4/14,143.10 
2014/4/15,143.22 
2014/4/16,143.41 
2014/4/17,144.07 
2014/4/18,144.00 
2014/4/21,144.04 
2014/4/22,144.07 
2014/4/23,143.91 
2014/4/24,143.88 
2014/4/25,143.97 
2014/4/28,144.02 
2014/4/29,144.09 
2014/4/30,144.22 
2014/5/5,144.39 
2014/5/6,144.61 
2014/5/7,144.71 
2014/5/8,145.11 
2014/5/9,146.01 
2014/5/12,146.01 
2014/5/13,145.91 
2014/5/14,145.77 
2014/5/15,145.68 
2014/5/16,145.66 
2014/5/19,145.83 
2014/5/20,145.82 
2014/5/21,145.84 
2014/5/22,145.89 
2014/5/23,146.25 
2014/5/26,146.38 
2014/5/27,146.45 
2014/5/28,146.63 
2014/5/29,146.82 
2014/5/30,147.09 
2014/6/3,147.61 
2014/6/4,147.76 
2014/6/5,147.65 
2014/6/6,147.49 
2014/6/9,147.47 
2014/6/10,147.62 
2014/6/11,147.65 
2014/6/12,147.66 
2014/6/13,147.49 
2014/6/16,147.70 
2014/6/17,147.73 
2014/6/18,147.74 
2014/6/19,147.80 
2014/6/20,147.82 
2014/6/23,147.85 
2014/6/24,147.91 
2014/6/25,147.90 
2014/6/26,147.94 
2014/6/27,147.93 
2014/6/30,147.84 
2014/7/1,147.69 
2014/7/2,147.30 
2014/7/3,147.07 
2014/7/4,146.90 
2014/7/7,147.27 
2014/7/8,147.32 
2014/7/9,147.30 
2014/7/10,147.28 
2014/7/11,147.34 
2014/7/14,147.33 
2014/7/15,147.14 
2014/7/16,146.68 
2014/7/17,146.28 
2014/7/18,146.06 
2014/7/21,146.18 
2014/7/22,146.37 
2014/7/23,146.36 
2014/7/24,146.36 
2014/7/25,146.51 
2014/7/28,146.61 
2014/7/29,146.54 
2014/7/30,146.48 
2014/7/31,146.65 
2014/8/1,146.70 
2014/8/4,146.83 
2014/8/5,146.82 
2014/8/6,146.85 
2014/8/7,146.79 
2014/8/8,146.76 
2014/8/11,146.76 
2014/8/12,146.74 
2014/8/13,146.87 
2014/8/14,147.19 
2014/8/15,147.23 
2014/8/18,147.20 
2014/8/19,147.09 
2014/8/20,147.02 
2014/8/21,147.05 
2014/8/22,147.02 
2014/8/25,147.11 
2014/8/26,147.11 
2014/8/27,147.28 
2014/8/28,147.31 
2014/8/29,147.27 
2014/9/1,147.30 
2014/9/2,147.29 
2014/9/3,147.19 
2014/9/4,147.13 
2014/9/5,147.12 
2014/9/9,147.19 
2014/9/10,147.11 
2014/9/11,147.11 
2014/9/12,147.22 
2014/9/15,147.41 
2014/9/16,147.39 
2014/9/17,147.79 
2014/9/18,148.30 
2014/9/19,148.98 
2014/9/22,149.23 
2014/9/23,149.36 
2014/9/24,149.02 
2014/9/25,149.29 
2014/9/26,149.24 
2014/9/29,149.42 
2014/9/30,149.53 
2014/10/8,149.56 
2014/10/9,149.49 
2014/10/10,149.46 
2014/10/13,149.68 
2014/10/14,150.46 
2014/10/15,151.09 
2014/10/16,151.29 
2014/10/17,151.48 
2014/10/20,152.08 
2014/10/21,152.28 
2014/10/22,151.93 
2014/10/23,151.83 
2014/10/24,152.03 
2014/10/27,152.25 
2014/10/28,152.56 
2014/10/29,152.84 
2014/10/30,152.61 
2014/10/31,152.69 
2014/11/3,153.23 
2014/11/4,153.83 
2014/11/5,154.14 
2014/11/6,154.05 
2014/11/7,154.62 
2014/11/10,155.16 
2014/11/11,155.34 
2014/11/12,154.93 
2014/11/13,154.58 
2014/11/14,154.15 
2014/11/17,153.94 
2014/11/18,154.33 
2014/11/19,154.28 
2014/11/20,154.05 
2014/11/21,153.96 
2014/11/24,155.56 
2014/11/25,155.24 
2014/11/26,155.28 
2014/11/27,155.30 
2014/11/28,155.36 
2014/12/1,155.48 
2014/12/2,155.18 
2014/12/3,154.52 
2014/12/4,154.07 
2014/12/5,153.04 
2014/12/8,152.95 
2014/12/9,153.08 
2014/12/10,153.57 
2014/12/11,153.45 
2014/12/12,153.33 
2014/12/15,153.12 
2014/12/16,153.37 
2014/12/17,153.50 
2014/12/18,153.40 
2014/12/19,153.76 
2014/12/22,153.86 
2014/12/23,154.27 
2014/12/24,154.77 
2014/12/25,154.69 
2014/12/26,154.71 
2014/12/29,154.83 
2014/12/30,154.80 
2014/12/31,154.79 
2015/1/5,154.85 
2015/1/6,154.82 
2015/1/7,154.89 
2015/1/8,154.92 
2015/1/9,154.91 
2015/1/12,155.00 
2015/1/13,155.44 
2015/1/14,155.82 
2015/1/15,155.81 
2015/1/16,156.22 
2015/1/19,156.44 
2015/1/20,156.52 
2015/1/21,156.61 
2015/1/22,156.77 
2015/1/23,156.82 
2015/1/26,157.07 
2015/1/27,157.08 
2015/1/28,156.85 
2015/1/29,156.67 
2015/1/30,156.62 
2015/2/2,156.88 
2015/2/3,157.05 
2015/2/4,157.08 
2015/2/5,157.51 
2015/2/6,157.32 
2015/2/9,157.47 
2015/2/10,157.51 
2015/2/11,157.84 
2015/2/12,157.98 
2015/2/13,158.15 
2015/2/16,158.46 
2015/2/17,158.46 
2015/2/25,158.62 
2015/2/26,158.52 
2015/2/27,158.38 
2015/3/2,158.24 
2015/3/3,158.12 
2015/3/4,158.13 
2015/3/5,157.71 
2015/3/6,157.46 
2015/3/9,157.25 
2015/3/10,157.17 
2015/3/11,157.76 
2015/3/12,157.86 
2015/3/13,157.52 
2015/3/16,157.22 
2015/3/17,157.14 
2015/3/18,157.07 
2015/3/19,157.03 
2015/3/20,157.24 
2015/3/23,157.25 
2015/3/24,157.17 
2015/3/25,157.12 
2015/3/26,156.64 
2015/3/27,156.49 
2015/3/30,156.27 
2015/3/31,155.86 
2015/4/1,156.25 
2015/4/2,156.70 
2015/4/3,156.52 
2015/4/7,156.39 
2015/4/8,155.66 
2015/4/9,155.63 
2015/4/10,155.73 
2015/4/13,155.89 
2015/4/14,156.22 
2015/4/15,156.47 
2015/4/16,156.68 
2015/4/17,156.70 
2015/4/20,157.75 
2015/4/21,158.09 
2015/4/22,158.04 
2015/4/23,157.93 
2015/4/24,157.59 
2015/4/27,157.82 
2015/4/28,158.01 
2015/4/29,157.99 
2015/4/30,158.29 
2015/5/4,158.23 
2015/5/5,158.12 
2015/5/6,157.77 
2015/5/7,157.82 
2015/5/8,158.30 
2015/5/11,158.35 
2015/5/12,158.44 
2015/5/13,158.70 
2015/5/14,159.04 
2015/5/15,159.12 
2015/5/18,159.09 
2015/5/19,158.95 
2015/5/20,158.94 
2015/5/21,158.99 
2015/5/22,159.14 
2015/5/25,159.31 
2015/5/26,158.98 
2015/5/27,159.03 
2015/5/28,158.64 
2015/5/29,158.61 
2015/6/1,158.32 
2015/6/2,158.57 
2015/6/3,158.67 
2015/6/4,158.84 
2015/6/5,158.95 
2015/6/8,159.07 
2015/6/9,159.19 
2015/6/10,159.01 
2015/6/11,158.79 
2015/6/12,158.82 
2015/6/15,158.54 
2015/6/16,158.86 
2015/6/17,158.93 
2015/6/18,159.25 
2015/6/19,159.29 
2015/6/23,159.21 
2015/6/24,159.16 
2015/6/25,159.20 
2015/6/26,159.19 
2015/6/29,159.25 
2015/6/30,159.29 
2015/7/1,159.24 
2015/7/2,159.20 
2015/7/3,159.42 
2015/7/6,160.15 
2015/7/7,160.48 
2015/7/8,160.37 
2015/7/9,160.45 
2015/7/10,160.06 
2015/7/13,160.10 
2015/7/14,159.96 
2015/7/15,159.95 
2015/7/16,160.07 
2015/7/17,160.23 
2015/7/20,160.27 
2015/7/21,160.17 
2015/7/22,160.20 
2015/7/23,160.38 
2015/7/24,160.62 
2015/7/27,160.68 
2015/7/28,160.79 
2015/7/29,160.91 
2015/7/30,160.86 
2015/7/31,160.54 
2015/8/3,160.51 
2015/8/4,160.53 
2015/8/5,160.48 
2015/8/6,160.60 
2015/8/7,160.73 
2015/8/10,160.68 
2015/8/11,160.35 
2015/8/12,160.20 
2015/8/13,160.36 
2015/8/14,160.45 
2015/8/17,160.44 
2015/8/18,160.45 
2015/8/19,160.41 
2015/8/20,160.38 
2015/8/21,160.50 
2015/8/24,160.69 
2015/8/25,160.84 
2015/8/26,161.00 
2015/8/27,161.42 
2015/8/28,161.58 
2015/8/31,162.04 
2015/9/1,162.16 
2015/9/2,162.16 
2015/9/7,161.90 
2015/9/8,161.90 
2015/9/9,161.93 
2015/9/10,161.94 
2015/9/11,162.02 
2015/9/14,162.10 
2015/9/15,162.28 
2015/9/16,162.22 
2015/9/17,162.23 
2015/9/18,162.33 
2015/9/21,162.23 
2015/9/22,162.12 
2015/9/23,162.05 
2015/9/24,162.10 
2015/9/25,162.13 
2015/9/28,162.36 
2015/9/29,162.46 
2015/9/30,162.61 
2015/10/8,162.77 
2015/10/9,163.37 
2015/10/12,163.32 
2015/10/13,163.50 
2015/10/14,164.12 
2015/10/15,163.96 
2015/10/16,163.57 
2015/10/19,163.79 
2015/10/20,164.23 
2015/10/21,164.26 
2015/10/22,164.31 
2015/10/23,164.31 
2015/10/26,164.64 
2015/10/27,165.05 
2015/10/28,165.01 
2015/10/29,164.69 
2015/10/30,164.56 
2015/11/2,164.66 
2015/11/3,164.42 
2015/11/4,164.01 
2015/11/5,164.04 
2015/11/6,164.13 
2015/11/9,163.32 
2015/11/10,163.45 
2015/11/11,163.87 
2015/11/12,163.86 
2015/11/13,163.98 
2015/11/16,163.98 
2015/11/17,164.02 
2015/11/18,163.88 
2015/11/19,163.83 
2015/11/20,163.93 
2015/11/23,163.99 
2015/11/24,164.21 
2015/11/25,164.38 
2015/11/26,164.50 
2015/11/27,164.51 
2015/11/30,164.76 
2015/12/1,164.76 
2015/12/2,164.76 
2015/12/3,164.96 
2015/12/4,165.07 
2015/12/7,165.08 
2015/12/8,165.26 
2015/12/9,165.34 
2015/12/10,165.35 
2015/12/11,165.48 
2015/12/14,165.20 
2015/12/15,165.31 
2015/12/16,165.49 
2015/12/17,165.66 
2015/12/18,166.05 
2015/12/21,166.61 
2015/12/22,166.86 
2015/12/23,166.94 
2015/12/24,167.34 
2015/12/25,167.31 
2015/12/28,167.48 
2015/12/29,167.42 
2015/12/30,167.41 
2015/12/31,167.45 
2016/1/4,167.21 
2016/1/5,166.95 
2016/1/6,167.11 
2016/1/7,167.39 
2016/1/8,167.60 
2016/1/11,167.81 
2016/1/12,168.17 
2016/1/13,168.82 
2016/1/14,168.61 
2016/1/15,168.67 
2016/1/18,168.46 
2016/1/19,168.21 
2016/1/20,168.03 
2016/1/21,168.21 
2016/1/22,168.38 
2016/1/25,167.77 
2016/1/26,167.74 
2016/1/27,167.42 
2016/1/28,167.50 
2016/1/29,167.86 
2016/2/1,168.01 
2016/2/2,167.70 
2016/2/3,167.60 
2016/2/4,167.93 
2016/2/5,167.96 
2016/2/6,167.96 
2016/2/15,168.29 
2016/2/16,168.26 
2016/2/17,168.32 
2016/2/18,168.37 
2016/2/19,168.47 
2016/2/22,168.48 
2016/2/23,168.52 
2016/2/24,168.43 
2016/2/25,168.28 
2016/2/26,168.39 
2016/2/29,168.50 
2016/3/1,168.72 
2016/3/2,168.77 
2016/3/3,168.76 
2016/3/4,168.84 
2016/3/7,168.59 
2016/3/8,168.58 
2016/3/9,168.88 
2016/3/10,169.12 
2016/3/11,169.17 
2016/3/14,169.27 
2016/3/15,169.40 
2016/3/16,169.72 
2016/3/17,169.81 
2016/3/18,169.87 
2016/3/21,169.95 
2016/3/22,169.96 
2016/3/23,170.05 
2016/3/24,170.12 
2016/3/25,170.29 
2016/3/28,170.30 
2016/3/29,170.35 
2016/3/30,170.49 
2016/3/31,170.57 
2016/4/1,170.56 
2016/4/5,170.50 
2016/4/6,170.45 
2016/4/7,170.25 
2016/4/8,170.22 
2016/4/11,170.21 
2016/4/12,169.96 
2016/4/13,169.87 
2016/4/15,169.95 
2016/4/18,170.09 
2016/4/19,170.07 
2016/4/20,169.76 
2016/4/21,169.68 
2016/4/22,169.25 
2016/4/25,168.71 
2016/4/26,168.85 
2016/4/27,169.00 
2016/4/28,169.16 
2016/4/29,169.16 
2016/5/3,169.25 
2016/5/4,169.14 
2016/5/5,169.12 
2016/5/6,169.13 
2016/5/9,169.35 
2016/5/10,169.35 
2016/5/11,169.38 
2016/5/12,169.48 
2016/5/13,169.50 
2016/5/16,169.37 
2016/5/17,169.33 
2016/5/18,169.18 
2016/5/19,169.11 
2016/5/20,169.10 
2016/5/23,169.07 
2016/5/24,169.18 
2016/5/25,169.17 
2016/5/26,169.15 
2016/5/27,169.11 
2016/5/30,169.06 
2016/5/31,169.03 
2016/6/1,168.98 
2016/6/2,168.90 
2016/6/3,168.87 
2016/6/6,169.03 
2016/6/7,169.03 
2016/6/8,169.01 
2016/6/13,169.13 
2016/6/14,169.37 
2016/6/15,169.47 
2016/6/16,169.63 
2016/6/17,169.68 
2016/6/20,169.71 
2016/6/21,169.70 
2016/6/22,169.84 
2016/6/23,169.82 
2016/6/24,169.77 
2016/6/27,170.00 
2016/6/28,170.02 
2016/6/29,169.99 
2016/6/30,170.07 
2016/7/1,170.31 
2016/7/4,170.34 
2016/7/5,170.28 
2016/7/6,170.36 
2016/7/7,170.54 
2016/7/8,170.62 
2016/7/11,170.74 
2016/7/12,170.69 
2016/7/13,170.57 
2016/7/14,170.61 
2016/7/15,170.65 
2016/7/18,170.74 
2016/7/19,170.81 
2016/7/20,171.17 
2016/7/21,171.61 
2016/7/22,171.52 
2016/7/25,171.43 
2016/7/26,171.51 
2016/7/27,171.65 
2016/7/28,171.74 
2016/7/29,171.88 
2016/8/1,171.95 
2016/8/2,172.00 
2016/8/3,172.05 
2016/8/4,172.10 
2016/8/5,172.28 
2016/8/8,172.45 
2016/8/9,172.80 
2016/8/10,173.01 
2016/8/11,173.11 
2016/8/12,173.38 
2016/8/15,173.70 
2016/8/16,173.67 
2016/8/17,173.51 
2016/8/18,173.50 
2016/8/19,173.29 
2016/8/22,173.38 
2016/8/23,173.07 
2016/8/24,172.90 
2016/8/25,172.95 
2016/8/26,173.07 
2016/8/29,173.03 
2016/8/30,172.73 
2016/8/31,172.84 
2016/9/1,172.80 
2016/9/2,172.86 
2016/9/5,172.83 
2016/9/6,172.82 
2016/9/7,172.77 
2016/9/8,172.85 
2016/9/9,172.97 
2016/9/12,172.86 
2016/9/13,172.99 
2016/9/14,173.07 
2016/9/19,173.20 
2016/9/20,173.29 
2016/9/21,173.32 
2016/9/22,173.42 
2016/9/23,173.66 
2016/9/26,173.79 
2016/9/27,173.79 
2016/9/28,173.79 
2016/9/29,173.83 
2016/9/30,173.90 
2016/10/10,174.39 
2016/10/11,174.40 
2016/10/12,174.33 
2016/10/13,174.36 
2016/10/14,174.53 
2016/10/17,174.69 
2016/10/18,174.75 
2016/10/19,174.99 
2016/10/20,175.23 
2016/10/21,175.49 
2016/10/24,175.45 
2016/10/25,175.38 
2016/10/26,175.06 
2016/10/27,175.05 
2016/10/28,175.06 
2016/10/31,174.95 
2016/11/1,174.88 
2016/11/2,174.87 
2016/11/3,174.94 
2016/11/4,174.93 
2016/11/7,174.69 
2016/11/8,174.53 
2016/11/9,174.55 
2016/11/10,174.36 
2016/11/11,174.21 
2016/11/14,173.70 
2016/11/15,173.44 
2016/11/16,173.33 
2016/11/17,172.96 
2016/11/18,173.05 
2016/11/21,173.06 
2016/11/22,173.16 
2016/11/23,173.39 
2016/11/24,173.47 
2016/11/25,173.41 
2016/11/28,173.63 
2016/11/29,173.16 
2016/11/30,172.79 
2016/12/1,172.16 
2016/12/2,172.07 
2016/12/5,171.91 
2016/12/6,171.00 
2016/12/7,171.22 
2016/12/8,171.37 
2016/12/9,171.37 
2016/12/12,170.86 
2016/12/13,170.34 
2016/12/14,170.00 
2016/12/15,168.39 
2016/12/16,168.44 
2016/12/19,167.87 
2016/12/20,167.65 
2016/12/21,168.13 
2016/12/22,168.91 
2016/12/23,169.36 
2016/12/26,169.79 
2016/12/27,169.77 
2016/12/28,169.97 
2016/12/29,170.64 
2016/12/30,171.13 
2016/12/31,171.15 
2017/1/3,170.69 
2017/1/4,170.37 
2017/1/5,170.09 
2017/1/6,170.20 
2017/1/9,170.40 
2017/1/10,170.52 
2017/1/11,170.22 
2017/1/12,170.36 
2017/1/13,170.37 
2017/1/16,170.31 
2017/1/17,170.04 
2017/1/18,170.06 
2017/1/19,170.03 
2017/1/20,170.16 
2017/1/23,170.23 
2017/1/24,169.96 
2017/1/25,169.55 
2017/1/26,169.50 
2017/2/3,169.11 
2017/2/6,168.62 
2017/2/7,168.50 
2017/2/8,168.54 
2017/2/9,168.83 
2017/2/10,168.74 
2017/2/13,168.79 
2017/2/14,168.82 
2017/2/15,168.79 
2017/2/16,168.98 
2017/2/17,169.27 
2017/2/20,169.65 
2017/2/21,169.48 
2017/2/22,169.68 
2017/2/23,169.85 
2017/2/24,169.75 
2017/2/27,169.85 
2017/2/28,169.80 
2017/3/1,169.70 
2017/3/2,169.70 
2017/3/3,169.71 
2017/3/6,169.61 
2017/3/7,169.57 
2017/3/8,169.36 
2017/3/9,169.32 
2017/3/10,169.30 
2017/3/13,169.47 
2017/3/14,169.55 
2017/3/15,169.54 
2017/3/16,169.82 
2017/3/17,169.76 
2017/3/20,169.66 
2017/3/21,169.49 
2017/3/22,169.53 
2017/3/23,169.48 
2017/3/24,169.82 
2017/3/27,170.03 
2017/3/28,170.05 
2017/3/29,170.03 
2017/3/30,170.04 
2017/3/31,170.06 
2017/4/1,170.15 
2017/4/5,170.11 
2017/4/6,170.09 
2017/4/7,170.12 
2017/4/10,170.10 
2017/4/11,170.13 
2017/4/12,170.03 
2017/4/13,170.12 
2017/4/14,169.85 
2017/4/17,169.42 
2017/4/18,169.24 
2017/4/19,169.22 
2017/4/20,169.07 
2017/4/21,168.74 
2017/4/24,168.44 
2017/4/25,168.62 
2017/4/26,168.57 
2017/4/27,168.63 
2017/4/28,168.62 
2017/5/2,168.45 
2017/5/3,168.15 
2017/5/4,167.92 
2017/5/5,167.88 
2017/5/8,167.58 
2017/5/9,167.31 
2017/5/10,166.85 
2017/5/11,167.13 
2017/5/12,166.93 
2017/5/15,167.07 
2017/5/16,167.02 
2017/5/17,166.68 
2017/5/18,166.74 
2017/5/19,166.67 
2017/5/22,166.44 
2017/5/23,166.51 
2017/5/24,166.70 
2017/5/25,166.92 
2017/5/26,166.87 
2017/5/27,166.96 
2017/5/31,167.37 
2017/6/1,167.36 
2017/6/2,167.35 
2017/6/5,167.50 
2017/6/6,167.40 
2017/6/7,167.33 
2017/6/8,167.27 
2017/6/9,167.43 
2017/6/12,168.00 
2017/6/13,168.12 
2017/6/14,168.33 
2017/6/15,168.37 
2017/6/16,168.01 
2017/6/19,168.57 
2017/6/20,168.68 
2017/6/21,168.37 
2017/6/22,168.13 
2017/6/23,168.21 
2017/6/26,168.48 
2017/6/27,168.68 
2017/6/28,168.64 
2017/6/29,168.60 
2017/6/30,168.42 
2017/7/3,168.25 
2017/7/4,168.23 
2017/7/5,168.44 
2017/7/6,168.61 
2017/7/7,168.58 
2017/7/10,168.58 
2017/7/11,168.61 
2017/7/12,168.63 
2017/7/13,168.71 
2017/7/14,168.78 
2017/7/17,168.82 
2017/7/18,168.66 
2017/7/19,168.73 
2017/7/20,168.76 
2017/7/21,168.60 
2017/7/24,168.45 
2017/7/25,168.35 
2017/7/26,168.11 
2017/7/27,168.20 
2017/7/28,168.20 
2017/7/31,168.11 
2017/8/1,168.02 
2017/8/2,168.09 
2017/8/3,168.14 
2017/8/4,168.21 
2017/8/7,167.98 
2017/8/8,167.99 
2017/8/9,167.97 
2017/8/10,168.06 
2017/8/11,168.28 
2017/8/14,168.40 
2017/8/15,168.46 
2017/8/16,168.37 
2017/8/17,168.25 
2017/8/18,168.05 
2017/8/21,167.91 
2017/8/22,167.89 
2017/8/23,167.94 
2017/8/24,167.82 
2017/8/25,167.74 
2017/8/28,167.59 
2017/8/29,167.71 
2017/8/30,167.74 
2017/8/31,167.81 
2017/9/1,167.82 
2017/9/4,167.78 
2017/9/5,167.67 
2017/9/6,167.72 
2017/9/7,167.97 
2017/9/8,168.12 
2017/9/11,168.09 
2017/9/12,168.10 
2017/9/13,167.99 
2017/9/14,168.17 
2017/9/15,168.06 
2017/9/18,167.97 
2017/9/19,168.01 
2017/9/20,167.97 
2017/9/21,167.89 
2017/9/22,168.12 
2017/9/25,168.39 
2017/9/26,168.38 
2017/9/27,168.33 
2017/9/28,168.41 
2017/9/29,168.46 
2017/9/30,168.45 
2017/10/9,168.41 
2017/10/10,168.39 
2017/10/11,168.41 
2017/10/12,168.23 
2017/10/13,168.30 
2017/10/16,168.04 
2017/10/17,167.79 
2017/10/18,167.83 
2017/10/19,168.00 
2017/10/20,168.04 
2017/10/23,168.08 
2017/10/24,168.09 
2017/10/25,167.80 
2017/10/26,167.80 
2017/10/27,167.59 
2017/10/30,166.94 
2017/10/31,167.02 
2017/11/1,167.35 
2017/11/2,167.29 
2017/11/3,167.26 
2017/11/6,167.34 
2017/11/7,167.21 
2017/11/8,167.23 
2017/11/9,167.26 
2017/11/10,167.16 
2017/11/13,166.92 
2017/11/14,166.86 
2017/11/15,166.97 
2017/11/16,167.19 
2017/11/17,167.30 
2017/11/20,167.35 
2017/11/21,167.29 
2017/11/22,167.04 
2017/11/23,167.08 
2017/11/24,167.30 
2017/11/27,167.35 
2017/11/28,167.30 
2017/11/29,167.50 
2017/11/30,167.65 
2017/12/1,167.74 
2017/12/4,167.83 
2017/12/5,167.88 
2017/12/6,167.94 
2017/12/7,167.88 
2017/12/8,167.78 
2017/12/11,167.57 
2017/12/12,167.50 
2017/12/13,167.49 
2017/12/14,167.57 
2017/12/15,167.74 
2017/12/18,167.86 
2017/12/19,167.85 
2017/12/20,167.83 
2017/12/21,167.84 
2017/12/22,167.92 
2017/12/25,167.96 
2017/12/26,167.88 
2017/12/27,167.84 
2017/12/28,167.89 
2017/12/29,167.98 
2017/12/31,168.02 
2018/1/2,168.05 
2018/1/3,168.04 
2018/1/4,167.98 
2018/1/5,168.15 
2018/1/8,168.34 
2018/1/9,168.44 
2018/1/10,168.34 
2018/1/11,168.25 
2018/1/12,168.34 
2018/1/15,168.23 
2018/1/16,168.28 
2018/1/17,168.25 
2018/1/18,168.18 
2018/1/19,168.23 
2018/1/22,168.34 
2018/1/23,168.42 
2018/1/24,168.45 
2018/1/25,168.46 
2018/1/26,168.53 
2018/1/29,168.59 
2018/1/30,168.59 
2018/1/31,168.70 
2018/2/1,168.77 
2018/2/2,168.80 
2018/2/5,168.79 
2018/2/6,169.03 
2018/2/7,169.18 
2018/2/8,169.13 
2018/2/9,169.21 
2018/2/12,169.28 
2018/2/13,169.34 
2018/2/14,169.38 
2018/2/22,169.49 
2018/2/23,169.57 
2018/2/26,169.97 
2018/2/27,170.16 
2018/2/28,170.30 
2018/3/1,170.29 
2018/3/2,170.24 
2018/3/5,170.18 
2018/3/6,170.21 
2018/3/7,170.31 
2018/3/8,170.36 
2018/3/9,170.43 
2018/3/12,170.52 
2018/3/13,170.48 
2018/3/14,170.48 
2018/3/15,170.53 
2018/3/16,170.67 
2018/3/19,170.69 
2018/3/20,170.84 
2018/3/21,170.98 
2018/3/22,171.19 
2018/3/23,171.65 
2018/3/26,171.61 
2018/3/27,171.50 
2018/3/28,171.50 
2018/3/29,171.47 
2018/3/30,171.48 
2018/4/2,171.57 
2018/4/3,171.61 
2018/4/4,171.72 
2018/4/9,172.26 
2018/4/10,172.27 
2018/4/11,172.36 
2018/4/12,172.46 
2018/4/13,172.62 
2018/4/16,172.92 
2018/4/17,173.07 
2018/4/18,174.65 
2018/4/19,174.45 
2018/4/20,174.51 
2018/4/23,174.09 
2018/4/24,174.23 
2018/4/25,174.07 
2018/4/26,173.98 
2018/4/27,173.87 
2018/4/28,173.94 
2018/5/2,173.77 
2018/5/3,173.83 
2018/5/4,173.96 
2018/5/7,173.91 
2018/5/8,173.67 
2018/5/9,173.56 
2018/5/10,173.64 
2018/5/11,173.75 
2018/5/14,173.72 
2018/5/15,173.58 
2018/5/16,173.58 
2018/5/17,173.49 
2018/5/18,173.61 
2018/5/21,173.76 
2018/5/22,173.96 
2018/5/23,174.13 
2018/5/24,174.15 
2018/5/25,174.43 
2018/5/28,174.48 
2018/5/29,174.47 
2018/5/30,174.53 
2018/5/31,174.41 
2018/6/1,174.29 
2018/6/4,174.05 
2018/6/5,173.97 
2018/6/6,173.87 
2018/6/7,173.85 
2018/6/8,173.99 
2018/6/11,174.00 
2018/6/12,173.80 
2018/6/13,173.95 
2018/6/14,174.13 
2018/6/15,174.33 
2018/6/19,174.71 
2018/6/20,174.54 
2018/6/21,174.66 
2018/6/22,174.74 
2018/6/25,174.73 
2018/6/26,174.80 
2018/6/27,174.89 
2018/6/28,175.24 
2018/6/29,175.91 
2018/7/2,176.04 
2018/7/3,176.06 
2018/7/4,176.02 
2018/7/5,176.15 
2018/7/6,175.99 
2018/7/9,175.91 
2018/7/10,175.88 
2018/7/11,176.00 
2018/7/12,176.03 
2018/7/13,176.32 
2018/7/16,176.46 
2018/7/17,176.46 
2018/7/18,176.58 
2018/7/19,176.81 
2018/7/20,176.54 
2018/7/23,176.48 
2018/7/24,176.21 
2018/7/25,176.20 
2018/7/26,176.29 
2018/7/27,176.53 
2018/7/30,176.67 
2018/7/31,176.99 
2018/8/1,177.17 
2018/8/2,177.21 
2018/8/3,177.38 
2018/8/6,177.48 
2018/8/7,177.46 
2018/8/8,177.16 
2018/8/9,176.69 
2018/8/10,176.62 
2018/8/13,176.26 
2018/8/14,176.39 
2018/8/15,176.33 
2018/8/16,176.13 
2018/8/17,175.32 
2018/8/20,175.39 
2018/8/21,175.20 
2018/8/22,175.41 
2018/8/23,175.61 
2018/8/24,175.60 
2018/8/27,175.61 
2018/8/28,175.66 
2018/8/29,175.64 
2018/8/30,175.86 
2018/8/31,175.96 
2018/9/3,175.82 
2018/9/4,175.68 
2018/9/5,175.69 
2018/9/6,175.66 
2018/9/7,175.58 
2018/9/10,175.26 
2018/9/11,175.10 
2018/9/12,175.19 
2018/9/13,175.28 
2018/9/14,175.45 
2018/9/17,175.58 
2018/9/18,175.59 
2018/9/19,175.43 
2018/9/20,175.34 
2018/9/21,175.49 
2018/9/25,175.63 
2018/9/26,175.81 
2018/9/27,176.02 
2018/9/28,176.12 
2018/9/30,176.23 
2018/10/8,176.34 
2018/10/9,176.37 
2018/10/10,176.44 
2018/10/11,176.79 
2018/10/12,176.83 
2018/10/15,176.83 
2018/10/16,176.89 
2018/10/17,176.92 
2018/10/18,177.16 
2018/10/19,177.28 
2018/10/22,177.19 
2018/10/23,177.26 
2018/10/24,177.50 
2018/10/25,177.65 
2018/10/26,177.71 
2018/10/29,177.96 
2018/10/30,178.10 
2018/10/31,178.15 
2018/11/1,178.24 
2018/11/2,177.95 
2018/11/5,178.04 
2018/11/6,178.20 
2018/11/7,178.52 
2018/11/8,178.60 
2018/11/9,178.66 
2018/11/12,178.75 
2018/11/13,178.90 
2018/11/14,179.50 
2018/11/15,179.84 
2018/11/16,180.39 
2018/11/19,180.42 
2018/11/20,180.18 
2018/11/21,180.31 
2018/11/22,180.22 
2018/11/23,180.09 
2018/11/26,180.03 
2018/11/27,180.09 
2018/11/28,180.26 
2018/11/29,180.50 
2018/11/30,180.57 
2018/12/3,180.63 
2018/12/4,181.11 
2018/12/5,181.34 
2018/12/6,181.61 
2018/12/7,181.78 
2018/12/10,182.02 
2018/12/11,182.16 
2018/12/12,182.18 
2018/12/13,181.60 
2018/12/14,181.53 
2018/12/17,181.35 
2018/12/18,181.40 
2018/12/19,181.51 
2018/12/20,181.84 
2018/12/21,181.90 
2018/12/24,181.84 
2018/12/25,181.91 
2018/12/26,182.06 
2018/12/27,182.35 
2018/12/28,182.82 
2018/12/31,182.93 
2019/1/2,183.49 
2019/1/3,183.60 
2019/1/4,183.52 
2019/1/7,183.48 
2019/1/8,183.87 
2019/1/9,183.75 
2019/1/10,183.67 
2019/1/11,183.67 
2019/1/14,183.56 
2019/1/15,183.49 
2019/1/16,184.08 
2019/1/17,184.16 
2019/1/18,183.99 
2019/1/21,183.95 
2019/1/22,183.96 
2019/1/23,183.95 
2019/1/24,183.83 
2019/1/25,183.75 
2019/1/28,183.65 
2019/1/29,183.91 
2019/1/30,184.07 
2019/1/31,184.17 
2019/2/1,184.20 
2019/2/3,184.37 
2019/2/11,184.56 
2019/2/12,184.62 
2019/2/13,184.68 
2019/2/14,184.64 
2019/2/15,184.61 
2019/2/18,184.42 
2019/2/19,184.42 
2019/2/20,184.45 
2019/2/21,184.41 
2019/2/22,184.49 
2019/2/25,184.03 
2019/2/26,183.79 
2019/2/27,184.00 
2019/2/28,183.92 
2019/3/1,183.81 
2019/3/4,183.76 
2019/3/5,183.65 
2019/3/6,183.66 
2019/3/7,183.95 
2019/3/8,184.14 
2019/3/11,184.23 
2019/3/12,184.20 
2019/3/13,184.21 
2019/3/14,184.14 
2019/3/15,184.21 
2019/3/18,184.25 
2019/3/19,184.29 
2019/3/20,184.24 
2019/3/21,184.37 
2019/3/22,184.61 
2019/3/25,184.87 
2019/3/26,184.99 
2019/3/27,184.95 
2019/3/28,185.06 
2019/3/29,185.19 
2019/4/1,184.69 
2019/4/2,184.51 
2019/4/3,183.86 
2019/4/4,183.64 
2019/4/8,183.72 
2019/4/9,183.31 
2019/4/10,183.27 
2019/4/11,183.30 
2019/4/12,183.04 
2019/4/15,182.47 
2019/4/16,182.20 
2019/4/17,182.18 
2019/4/18,182.50 
2019/4/19,182.36 
2019/4/22,182.13 
2019/4/23,182.13 
2019/4/24,181.85 
2019/4/25,182.02 
2019/4/26,182.19 
2019/4/29,182.17 
2019/4/30,182.38 
2019/5/6,182.84 
2019/5/7,182.76 
2019/5/8,182.91 
2019/5/9,183.19 
2019/5/10,183.22 
2019/5/13,183.50 
2019/5/14,183.37 
2019/5/15,183.39 
2019/5/16,183.56 
2019/5/17,183.44 
2019/5/20,183.47 
2019/5/21,183.35 
2019/5/22,183.22 
2019/5/23,183.39 
2019/5/24,183.45 
2019/5/27,183.14 
2019/5/28,183.37 
2019/5/29,183.67 
2019/5/30,183.79 
2019/5/31,183.77 
2019/6/3,184.09 
2019/6/4,184.45 
2019/6/5,184.57 
2019/6/6,184.67 
2019/6/10,184.60 
2019/6/11,184.24 
2019/6/12,184.27 
2019/6/13,184.45 
2019/6/14,184.73 
2019/6/17,184.86 
2019/6/18,184.81 
2019/6/19,184.70 
2019/6/20,184.84 
2019/6/21,184.81 
2019/6/24,184.68 
2019/6/25,184.77 
2019/6/26,184.70 
2019/6/27,184.65 
2019/6/28,184.84 
2019/7/1,184.91 
2019/7/2,185.51 
2019/7/3,185.71 
2019/7/4,185.82 
2019/7/5,185.71 
2019/7/8,185.63 
2019/7/9,185.68 
2019/7/10,185.66 
2019/7/11,185.76 
2019/7/12,185.88 
2019/7/15,185.75 
2019/7/16,185.73 
2019/7/17,185.69 
2019/7/18,185.81 
2019/7/19,185.74 
2019/7/22,185.93 
2019/7/23,186.01 
2019/7/24,185.85 
2019/7/25,185.94 
2019/7/26,185.93 
2019/7/29,185.83 
2019/7/30,185.88 
2019/7/31,186.11 
2019/8/1,186.20 
2019/8/2,186.75 
2019/8/5,187.24 
2019/8/6,187.17 
2019/8/7,187.34 
2019/8/8,187.41 
2019/8/9,187.68 
2019/8/12,187.59 
2019/8/13,187.93 
2019/8/14,188.13 
2019/8/15,188.20 
2019/8/16,188.12 
2019/8/19,188.26 
2019/8/20,188.16 
2019/8/21,187.91 
2019/8/22,187.89 
2019/8/23,187.85 
2019/8/26,188.06 
2019/8/27,187.97 
2019/8/28,187.98 
2019/8/29,188.19 
2019/8/30,187.90 
2019/9/2,187.79 
2019/9/3,187.80 
2019/9/4,187.99 
2019/9/5,188.46 
2019/9/6,188.55 
2019/9/9,188.49 
2019/9/10,188.37 
2019/9/11,188.33 
2019/9/12,188.03 
2019/9/16,188.05 
2019/9/17,187.97 
2019/9/18,187.69 
2019/9/19,187.82 
2019/9/20,187.85 
2019/9/23,187.89 
2019/9/24,187.76 
2019/9/25,187.77 
2019/9/26,187.60 
2019/9/27,187.50 
2019/9/30,187.56 
2019/10/8,187.94 
2019/10/9,187.99 
2019/10/10,187.85 
2019/10/11,187.67 
2019/10/14,187.58 
2019/10/15,187.50 
2019/10/16,187.57 
2019/10/17,187.67 
2019/10/18,187.45 
2019/10/21,187.15 
2019/10/22,187.13 
2019/10/23,187.20 
2019/10/24,187.23 
2019/10/25,187.11 
2019/10/28,186.67 
2019/10/29,186.63 
2019/10/30,186.40 
2019/10/31,186.65 
2019/11/1,186.84 
2019/11/4,186.70 
2019/11/5,187.13 
2019/11/6,187.17 
2019/11/7,187.06 
2019/11/8,187.04 
2019/11/11,187.24 
2019/11/12,187.29 
2019/11/13,187.41 
2019/11/14,187.28 
2019/11/15,187.48 
2019/11/18,187.94 
2019/11/19,188.28 
2019/11/20,188.30 
2019/11/21,188.46 
2019/11/22,188.51 
2019/11/25,188.31 
2019/11/26,188.44 
2019/11/27,188.44 
2019/11/28,188.49 
2019/11/29,188.59 
2019/12/2,188.35 
2019/12/3,188.49 
2019/12/4,188.61 
2019/12/5,188.62 
2019/12/6,188.61 
2019/12/9,188.58 
2019/12/10,188.66 
2019/12/11,188.75 
2019/12/12,188.83 
2019/12/13,188.75 
2019/12/16,188.77 
2019/12/17,188.57 
2019/12/18,188.56 
2019/12/19,188.62 
2019/12/20,189.01 
2019/12/23,189.29 
2019/12/24,189.52 
2019/12/25,189.69 
2019/12/26,190.03 
2019/12/27,190.00 
2019/12/30,190.02 
2019/12/31,190.14 
2020/1/2,190.00 
2020/1/3,189.96 
2020/1/6,190.14 
2020/1/7,190.12 
2020/1/8,190.26 
2020/1/9,190.39 
2020/1/10,190.68 
2020/1/13,190.73 
2020/1/14,190.61 
2020/1/15,190.66 
2020/1/16,190.67 
2020/1/17,190.78 
2020/1/20,191.07 
2020/1/21,191.56 
2020/1/22,191.61 
2020/1/23,192.07 
2020/2/3,194.10 
2020/2/4,193.92 
2020/2/5,193.93 
2020/2/6,194.03 
2020/2/7,194.40 
2020/2/10,194.67 
2020/2/11,194.40 
2020/2/12,194.36 
2020/2/13,194.42 
2020/2/14,194.15 
2020/2/17,193.87 
2020/2/18,194.04 
2020/2/19,194.00 
2020/2/20,193.80 
2020/2/21,194.19 
2020/2/24,194.53 
2020/2/25,194.47 
2020/2/26,194.61 
2020/2/27,194.87 
2020/2/28,195.24 
2020/3/2,195.24 
2020/3/3,195.17 
2020/3/4,195.65 
2020/3/5,195.67 
2020/3/6,196.25 
2020/3/9,197.81 
2020/3/10,197.00 
2020/3/11,197.03 
2020/3/12,196.90 
2020/3/13,196.31 
2020/3/16,196.45 
2020/3/17,196.01 
2020/3/18,195.88 
2020/3/19,195.73 
2020/3/20,196.07 
2020/3/23,196.53 
2020/3/24,196.67 
2020/3/25,196.80 
2020/3/26,197.22 
2020/3/27,197.12 
2020/3/30,197.20 
2020/3/31,197.53 
2020/4/1,197.90 
2020/4/2,197.70 
2020/4/3,197.55 
2020/4/7,198.88 
2020/4/8,199.46 
2020/4/9,199.15 
2020/4/10,198.84 
2020/4/13,198.82 
2020/4/14,198.95 
2020/4/15,199.07 
2020/4/16,199.26 
2020/4/17,199.12 
2020/4/20,198.73 
2020/4/21,198.89 
2020/4/22,199.26 
2020/4/23,199.79 
2020/4/24,200.01 
2020/4/27,199.82 
2020/4/28,199.94 
2020/4/29,200.23 
2020/4/30,199.99 
2020/5/6,199.54 
2020/5/7,199.00 
2020/5/8,199.00 
2020/5/11,198.31 
2020/5/12,198.34 
2020/5/13,198.10 
2020/5/14,198.12 
2020/5/15,198.23 
2020/5/18,197.72 
2020/5/19,197.62 
2020/5/20,197.79 
2020/5/21,197.78 
2020/5/22,198.37 
2020/5/25,197.71 
2020/5/26,197.11 
2020/5/27,196.77 
2020/5/28,196.93 
2020/5/29,197.06 
2020/6/1,196.92 
2020/6/2,196.01 
2020/6/3,195.56 
2020/6/4,195.12 
2020/6/5,194.80 
2020/6/8,195.12 
2020/6/9,195.15 
2020/6/10,195.10 
2020/6/11,195.59 
2020/6/12,195.86 
2020/6/15,195.78 
2020/6/16,195.05 
2020/6/17,194.68 
2020/6/18,194.92 
2020/6/19,194.71 
2020/6/22,194.39 
2020/6/23,194.33 
2020/6/24,194.85 
2020/6/29,195.06 
2020/6/30,195.37 
2020/7/1,195.22 
2020/7/2,195.28 
2020/7/3,194.92 
2020/7/6,193.71 
2020/7/7,193.42 
2020/7/8,192.99 
2020/7/9,192.62 
2020/7/10,192.97 
2020/7/13,192.67 
2020/7/14,193.09 
2020/7/15,193.48 
2020/7/16,193.80 
2020/7/17,193.82 
2020/7/20,193.99 
2020/7/21,194.46 
2020/7/22,194.73 
2020/7/23,194.61 
2020/7/24,195.13 
2020/7/27,195.11 
2020/7/28,194.66 
2020/7/29,194.48 
2020/7/30,194.44 
2020/7/31,194.11 
2020/8/3,194.15 
2020/8/4,194.16 
2020/8/5,193.88 
2020/8/6,193.56 
2020/8/7,193.37 
2020/8/10,193.77 
2020/8/11,193.84 
2020/8/12,193.71 
2020/8/13,193.83 
2020/8/14,194.09 
2020/8/17,194.23 
2020/8/18,194.01 
2020/8/19,193.73 
2020/8/20,193.49 
2020/8/21,193.77 
2020/8/24,193.65 
2020/8/25,193.20 
2020/8/26,193.13 
2020/8/27,193.03 
2020/8/28,192.86 
2020/8/31,193.35 
2020/9/1,193.11 
2020/9/2,192.67 
2020/9/3,192.59 
2020/9/4,192.43 
2020/9/7,192.16 
2020/9/8,192.33 
2020/9/9,192.78 
2020/9/10,192.83 
2020/9/11,192.57 
2020/9/14,192.45 
2020/9/15,192.83 
2020/9/16,192.75 
2020/9/17,192.69 
2020/9/18,192.72 
2020/9/21,192.97 
2020/9/22,193.15 
2020/9/23,193.15 
2020/9/24,193.20 
2020/9/25,192.87 
2020/9/28,193.01 
2020/9/29,192.85 
2020/9/30,192.61 
2020/10/9,192.22 
2020/10/12,192.33 
2020/10/13,192.30 
2020/10/14,192.13 
2020/10/15,192.05 
2020/10/16,192.05 
2020/10/19,192.27 
2020/10/20,192.34 
2020/10/21,192.49 
2020/10/22,192.82 
2020/10/23,192.66 
2020/10/26,192.68 
2020/10/27,192.99 
2020/10/28,192.87 
2020/10/29,192.89 
2020/10/30,192.98 
2020/11/2,193.13 
2020/11/3,193.21 
2020/11/4,193.34 
2020/11/5,193.18 
2020/11/6,192.99 
2020/11/9,192.80 
2020/11/10,192.87 
2020/11/11,192.85 
2020/11/12,192.70 
2020/11/13,192.55 
2020/11/16,192.60 
2020/11/17,192.53 
2020/11/18,192.22 
2020/11/19,191.96 
2020/11/20,192.09 
2020/11/23,192.48 
2020/11/24,192.40 
2020/11/25,192.56 
2020/11/26,192.54 
2020/11/27,192.48 
2020/11/30,193.09 
2020/12/1,192.97 
2020/12/2,192.76 
2020/12/3,192.83 
2020/12/4,193.04 
2020/12/7,193.07 
2020/12/8,193.33 
2020/12/9,193.35 
2020/12/10,193.46 
2020/12/11,193.19 
2020/12/14,193.27 
2020/12/15,193.41 
2020/12/16,193.53 
2020/12/17,193.48 
2020/12/18,193.55 
2020/12/21,193.81 
2020/12/22,194.21 
2020/12/23,194.31 
2020/12/24,194.12 
2020/12/25,194.45 
2020/12/28,194.73 
2020/12/29,194.87 
2020/12/30,195.25 
2020/12/31,195.19 
2021/1/4,194.83 
2021/1/5,195.24 
2021/1/6,195.42 
2021/1/7,195.57 
2021/1/8,195.41 
2021/1/11,195.30 
2021/1/12,195.48 
2021/1/13,195.85 
2021/1/14,195.99 
2021/1/15,195.52 
2021/1/18,195.34 
2021/1/19,195.40 
2021/1/20,195.57 
2021/1/21,195.85 
2021/1/22,195.94 
2021/1/25,195.91 
2021/1/26,195.58 
2021/1/27,195.56 
2021/1/28,195.25 
2021/1/29,195.38 
2021/2/1,195.57 
2021/2/2,195.54 
2021/2/3,195.24 
2021/2/4,195.08 
2021/2/5,195.13 
2021/2/8,195.12 
2021/2/9,195.27 
2021/2/10,195.18 
2021/2/18,194.90 
2021/2/19,195.19 
2021/2/22,195.14 
2021/2/23,195.18 
2021/2/24,195.25 
2021/2/25,195.18 
2021/2/26,195.09 
2021/3/1,195.44 
2021/3/2,195.49 
2021/3/3,195.47 
2021/3/4,195.42 
2021/3/5,195.61 
2021/3/8,195.74 
2021/3/9,195.71 
2021/3/10,195.76 
2021/3/11,195.78 
2021/3/12,195.73 
2021/3/15,195.68 
2021/3/16,195.76 
2021/3/17,195.88 
2021/3/18,195.94 
2021/3/19,196.12 
2021/3/22,196.26 
2021/3/23,196.37 
2021/3/24,196.58 
2021/3/25,196.63 
2021/3/26,196.58 
2021/3/29,196.60 
2021/3/30,196.60 
2021/3/31,196.76 
2021/4/1,196.73 
2021/4/2,196.74 
2021/4/6,196.73 
2021/4/7,196.66 
2021/4/8,196.64 
2021/4/9,196.77 
2021/4/12,196.98 
2021/4/13,197.35 
2021/4/14,197.42 
2021/4/15,197.47 
2021/4/16,197.62 
2021/4/19,197.78 
2021/4/20,197.93 
2021/4/21,198.04 
2021/4/22,198.01 
2021/4/23,197.95 
2021/4/26,197.64 
2021/4/27,197.61 
2021/4/28,197.69 
2021/4/29,197.83 
2021/4/30,198.03 
2021/5/6,198.25 
2021/5/7,198.30 
2021/5/10,198.45 
2021/5/11,198.59 
2021/5/12,198.67 
2021/5/13,198.59 
2021/5/14,198.66 
2021/5/17,198.60 
2021/5/18,198.66 
2021/5/19,198.87 
2021/5/20,199.10 
2021/5/21,199.37 
2021/5/24,199.39 
2021/5/25,199.39 
2021/5/26,199.55 
2021/5/27,199.44 
2021/5/28,199.33 
2021/5/31,199.49 
2021/6/1,199.59 
2021/6/2,199.44 
2021/6/3,199.51 
2021/6/4,199.16 
2021/6/7,198.94 
2021/6/8,198.93 
2021/6/9,198.93 
2021/6/10,199.02 
2021/6/11,198.73 
2021/6/15,198.79 
2021/6/16,198.72 
2021/6/17,198.50 
2021/6/18,198.67 
2021/6/21,199.05 
2021/6/22,199.12 
2021/6/23,199.23 
2021/6/24,199.29 
2021/6/25,199.33 
2021/6/28,199.23 
2021/6/29,199.32 
2021/6/30,199.43 
2021/7/1,199.39 
2021/7/2,199.42 
2021/7/5,199.62 
2021/7/6,199.60 
2021/7/7,199.94 
2021/7/8,200.81 
2021/7/9,200.59 
2021/7/12,201.30 
2021/7/13,201.53 
2021/7/14,201.59 
2021/7/15,201.33 
2021/7/16,201.45 
2021/7/19,201.53 
2021/7/20,201.81 
2021/7/21,201.96 
2021/7/22,201.93 
2021/7/23,202.11 
2021/7/26,202.62 
2021/7/27,202.32 
2021/7/28,202.10 
2021/7/29,202.40 
2021/7/30,202.93 
2021/8/2,203.39 
2021/8/3,203.25 
2021/8/4,203.19 
2021/8/5,203.56 
2021/8/6,203.48 
2021/8/9,202.99 
2021/8/10,202.85 
2021/8/11,202.75 
2021/8/12,202.98 
2021/8/13,202.78 
2021/8/16,202.71 
2021/8/17,202.82 
2021/8/18,203.21 
2021/8/19,203.39 
2021/8/20,203.35 
2021/8/23,203.23 
2021/8/24,203.32 
2021/8/25,203.42 
2021/8/26,203.09 
2021/8/27,203.22 
2021/8/30,203.44 
2021/8/31,203.52 
2021/9/1,203.80 
2021/9/2,203.79 
2021/9/3,203.76 
2021/9/6,203.79 
2021/9/7,203.57 
2021/9/8,203.46 
2021/9/9,203.43 
2021/9/10,203.48 
2021/9/13,203.39 
2021/9/14,203.30 
2021/9/15,203.28 
2021/9/16,203.33 
2021/9/17,203.46 
2021/9/18,203.54 
2021/9/22,203.74 
2021/9/23,203.84 
2021/9/24,203.79 
2021/9/27,203.77 
2021/9/28,203.72 
2021/9/29,203.85 
2021/9/30,203.85 
2021/10/8,203.71 
2021/10/11,203.23 
2021/10/12,203.11 
2021/10/13,203.04 
2021/10/14,203.04 
2021/10/15,202.89 
2021/10/18,202.05 
2021/10/19,202.41 
2021/10/20,202.62 
2021/10/21,202.88 
2021/10/22,202.84 
2021/10/25,202.84 
2021/10/26,202.93 
2021/10/27,203.00 
2021/10/28,203.16 
2021/10/29,203.23 
2021/11/1,203.61 
2021/11/2,203.88 
2021/11/3,203.87 
2021/11/4,204.00 
2021/11/5,204.44 
2021/11/8,204.46 
2021/11/9,204.40 
2021/11/10,204.40 
2021/11/11,204.18 
2021/11/12,204.21 
2021/11/15,204.40 
2021/11/16,204.45 
2021/11/17,204.44 
2021/11/18,204.56 
2021/11/19,204.50 
2021/11/22,204.70 
2021/11/23,204.68 
2021/11/24,204.94 
2021/11/25,204.99 
2021/11/26,205.31 
2021/11/29,205.31 
2021/11/30,205.26 
2021/12/1,205.17 
2021/12/2,205.02 
2021/12/3,204.89 
2021/12/6,205.48 
2021/12/7,205.35 
2021/12/8,205.21 
2021/12/9,205.18 
2021/12/10,205.32 
2021/12/13,205.28 
2021/12/14,205.39 
2021/12/15,205.41 
2021/12/17,205.46 
2021/12/18,205.36 
2021/12/20,205.47 
2021/12/21,205.46 
2021/12/22,205.61 
2021/12/23,205.84 
2021/12/24,205.87 
2021/12/27,206.05 
2021/12/28,206.21 
2021/12/29,206.39 
2021/12/30,206.65 
2021/12/31,206.61 
