日期,美元兑人民币中间价
2009-01-05,6.8367
2009-01-06,6.8384
2009-01-07,6.8389
2009-01-08,6.8375
2009-01-09,6.8363
2009-01-12,6.8382
2009-01-13,6.8395
2009-01-14,6.8399
2009-01-15,6.8392
2009-01-16,6.8383
2009-01-19,6.8360
2009-01-20,6.8385
2009-01-21,6.8396
2009-01-22,6.8373
2009-01-23,6.8380
2009-02-02,6.8397
2009-02-03,6.8398
2009-02-04,6.8348
2009-02-05,6.8360
2009-02-06,6.8371
2009-02-09,6.8346
2009-02-10,6.8330
2009-02-11,6.8337
2009-02-12,6.8327
2009-02-13,6.8334
2009-02-16,6.8343
2009-02-17,6.8352
2009-02-18,6.8363
2009-02-19,6.8369
2009-02-20,6.8357
2009-02-23,6.8337
2009-02-24,6.8358
2009-02-25,6.8361
2009-02-26,6.8371
2009-02-27,6.8379
2009-03-02,6.8389
2009-03-03,6.8392
2009-03-04,6.8395
2009-03-05,6.8365
2009-03-06,6.8370
2009-03-09,6.8355
2009-03-10,6.8358
2009-03-11,6.8347
2009-03-12,6.8339
2009-03-13,6.8334
2009-03-16,6.8349
2009-03-17,6.8327
2009-03-18,6.8319
2009-03-19,6.8301
2009-03-20,6.8293
2009-03-23,6.8304
2009-03-24,6.8301
2009-03-25,6.8328
2009-03-26,6.8321
2009-03-27,6.8317
2009-03-30,6.8340
2009-03-31,6.8359
2009-04-01,6.8349
2009-04-02,6.8341
2009-04-03,6.8320
2009-04-07,6.8340
2009-04-08,6.8370
2009-04-09,6.8358
2009-04-10,6.8347
2009-04-13,6.8332
2009-04-14,6.8296
2009-04-15,6.8293
2009-04-16,6.8301
2009-04-17,6.8311
2009-04-20,6.8329
2009-04-21,6.8342
2009-04-22,6.8306
2009-04-23,6.8295
2009-04-24,6.8273
2009-04-27,6.8253
2009-04-28,6.8274
2009-04-29,6.8265
2009-04-30,6.8250
2009-05-04,6.8225
2009-05-05,6.8201
2009-05-06,6.8232
2009-05-07,6.8230
2009-05-08,6.8221
2009-05-11,6.8220
2009-05-12,6.8242
2009-05-13,6.8235
2009-05-14,6.8250
2009-05-15,6.8247
2009-05-18,6.8267
2009-05-19,6.8260
2009-05-20,6.8251
2009-05-21,6.8245
2009-05-22,6.8239
2009-05-25,6.8235
2009-05-26,6.8285
2009-05-27,6.8324
2009-06-01,6.8317
2009-06-02,6.8309
2009-06-03,6.8302
2009-06-04,6.8325
2009-06-05,6.8334
2009-06-08,6.8365
2009-06-09,6.8366
2009-06-10,6.8336
2009-06-11,6.8348
2009-06-12,6.8325
2009-06-15,6.8343
2009-06-16,6.8368
2009-06-17,6.8340
2009-06-18,6.8321
2009-06-19,6.8338
2009-06-22,6.8328
2009-06-23,6.8339
2009-06-24,6.8316
2009-06-25,6.8331
2009-06-26,6.8328
2009-06-29,6.8316
2009-06-30,6.8319
2009-07-01,6.8325
2009-07-02,6.8309
2009-07-03,6.8333
2009-07-06,6.8330
2009-07-07,6.8326
2009-07-08,6.8336
2009-07-09,6.8325
2009-07-10,6.8313
2009-07-13,6.8320
2009-07-14,6.8332
2009-07-15,6.8328
2009-07-16,6.8315
2009-07-17,6.8310
2009-07-20,6.8321
2009-07-21,6.8311
2009-07-22,6.8309
2009-07-23,6.8307
2009-07-24,6.8318
2009-07-27,6.8316
2009-07-28,6.8310
2009-07-29,6.8314
2009-07-30,6.8335
2009-07-31,6.8323
2009-08-03,6.8310
2009-08-04,6.8303
2009-08-05,6.8306
2009-08-06,6.8304
2009-08-07,6.8316
2009-08-10,6.8346
2009-08-11,6.8352
2009-08-12,6.8351
2009-08-13,6.8343
2009-08-14,6.8328
2009-08-17,6.8333
2009-08-18,6.8339
2009-08-19,6.8329
2009-08-20,6.8318
2009-08-21,6.8313
2009-08-24,6.8309
2009-08-25,6.8311
2009-08-26,6.8313
2009-08-27,6.8320
2009-08-28,6.8309
2009-08-31,6.8312
2009-09-01,6.8308
2009-09-02,6.8316
2009-09-03,6.8307
2009-09-04,6.8310
2009-09-07,6.8305
2009-09-08,6.8300
2009-09-09,6.8292
2009-09-10,6.8288
2009-09-11,6.8282
2009-09-14,6.8280
2009-09-15,6.8284
2009-09-16,6.8281
2009-09-17,6.8272
2009-09-18,6.8271
2009-09-21,6.8280
2009-09-22,6.8289
2009-09-23,6.8271
2009-09-24,6.8280
2009-09-25,6.8287
2009-09-28,6.8279
2009-09-29,6.8288
2009-09-30,6.8290
2009-10-09,6.8270
2009-10-12,6.8275
2009-10-13,6.8270
2009-10-14,6.8269
2009-10-15,6.8267
2009-10-16,6.8270
2009-10-19,6.8275
2009-10-20,6.8273
2009-10-21,6.8278
2009-10-22,6.8272
2009-10-23,6.8275
2009-10-26,6.8280
2009-10-27,6.8284
2009-10-28,6.8283
2009-10-29,6.8285
2009-10-30,6.8281
2009-11-02,6.8282
2009-11-03,6.8279
2009-11-04,6.8280
2009-11-05,6.8277
2009-11-06,6.8276
2009-11-09,6.8273
2009-11-10,6.8268
2009-11-11,6.8267
2009-11-12,6.8268
2009-11-13,6.8273
2009-11-16,6.8272
2009-11-17,6.8271
2009-11-18,6.8275
2009-11-19,6.8274
2009-11-20,6.8278
2009-11-23,6.8279
2009-11-24,6.8276
2009-11-25,6.8275
2009-11-26,6.8268
2009-11-27,6.8269
2009-11-30,6.8272
2009-12-01,6.8270
2009-12-02,6.8268
2009-12-03,6.8270
2009-12-04,6.8272
2009-12-07,6.8278
2009-12-08,6.8277
2009-12-09,6.8279
2009-12-10,6.8276
2009-12-11,6.8277
2009-12-14,6.8279
2009-12-15,6.8278
2009-12-16,6.8280
2009-12-17,6.8281
2009-12-18,6.8284
2009-12-21,6.8283
2009-12-22,6.8285
2009-12-23,6.8287
2009-12-24,6.8285
2009-12-25,6.8283
2009-12-28,6.8282
2009-12-29,6.8282
2009-12-30,6.8283
2009-12-31,6.8282
2010-01-04,6.8281
2010-01-05,6.8278
2010-01-06,6.8277
2010-01-07,6.8276
2010-01-08,6.8279
2010-01-11,6.8275
2010-01-12,6.8274
2010-01-13,6.8273
2010-01-14,6.8272
2010-01-15,6.8271
2010-01-18,6.8272
2010-01-19,6.8270
2010-01-20,6.8273
2010-01-21,6.8272
2010-01-22,6.8271
2010-01-25,6.8270
2010-01-26,6.8269
2010-01-27,6.8270
2010-01-28,6.8271
2010-01-29,6.8270
2010-02-01,6.8271
2010-02-02,6.8271
2010-02-03,6.8269
2010-02-04,6.8270
2010-02-05,6.8272
2010-02-08,6.8273
2010-02-09,6.8271
2010-02-10,6.8269
2010-02-11,6.8270
2010-02-12,6.8269
2010-02-22,6.8271
2010-02-23,6.8270
2010-02-24,6.8271
2010-02-25,6.8270
2010-02-26,6.8269
2010-03-01,6.8267
2010-03-02,6.8268
2010-03-03,6.8266
2010-03-04,6.8265
2010-03-05,6.8266
2010-03-08,6.8266
2010-03-09,6.8265
2010-03-10,6.8264
2010-03-11,6.8263
2010-03-12,6.8262
2010-03-15,6.8261
2010-03-16,6.8263
2010-03-17,6.8262
2010-03-18,6.8262
2010-03-19,6.8263
2010-03-22,6.8264
2010-03-23,6.8263
2010-03-24,6.8264
2010-03-25,6.8266
2010-03-26,6.8268
2010-03-29,6.8266
2010-03-30,6.8264
2010-03-31,6.8263
2010-04-01,6.8261
2010-04-02,6.8260
2010-04-06,6.8260
2010-04-07,6.8259
2010-04-08,6.8259
2010-04-09,6.8260
2010-04-12,6.8259
2010-04-13,6.8260
2010-04-14,6.8261
2010-04-15,6.8260
2010-04-16,6.8261
2010-04-19,6.8262
2010-04-20,6.8263
2010-04-21,6.8264
2010-04-22,6.8263
2010-04-23,6.8264
2010-04-26,6.8263
2010-04-27,6.8262
2010-04-28,6.8264
2010-04-29,6.8265
2010-04-30,6.8263
2010-05-04,6.8265
2010-05-05,6.8267
2010-05-06,6.8269
2010-05-07,6.8271
2010-05-10,6.8269
2010-05-11,6.8270
2010-05-12,6.8271
2010-05-13,6.8272
2010-05-14,6.8273
2010-05-17,6.8275
2010-05-18,6.8276
2010-05-19,6.8278
2010-05-20,6.8277
2010-05-21,6.8276
2010-05-24,6.8277
2010-05-25,6.8279
2010-05-26,6.8280
2010-05-27,6.8281
2010-05-28,6.8279
2010-05-31,6.8280
2010-06-01,6.8279
2010-06-02,6.8281
2010-06-03,6.8280
2010-06-04,6.8281
2010-06-07,6.8283
2010-06-08,6.8284
2010-06-09,6.8282
2010-06-10,6.8281
2010-06-11,6.8279
2010-06-17,6.8277
2010-06-18,6.8275
2010-06-21,6.8275
2010-06-22,6.7980
2010-06-23,6.8102
2010-06-24,6.8100
2010-06-25,6.7896
2010-06-28,6.7890
2010-06-29,6.7901
2010-06-30,6.7909
2010-07-01,6.7858
2010-07-02,6.7720
2010-07-05,6.7733
2010-07-06,6.7790
2010-07-07,6.7781
2010-07-08,6.7768
2010-07-09,6.7753
2010-07-12,6.7718
2010-07-13,6.7802
2010-07-14,6.7755
2010-07-15,6.7741
2010-07-16,6.7718
2010-07-19,6.7800
2010-07-20,6.7812
2010-07-21,6.7802
2010-07-22,6.7859
2010-07-23,6.7790
2010-07-26,6.7778
2010-07-27,6.7742
2010-07-28,6.7785
2010-07-29,6.7787
2010-07-30,6.7750
2010-08-02,6.7742
2010-08-03,6.7722
2010-08-04,6.7715
2010-08-05,6.7783
2010-08-06,6.7730
2010-08-09,6.7685
2010-08-10,6.7745
2010-08-11,6.7768
2010-08-12,6.8015
2010-08-13,6.8035
2010-08-16,6.8064
2010-08-17,6.7979
2010-08-18,6.7895
2010-08-19,6.7898
2010-08-20,6.7884
2010-08-23,6.7989
2010-08-24,6.7999
2010-08-25,6.8007
2010-08-26,6.8041
2010-08-27,6.8001
2010-08-30,6.8025
2010-08-31,6.8105
2010-09-01,6.8126
2010-09-02,6.8003
2010-09-03,6.7973
2010-09-06,6.7838
2010-09-07,6.7799
2010-09-08,6.7907
2010-09-09,6.7817
2010-09-10,6.7625
2010-09-13,6.7509
2010-09-14,6.7378
2010-09-15,6.7250
2010-09-16,6.7181
2010-09-17,6.7172
2010-09-20,6.7110
2010-09-21,6.6997
2010-09-27,6.7098
2010-09-28,6.7051
2010-09-29,6.6936
2010-09-30,6.7011
2010-10-08,6.6830
2010-10-11,6.6732
2010-10-12,6.6775
2010-10-13,6.6693
2010-10-14,6.6582
2010-10-15,6.6497
2010-10-18,6.6541
2010-10-19,6.6553
2010-10-20,6.6754
2010-10-21,6.6695
2010-10-22,6.6759
2010-10-25,6.6729
2010-10-26,6.6762
2010-10-27,6.6912
2010-10-28,6.6986
2010-10-29,6.6908
2010-11-01,6.6886
2010-11-02,6.6925
2010-11-03,6.6818
2010-11-04,6.6708
2010-11-05,6.6610
2010-11-08,6.6692
2010-11-09,6.6580
2010-11-10,6.6450
2010-11-11,6.6242
2010-11-12,6.6239
2010-11-15,6.6303
2010-11-16,6.6441
2010-11-17,6.6490
2010-11-18,6.6455
2010-11-19,6.6408
2010-11-22,6.6389
2010-11-23,6.6469
2010-11-24,6.6589
2010-11-25,6.6557
2010-11-26,6.6553
2010-11-29,6.6700
2010-11-30,6.6762
2010-12-01,6.6786
2010-12-02,6.6691
2010-12-03,6.6605
2010-12-06,6.6515
2010-12-07,6.6565
2010-12-08,6.6616
2010-12-09,6.6654
2010-12-10,6.6604
2010-12-13,6.6630
2010-12-14,6.6531
2010-12-15,6.6566
2010-12-16,6.6635
2010-12-17,6.6593
2010-12-20,6.6623
2010-12-21,6.6597
2010-12-22,6.6548
2010-12-23,6.6466
2010-12-24,6.6371
2010-12-27,6.6305
2010-12-28,6.6252
2010-12-29,6.6247
2010-12-30,6.6229
2010-12-31,6.6227
2011-01-04,6.6215
2011-01-05,6.6295
2011-01-06,6.6322
2011-01-07,6.6341
2011-01-10,6.6349
2011-01-11,6.6216
2011-01-12,6.6128
2011-01-13,6.5997
2011-01-14,6.5896
2011-01-17,6.5897
2011-01-18,6.5891
2011-01-19,6.5885
2011-01-20,6.5883
2011-01-21,6.5886
2011-01-24,6.5883
2011-01-25,6.5881
2011-01-26,6.5878
2011-01-27,6.5876
2011-01-28,6.5930
2011-01-31,6.5891
2011-02-01,6.5860
2011-02-09,6.5850
2011-02-10,6.5849
2011-02-11,6.5952
2011-02-14,6.5985
2011-02-15,6.5929
2011-02-16,6.5855
2011-02-17,6.5800
2011-02-18,6.5781
2011-02-21,6.5705
2011-02-22,6.5772
2011-02-23,6.5828
2011-02-24,6.5795
2011-02-25,6.5757
2011-02-28,6.5752
2011-03-01,6.5706
2011-03-02,6.5736
2011-03-03,6.5695
2011-03-04,6.5671
2011-03-07,6.5651
2011-03-08,6.5687
2011-03-09,6.5748
2011-03-10,6.5713
2011-03-11,6.5750
2011-03-14,6.5701
2011-03-15,6.5679
2011-03-16,6.5718
2011-03-17,6.5690
2011-03-18,6.5668
2011-03-21,6.5632
2011-03-22,6.5592
2011-03-23,6.5601
2011-03-24,6.5625
2011-03-25,6.5580
2011-03-28,6.5618
2011-03-29,6.5625
2011-03-30,6.5586
2011-03-31,6.5564
2011-04-01,6.5527
2011-04-06,6.5496
2011-04-07,6.5456
2011-04-08,6.5420
2011-04-11,6.5401
2011-04-12,6.5440
2011-04-13,6.5369
2011-04-14,6.5339
2011-04-15,6.5301
2011-04-18,6.5310
2011-04-19,6.5346
2011-04-20,6.5294
2011-04-21,6.5228
2011-04-22,6.5156
2011-04-25,6.5161
2011-04-26,6.5173
2011-04-27,6.5096
2011-04-28,6.5051
2011-04-29,6.4990
2011-05-03,6.5002
2011-05-04,6.5013
2011-05-05,6.5025
2011-05-06,6.5003
2011-05-09,6.4988
2011-05-10,6.4950
2011-05-11,6.4948
2011-05-12,6.5005
2011-05-13,6.5017
2011-05-16,6.5089
2011-05-17,6.5108
2011-05-18,6.5074
2011-05-19,6.5048
2011-05-20,6.4983
2011-05-23,6.4998
2011-05-24,6.5038
2011-05-25,6.4949
2011-05-26,6.4921
2011-05-27,6.4898
2011-05-30,6.4856
2011-05-31,6.4845
2011-06-01,6.4837
2011-06-02,6.4886
2011-06-03,6.4846
2011-06-07,6.4816
2011-06-08,6.4795
2011-06-09,6.4830
2011-06-10,6.4853
2011-06-13,6.4892
2011-06-14,6.4822
2011-06-15,6.4796
2011-06-16,6.4803
2011-06-17,6.4716
2011-06-20,6.4696
2011-06-21,6.4690
2011-06-22,6.4683
2011-06-23,6.4736
2011-06-24,6.4742
2011-06-27,6.4750
2011-06-28,6.4723
2011-06-29,6.4718
2011-06-30,6.4716
2011-07-01,6.4685
2011-07-04,6.4661
2011-07-05,6.4650
2011-07-06,6.4715
2011-07-07,6.4732
2011-07-08,6.4705
2011-07-11,6.4709
2011-07-12,6.4748
2011-07-13,6.4728
2011-07-14,6.4640
2011-07-15,6.4665
2011-07-18,6.4680
2011-07-19,6.4684
2011-07-20,6.4592
2011-07-21,6.4536
2011-07-22,6.4495
2011-07-25,6.4503
2011-07-26,6.4470
2011-07-27,6.4426
2011-07-28,6.4438
2011-07-29,6.4442
2011-08-01,6.4399
2011-08-02,6.4419
2011-08-03,6.4441
2011-08-04,6.4386
2011-08-05,6.4451
2011-08-08,6.4305
2011-08-09,6.4335
2011-08-10,6.4167
2011-08-11,6.3991
2011-08-12,6.3972
2011-08-15,6.3950
2011-08-16,6.3925
2011-08-17,6.3996
2011-08-18,6.3942
2011-08-19,6.4032
2011-08-22,6.3997
2011-08-23,6.3987
2011-08-24,6.3896
2011-08-25,6.3936
2011-08-26,6.3950
2011-08-29,6.3883
2011-08-30,6.3849
2011-08-31,6.3867
2011-09-01,6.3859
2011-09-02,6.3896
2011-09-05,6.3926
2011-09-06,6.3946
2011-09-07,6.3968
2011-09-08,6.3889
2011-09-09,6.3922
2011-09-13,6.3982
2011-09-14,6.3945
2011-09-15,6.3878
2011-09-16,6.3797
2011-09-19,6.3848
2011-09-20,6.3880
2011-09-21,6.3772
2011-09-22,6.3808
2011-09-23,6.3840
2011-09-26,6.3735
2011-09-27,6.3760
2011-09-28,6.3623
2011-09-29,6.3665
2011-09-30,6.3549
2011-10-10,6.3586
2011-10-11,6.3483
2011-10-12,6.3598
2011-10-13,6.3737
2011-10-14,6.3762
2011-10-17,6.3710
2011-10-18,6.3749
2011-10-19,6.3727
2011-10-20,6.3652
2011-10-21,6.3628
2011-10-24,6.3549
2011-10-25,6.3425
2011-10-26,6.3456
2011-10-27,6.3477
2011-10-28,6.3290
2011-10-31,6.3233
2011-11-01,6.3293
2011-11-02,6.3297
2011-11-03,6.3198
2011-11-04,6.3165
2011-11-07,6.3212
2011-11-08,6.3247
2011-11-09,6.3207
2011-11-10,6.3329
2011-11-11,6.3317
2011-11-14,6.3301
2011-11-15,6.3436
2011-11-16,6.3509
2011-11-17,6.3553
2011-11-18,6.3548
2011-11-21,6.3522
2011-11-22,6.3555
2011-11-23,6.3498
2011-11-24,6.3570
2011-11-25,6.3554
2011-11-28,6.3585
2011-11-29,6.3587
2011-11-30,6.3482
2011-12-01,6.3353
2011-12-02,6.3310
2011-12-05,6.3349
2011-12-06,6.3334
2011-12-07,6.3342
2011-12-08,6.3319
2011-12-09,6.3352
2011-12-12,6.3297
2011-12-13,6.3359
2011-12-14,6.3396
2011-12-15,6.3421
2011-12-16,6.3352
2011-12-19,6.3303
2011-12-20,6.3351
2011-12-21,6.3248
2011-12-22,6.3253
2011-12-23,6.3209
2011-12-26,6.3167
2011-12-27,6.3152
2011-12-28,6.3146
2011-12-29,6.3157
2011-12-30,6.3009
2012-01-04,6.3001
2012-01-05,6.3115
2012-01-06,6.3166
2012-01-09,6.3236
2012-01-10,6.3171
2012-01-11,6.3155
2012-01-12,6.3230
2012-01-13,6.3201
2012-01-16,6.3306
2012-01-17,6.3250
2012-01-18,6.3205
2012-01-19,6.3173
2012-01-20,6.3138
2012-01-30,6.3056
2012-01-31,6.3115
2012-02-01,6.3103
2012-02-02,6.3075
2012-02-03,6.3102
2012-02-06,6.3108
2012-02-07,6.3116
2012-02-08,6.3027
2012-02-09,6.3009
2012-02-10,6.2937
2012-02-13,6.2939
2012-02-14,6.2947
2012-02-15,6.2958
2012-02-16,6.2991
2012-02-17,6.2951
2012-02-20,6.2938
2012-02-21,6.2960
2012-02-22,6.2988
2012-02-23,6.3031
2012-02-24,6.2965
2012-02-27,6.2985
2012-02-28,6.2961
2012-02-29,6.2919
2012-03-01,6.3016
2012-03-02,6.2980
2012-03-05,6.3121
2012-03-06,6.3141
2012-03-07,6.3213
2012-03-08,6.3235
2012-03-09,6.3073
2012-03-12,6.3282
2012-03-13,6.3259
2012-03-14,6.3328
2012-03-15,6.3359
2012-03-16,6.3200
2012-03-19,6.3082
2012-03-20,6.3029
2012-03-21,6.3092
2012-03-22,6.3004
2012-03-23,6.2891
2012-03-26,6.2858
2012-03-27,6.2840
2012-03-28,6.2912
2012-03-29,6.2932
2012-03-30,6.2943
2012-04-05,6.3035
2012-04-06,6.3072
2012-04-09,6.3021
2012-04-10,6.3048
2012-04-11,6.3018
2012-04-12,6.2984
2012-04-13,6.2879
2012-04-16,6.2960
2012-04-17,6.2896
2012-04-18,6.2948
2012-04-19,6.3004
2012-04-20,6.3042
2012-04-23,6.2970
2012-04-24,6.3003
2012-04-25,6.2923
2012-04-26,6.2829
2012-04-27,6.2787
2012-05-02,6.2670
2012-05-03,6.2697
2012-05-04,6.2721
2012-05-07,6.2858
2012-05-08,6.2804
2012-05-09,6.2865
2012-05-10,6.2941
2012-05-11,6.2952
2012-05-14,6.3040
2012-05-15,6.3110
2012-05-16,6.3205
2012-05-17,6.3233
2012-05-18,6.3209
2012-05-21,6.3116
2012-05-22,6.3077
2012-05-23,6.3208
2012-05-24,6.3247
2012-05-25,6.3260
2012-05-28,6.3236
2012-05-29,6.3262
2012-05-30,6.3297
2012-05-31,6.3355
2012-06-01,6.3308
2012-06-04,6.3276
2012-06-05,6.3225
2012-06-06,6.3261
2012-06-07,6.3170
2012-06-08,6.3188
2012-06-11,6.3169
2012-06-12,6.3292
2012-06-13,6.3271
2012-06-14,6.3191
2012-06-15,6.3089
2012-06-18,6.3005
2012-06-19,6.3016
2012-06-20,6.3004
2012-06-21,6.3040
2012-06-25,6.3230
2012-06-26,6.3211
2012-06-27,6.3173
2012-06-28,6.3190
2012-06-29,6.3249
2012-07-02,6.3146
2012-07-03,6.3178
2012-07-04,6.3121
2012-07-05,6.3193
2012-07-06,6.3249
2012-07-09,6.3293
2012-07-10,6.3195
2012-07-11,6.3209
2012-07-12,6.3215
2012-07-13,6.3247
2012-07-16,6.3208
2012-07-17,6.3167
2012-07-18,6.3140
2012-07-19,6.3126
2012-07-20,6.3112
2012-07-23,6.3270
2012-07-24,6.3339
2012-07-25,6.3429
2012-07-26,6.3381
2012-07-27,6.3325
2012-07-30,6.3303
2012-07-31,6.3320
2012-08-01,6.3305
2012-08-02,6.3392
2012-08-03,6.3421
2012-08-06,6.3353
2012-08-07,6.3332
2012-08-08,6.3378
2012-08-09,6.3387
2012-08-10,6.3447
2012-08-13,6.3456
2012-08-14,6.3443
2012-08-15,6.3482
2012-08-16,6.3495
2012-08-17,6.3449
2012-08-20,6.3478
2012-08-21,6.3418
2012-08-22,6.3348
2012-08-23,6.3316
2012-08-24,6.3305
2012-08-27,6.3392
2012-08-28,6.3411
2012-08-29,6.3391
2012-08-30,6.3435
2012-08-31,6.3449
2012-09-03,6.3415
2012-09-04,6.3402
2012-09-05,6.3460
2012-09-06,6.3439
2012-09-07,6.3412
2012-09-10,6.3375
2012-09-11,6.3391
2012-09-12,6.3355
2012-09-13,6.3338
2012-09-14,6.3317
2012-09-17,6.3295
2012-09-18,6.3353
2012-09-19,6.3392
2012-09-20,6.3380
2012-09-21,6.3426
2012-09-24,6.3411
2012-09-25,6.3430
2012-09-26,6.3443
2012-09-27,6.3459
2012-09-28,6.3410
2012-10-08,6.3426
2012-10-09,6.3441
2012-10-10,6.3449
2012-10-11,6.3391
2012-10-12,6.3264
2012-10-15,6.3112
2012-10-16,6.3106
2012-10-17,6.3028
2012-10-18,6.3021
2012-10-19,6.3052
2012-10-22,6.3071
2012-10-23,6.3078
2012-10-24,6.3081
2012-10-25,6.3047
2012-10-26,6.3010
2012-10-29,6.2992
2012-10-30,6.3028
2012-10-31,6.3002
2012-11-01,6.3017
2012-11-02,6.3045
2012-11-05,6.3082
2012-11-06,6.3078
2012-11-07,6.3067
2012-11-08,6.3060
2012-11-09,6.3012
2012-11-12,6.2920
2012-11-13,6.2891
2012-11-14,6.2881
2012-11-15,6.2905
2012-11-16,6.2945
2012-11-19,6.2975
2012-11-20,6.2926
2012-11-21,6.2908
2012-11-22,6.2918
2012-11-23,6.2906
2012-11-26,6.2884
2012-11-27,6.2852
2012-11-28,6.2902
2012-11-29,6.2910
2012-11-30,6.2892
2012-12-03,6.2908
2012-12-04,6.2885
2012-12-05,6.2871
2012-12-06,6.2911
2012-12-07,6.2930
2012-12-10,6.2922
2012-12-11,6.2906
2012-12-12,6.2883
2012-12-13,6.2887
2012-12-14,6.2923
2012-12-17,6.2892
2012-12-18,6.2880
2012-12-19,6.2865
2012-12-20,6.2877
2012-12-21,6.2881
2012-12-24,6.2913
2012-12-25,6.2931
2012-12-26,6.2943
2012-12-27,6.2949
2012-12-28,6.2896
2012-12-31,6.2855
2013-01-04,6.2897
2013-01-07,6.2872
2013-01-08,6.2804
2013-01-09,6.2814
2013-01-10,6.2793
2013-01-11,6.2712
2013-01-14,6.2695
2013-01-15,6.2691
2013-01-16,6.2745
2013-01-17,6.2767
2013-01-18,6.2752
2013-01-21,6.2790
2013-01-22,6.2796
2013-01-23,6.2762
2013-01-24,6.2783
2013-01-25,6.2805
2013-01-28,6.2818
2013-01-29,6.2851
2013-01-30,6.2806
2013-01-31,6.2795
2013-02-01,6.2819
2013-02-04,6.2860
2013-02-05,6.2850
2013-02-06,6.2881
2013-02-07,6.2898
2013-02-08,6.2793
2013-02-18,6.2816
2013-02-19,6.2821
2013-02-20,6.2804
2013-02-21,6.2846
2013-02-22,6.2871
2013-02-25,6.2892
2013-02-26,6.2856
2013-02-27,6.2842
2013-02-28,6.2779
2013-03-01,6.2798
2013-03-04,6.2822
2013-03-05,6.2797
2013-03-06,6.2745
2013-03-07,6.2785
2013-03-08,6.2719
2013-03-11,6.2769
2013-03-12,6.2746
2013-03-13,6.2726
2013-03-14,6.2752
2013-03-15,6.2723
2013-03-18,6.2741
2013-03-19,6.2758
2013-03-20,6.2716
2013-03-21,6.2731
2013-03-22,6.2711
2013-03-25,6.2692
2013-03-26,6.2715
2013-03-27,6.2727
2013-03-28,6.2742
2013-03-29,6.2689
2013-04-01,6.2674
2013-04-02,6.2586
2013-04-03,6.2609
2013-04-08,6.2650
2013-04-09,6.2639
2013-04-10,6.2548
2013-04-11,6.2578
2013-04-12,6.2506
2013-04-15,6.2454
2013-04-16,6.2408
2013-04-17,6.2342
2013-04-18,6.2416
2013-04-19,6.2395
2013-04-22,6.2415
2013-04-23,6.2360
2013-04-24,6.2384
2013-04-25,6.2300
2013-04-26,6.2208
2013-05-02,6.2082
2013-05-03,6.2152
2013-05-06,6.2114
2013-05-07,6.2083
2013-05-08,6.1980
2013-05-09,6.1925
2013-05-10,6.2016
2013-05-13,6.2072
2013-05-14,6.2035
2013-05-15,6.2070
2013-05-16,6.2096
2013-05-17,6.1997
2013-05-20,6.1998
2013-05-21,6.1911
2013-05-22,6.1904
2013-05-23,6.1947
2013-05-24,6.1867
2013-05-27,6.1811
2013-05-28,6.1818
2013-05-29,6.1856
2013-05-30,6.1820
2013-05-31,6.1796
2013-06-03,6.1806
2013-06-04,6.1735
2013-06-05,6.1757
2013-06-06,6.1737
2013-06-07,6.1620
2013-06-13,6.1612
2013-06-14,6.1607
2013-06-17,6.1598
2013-06-18,6.1651
2013-06-19,6.1677
2013-06-20,6.1698
2013-06-21,6.1766
2013-06-24,6.1807
2013-06-25,6.1767
2013-06-26,6.1779
2013-06-27,6.1797
2013-06-28,6.1787
2013-07-01,6.1805
2013-07-02,6.1773
2013-07-03,6.1803
2013-07-04,6.1755
2013-07-05,6.1790
2013-07-08,6.1807
2013-07-09,6.1730
2013-07-10,6.1652
2013-07-11,6.1599
2013-07-12,6.1631
2013-07-15,6.1663
2013-07-16,6.1692
2013-07-17,6.1652
2013-07-18,6.1720
2013-07-19,6.1751
2013-07-22,6.1721
2013-07-23,6.1702
2013-07-24,6.1695
2013-07-25,6.1759
2013-07-26,6.1720
2013-07-29,6.1705
2013-07-30,6.1770
2013-07-31,6.1788
2013-08-01,6.1778
2013-08-02,6.1817
2013-08-05,6.1767
2013-08-06,6.1753
2013-08-07,6.1726
2013-08-08,6.1703
2013-08-09,6.1668
2013-08-12,6.1665
2013-08-13,6.1705
2013-08-14,6.1720
2013-08-15,6.1696
2013-08-16,6.1666
2013-08-19,6.1690
2013-08-20,6.1697
2013-08-21,6.1675
2013-08-22,6.1698
2013-08-23,6.1710
2013-08-26,6.1680
2013-08-27,6.1688
2013-08-28,6.1667
2013-08-29,6.1690
2013-08-30,6.1709
2013-09-02,6.1702
2013-09-03,6.1718
2013-09-04,6.1729
2013-09-05,6.1696
2013-09-06,6.1728
2013-09-09,6.1642
2013-09-10,6.1612
2013-09-11,6.1601
2013-09-12,6.1575
2013-09-13,6.1578
2013-09-16,6.1554
2013-09-17,6.1571
2013-09-18,6.1557
2013-09-23,6.1475
2013-09-24,6.1485
2013-09-25,6.1497
2013-09-26,6.1477
2013-09-27,6.1495
2013-09-30,6.1480
2013-10-08,6.1415
2013-10-09,6.1430
2013-10-10,6.1452
2013-10-11,6.1458
2013-10-14,6.1406
2013-10-15,6.1412
2013-10-16,6.1408
2013-10-17,6.1431
2013-10-18,6.1372
2013-10-21,6.1352
2013-10-22,6.1395
2013-10-23,6.1330
2013-10-24,6.1335
2013-10-25,6.1333
2013-10-28,6.1336
2013-10-29,6.1373
2013-10-30,6.1412
2013-10-31,6.1425
2013-11-01,6.1452
2013-11-04,6.1482
2013-11-05,6.1447
2013-11-06,6.1475
2013-11-07,6.1450
2013-11-08,6.1355
2013-11-11,6.1390
2013-11-12,6.1360
2013-11-13,6.1342
2013-11-14,6.1315
2013-11-15,6.1351
2013-11-18,6.1332
2013-11-19,6.1317
2013-11-20,6.1305
2013-11-21,6.1366
2013-11-22,6.1380
2013-11-25,6.1342
2013-11-26,6.1357
2013-11-27,6.1330
2013-11-28,6.1343
2013-11-29,6.1325
2013-12-02,6.1329
2013-12-03,6.1352
2013-12-04,6.1300
2013-12-05,6.1310
2013-12-06,6.1232
2013-12-09,6.1130
2013-12-10,6.1114
2013-12-11,6.1100
2013-12-12,6.1115
2013-12-13,6.1148
2013-12-16,6.1124
2013-12-17,6.1108
2013-12-18,6.1105
2013-12-19,6.1183
2013-12-20,6.1196
2013-12-23,6.1161
2013-12-24,6.1145
2013-12-25,6.1160
2013-12-26,6.1156
2013-12-27,6.1050
2013-12-30,6.1024
2013-12-31,6.0969
2014-01-02,6.0990
2014-01-03,6.1039
2014-01-06,6.1059
2014-01-07,6.1042
2014-01-08,6.1079
2014-01-09,6.1109
2014-01-10,6.1008
2014-01-13,6.0950
2014-01-14,6.0930
2014-01-15,6.1005
2014-01-16,6.1065
2014-01-17,6.1041
2014-01-20,6.1083
2014-01-21,6.1066
2014-01-22,6.1087
2014-01-23,6.1107
2014-01-24,6.1035
2014-01-27,6.1022
2014-01-28,6.1053
2014-01-29,6.1073
2014-01-30,6.1050
2014-02-07,6.1089
2014-02-10,6.1083
2014-02-11,6.1069
2014-02-12,6.1078
2014-02-13,6.1100
2014-02-14,6.1070
2014-02-17,6.1053
2014-02-18,6.1073
2014-02-19,6.1103
2014-02-20,6.1146
2014-02-21,6.1176
2014-02-24,6.1189
2014-02-25,6.1184
2014-02-26,6.1192
2014-02-27,6.1224
2014-02-28,6.1214
2014-03-03,6.1190
2014-03-04,6.1236
2014-03-05,6.1257
2014-03-06,6.1249
2014-03-07,6.1201
2014-03-10,6.1312
2014-03-11,6.1327
2014-03-12,6.1343
2014-03-13,6.1320
2014-03-14,6.1346
2014-03-17,6.1321
2014-03-18,6.1341
2014-03-19,6.1351
2014-03-20,6.1460
2014-03-21,6.1475
2014-03-24,6.1452
2014-03-25,6.1426
2014-03-26,6.1440
2014-03-27,6.1465
2014-03-28,6.1490
2014-03-31,6.1521
2014-04-01,6.1503
2014-04-02,6.1493
2014-04-03,6.1520
2014-04-04,6.1557
2014-04-08,6.1527
2014-04-09,6.1490
2014-04-10,6.1510
2014-04-11,6.1495
2014-04-14,6.1531
2014-04-15,6.1571
2014-04-16,6.1589
2014-04-17,6.1575
2014-04-18,6.1586
2014-04-21,6.1591
2014-04-22,6.1610
2014-04-23,6.1599
2014-04-24,6.1589
2014-04-25,6.1576
2014-04-28,6.1565
2014-04-29,6.1556
2014-04-30,6.1580
2014-05-05,6.1560
2014-05-06,6.1565
2014-05-07,6.1542
2014-05-08,6.1557
2014-05-09,6.1581
2014-05-12,6.1625
2014-05-13,6.1636
2014-05-14,6.1653
2014-05-15,6.1640
2014-05-16,6.1628
2014-05-19,6.1636
2014-05-20,6.1626
2014-05-21,6.1645
2014-05-22,6.1658
2014-05-23,6.1681
2014-05-26,6.1699
2014-05-27,6.1687
2014-05-28,6.1694
2014-05-29,6.1705
2014-05-30,6.1695
2014-06-03,6.1710
2014-06-04,6.1693
2014-06-05,6.1708
2014-06-06,6.1623
2014-06-09,6.1485
2014-06-10,6.1451
2014-06-11,6.1506
2014-06-12,6.1516
2014-06-13,6.1503
2014-06-16,6.1537
2014-06-17,6.1529
2014-06-18,6.1559
2014-06-19,6.1531
2014-06-20,6.1524
2014-06-23,6.1557
2014-06-24,6.1545
2014-06-25,6.1555
2014-06-26,6.1538
2014-06-27,6.1543
2014-06-30,6.1528
2014-07-01,6.1523
2014-07-02,6.1549
2014-07-03,6.1581
2014-07-04,6.1642
2014-07-07,6.1658
2014-07-08,6.1626
2014-07-09,6.1565
2014-07-10,6.1443
2014-07-11,6.1469
2014-07-14,6.1485
2014-07-15,6.1490
2014-07-16,6.1535
2014-07-17,6.1564
2014-07-18,6.1568
2014-07-21,6.1547
2014-07-22,6.1544
2014-07-23,6.1572
2014-07-24,6.1579
2014-07-25,6.1597
2014-07-28,6.1622
2014-07-29,6.1615
2014-07-30,6.1645
2014-07-31,6.1675
2014-08-01,6.1681
2014-08-04,6.1661
2014-08-05,6.1655
2014-08-06,6.1681
2014-08-07,6.1670
2014-08-08,6.1562
2014-08-11,6.1522
2014-08-12,6.1517
2014-08-13,6.1533
2014-08-14,6.1545
2014-08-15,6.1538
2014-08-18,6.1528
2014-08-19,6.1548
2014-08-20,6.1580
2014-08-21,6.1632
2014-08-22,6.1617
2014-08-25,6.1653
2014-08-26,6.1663
2014-08-27,6.1658
2014-08-28,6.1638
2014-08-29,6.1647
2014-09-01,6.1680
2014-09-02,6.1684
2014-09-03,6.1697
2014-09-04,6.1666
2014-09-05,6.1707
2014-09-09,6.1520
2014-09-10,6.1425
2014-09-11,6.1453
2014-09-12,6.1468
2014-09-15,6.1452
2014-09-16,6.1462
2014-09-17,6.1450
2014-09-18,6.1490
2014-09-19,6.1455
2014-09-22,6.1485
2014-09-23,6.1470
2014-09-24,6.1462
2014-09-25,6.1497
2014-09-26,6.1508
2014-09-29,6.1539
2014-09-30,6.1525
2014-10-08,6.1493
2014-10-09,6.1461
2014-10-10,6.1470
2014-10-13,6.1446
2014-10-14,6.1408
2014-10-15,6.1455
2014-10-16,6.1395
2014-10-17,6.1407
2014-10-20,6.1435
2014-10-21,6.1410
2014-10-22,6.1437
2014-10-23,6.1459
2014-10-24,6.1467
2014-10-27,6.1446
2014-10-28,6.1421
2014-10-29,6.1405
2014-10-30,6.1457
2014-10-31,6.1461
2014-11-03,6.1525
2014-11-04,6.1543
2014-11-05,6.1503
2014-11-06,6.1565
2014-11-07,6.1602
2014-11-10,6.1377
2014-11-11,6.1413
2014-11-12,6.1428
2014-11-13,6.1418
2014-11-14,6.1399
2014-11-17,6.1409
2014-11-18,6.1430
2014-11-19,6.1397
2014-11-20,6.1417
2014-11-21,6.1387
2014-11-24,6.1420
2014-11-25,6.1390
2014-11-26,6.1354
2014-11-27,6.1320
2014-11-28,6.1345
2014-12-01,6.1369
2014-12-02,6.1325
2014-12-03,6.1376
2014-12-04,6.1411
2014-12-05,6.1373
2014-12-08,6.1282
2014-12-09,6.1231
2014-12-10,6.1195
2014-12-11,6.1153
2014-12-12,6.1184
2014-12-15,6.1152
2014-12-16,6.1182
2014-12-17,6.1137
2014-12-18,6.1195
2014-12-19,6.1205
2014-12-22,6.1220
2014-12-23,6.1230
2014-12-24,6.1247
2014-12-25,6.1213
2014-12-26,6.1186
2014-12-29,6.1205
2014-12-30,6.1224
2014-12-31,6.1190
2015-01-05,6.1248
2015-01-06,6.1256
2015-01-07,6.1269
2015-01-08,6.1302
2015-01-09,6.1296
2015-01-12,6.1233
2015-01-13,6.1195
2015-01-14,6.1205
2015-01-15,6.1193
2015-01-16,6.1188
2015-01-19,6.1230
2015-01-20,6.1226
2015-01-21,6.1268
2015-01-22,6.1247
2015-01-23,6.1342
2015-01-26,6.1384
2015-01-27,6.1364
2015-01-28,6.1282
2015-01-29,6.1335
2015-01-30,6.1370
2015-02-02,6.1385
2015-02-03,6.1369
2015-02-04,6.1318
2015-02-05,6.1366
2015-02-06,6.1261
2015-02-09,6.1311
2015-02-10,6.1295
2015-02-11,6.1315
2015-02-12,6.1333
2015-02-13,6.1288
2015-02-16,6.1273
2015-02-17,6.1330
2015-02-25,6.1384
2015-02-26,6.1379
2015-02-27,6.1475
2015-03-02,6.1513
2015-03-03,6.1543
2015-03-04,6.1525
2015-03-05,6.1528
2015-03-06,6.1533
2015-03-09,6.1563
2015-03-10,6.1572
2015-03-11,6.1597
2015-03-12,6.1617
2015-03-13,6.1588
2015-03-16,6.1615
2015-03-17,6.1585
2015-03-18,6.1556
2015-03-19,6.1460
2015-03-20,6.1496
2015-03-23,6.1448
2015-03-24,6.1398
2015-03-25,6.1410
2015-03-26,6.1375
2015-03-27,6.1397
2015-03-30,6.1402
2015-03-31,6.1422
2015-04-01,6.1434
2015-04-02,6.1396
2015-04-03,6.1348
2015-04-07,6.1305
2015-04-08,6.1345
2015-04-09,6.1338
2015-04-10,6.1370
2015-04-13,6.1395
2015-04-14,6.1407
2015-04-15,6.1340
2015-04-16,6.1305
2015-04-17,6.1267
2015-04-20,6.1255
2015-04-21,6.1280
2015-04-22,6.1290
2015-04-23,6.1281
2015-04-24,6.1241
2015-04-27,6.1220
2015-04-28,6.1209
2015-04-29,6.1169
2015-04-30,6.1137
2015-05-04,6.1165
2015-05-05,6.1180
2015-05-06,6.1156
2015-05-07,6.1113
2015-05-08,6.1147
2015-05-11,6.1132
2015-05-12,6.1155
2015-05-13,6.1123
2015-05-14,6.1093
2015-05-15,6.1085
2015-05-18,6.1079
2015-05-19,6.1098
2015-05-20,6.1125
2015-05-21,6.1139
2015-05-22,6.1131
2015-05-25,6.1165
2015-05-26,6.1172
2015-05-27,6.1198
2015-05-28,6.1202
2015-05-29,6.1196
2015-06-01,6.1207
2015-06-02,6.1225
2015-06-03,6.1176
2015-06-04,6.1164
2015-06-05,6.1181
2015-06-08,6.1205
2015-06-09,6.1179
2015-06-10,6.1173
2015-06-11,6.1150
2015-06-12,6.1167
2015-06-15,6.1169
2015-06-16,6.1155
2015-06-17,6.1158
2015-06-18,6.1126
2015-06-19,6.1104
2015-06-23,6.1119
2015-06-24,6.1142
2015-06-25,6.1148
2015-06-26,6.1137
2015-06-29,6.1168
2015-06-30,6.1136
2015-07-01,6.1149
2015-07-02,6.1171
2015-07-03,6.1160
2015-07-06,6.1172
2015-07-07,6.1166
2015-07-08,6.1175
2015-07-09,6.1151
2015-07-10,6.1153
2015-07-13,6.1133
2015-07-14,6.1165
2015-07-15,6.1152
2015-07-16,6.1173
2015-07-17,6.1192
2015-07-20,6.1197
2015-07-21,6.1199
2015-07-22,6.1168
2015-07-23,6.1172
2015-07-24,6.1169
2015-07-27,6.1176
2015-07-28,6.1154
2015-07-29,6.1150
2015-07-30,6.1165
2015-07-31,6.1172
2015-08-03,6.1169
2015-08-04,6.1177
2015-08-05,6.1186
2015-08-06,6.1181
2015-08-07,6.1174
2015-08-10,6.1162
2015-08-11,6.2298
2015-08-12,6.3306
2015-08-13,6.4010
2015-08-14,6.3975
2015-08-17,6.3969
2015-08-18,6.3966
2015-08-19,6.3963
2015-08-20,6.3915
2015-08-21,6.3864
2015-08-24,6.3862
2015-08-25,6.3987
2015-08-26,6.4043
2015-08-27,6.4085
2015-08-28,6.3986
2015-08-31,6.3893
2015-09-01,6.3752
2015-09-02,6.3619
2015-09-07,6.3584
2015-09-08,6.3639
2015-09-09,6.3632
2015-09-10,6.3772
2015-09-11,6.3719
2015-09-14,6.3709
2015-09-15,6.3665
2015-09-16,6.3712
2015-09-17,6.3670
2015-09-18,6.3607
2015-09-21,6.3676
2015-09-22,6.3721
2015-09-23,6.3773
2015-09-24,6.3791
2015-09-25,6.3785
2015-09-28,6.3729
2015-09-29,6.3660
2015-09-30,6.3613
2015-10-08,6.3505
2015-10-09,6.3493
2015-10-12,6.3406
2015-10-13,6.3231
2015-10-14,6.3408
2015-10-15,6.3402
2015-10-16,6.3436
2015-10-19,6.3527
2015-10-20,6.3614
2015-10-21,6.3473
2015-10-22,6.3497
2015-10-23,6.3595
2015-10-26,6.3549
2015-10-27,6.3494
2015-10-28,6.3536
2015-10-29,6.3596
2015-10-30,6.3495
2015-11-02,6.3154
2015-11-03,6.3310
2015-11-04,6.3343
2015-11-05,6.3381
2015-11-06,6.3459
2015-11-09,6.3578
2015-11-10,6.3602
2015-11-11,6.3614
2015-11-12,6.3628
2015-11-13,6.3655
2015-11-16,6.3750
2015-11-17,6.3740
2015-11-18,6.3796
2015-11-19,6.3791
2015-11-20,6.3780
2015-11-23,6.3867
2015-11-24,6.3888
2015-11-25,6.3877
2015-11-26,6.3896
2015-11-27,6.3915
2015-11-30,6.3962
2015-12-01,6.3973
2015-12-02,6.3958
2015-12-03,6.3982
2015-12-04,6.3851
2015-12-07,6.3985
2015-12-08,6.4078
2015-12-09,6.4140
2015-12-10,6.4236
2015-12-11,6.4358
2015-12-14,6.4495
2015-12-15,6.4559
2015-12-16,6.4626
2015-12-17,6.4757
2015-12-18,6.4814
2015-12-21,6.4753
2015-12-22,6.4746
2015-12-23,6.4731
2015-12-24,6.4755
2015-12-25,6.4713
2015-12-28,6.4750
2015-12-29,6.4864
2015-12-30,6.4895
2015-12-31,6.4936
2016-01-04,6.5032
2016-01-05,6.5169
2016-01-06,6.5314
2016-01-07,6.5646
2016-01-08,6.5636
2016-01-11,6.5626
2016-01-12,6.5628
2016-01-13,6.5630
2016-01-14,6.5616
2016-01-15,6.5637
2016-01-18,6.5590
2016-01-19,6.5596
2016-01-20,6.5578
2016-01-21,6.5585
2016-01-22,6.5572
2016-01-25,6.5557
2016-01-26,6.5548
2016-01-27,6.5533
2016-01-28,6.5528
2016-01-29,6.5516
2016-02-01,6.5539
2016-02-02,6.5510
2016-02-03,6.5521
2016-02-04,6.5419
2016-02-05,6.5314
2016-02-15,6.5118
2016-02-16,6.5130
2016-02-17,6.5237
2016-02-18,6.5152
2016-02-19,6.5186
2016-02-22,6.5165
2016-02-23,6.5273
2016-02-24,6.5302
2016-02-25,6.5318
2016-02-26,6.5338
2016-02-29,6.5452
2016-03-01,6.5385
2016-03-02,6.5490
2016-03-03,6.5412
2016-03-04,6.5284
2016-03-07,6.5113
2016-03-08,6.5041
2016-03-09,6.5106
2016-03-10,6.5127
2016-03-11,6.4905
2016-03-14,6.4913
2016-03-15,6.5079
2016-03-16,6.5172
2016-03-17,6.4961
2016-03-18,6.4628
2016-03-21,6.4824
2016-03-22,6.4971
2016-03-23,6.4936
2016-03-24,6.5150
2016-03-25,6.5223
2016-03-28,6.5232
2016-03-29,6.5060
2016-03-30,6.4841
2016-03-31,6.4612
2016-04-01,6.4585
2016-04-05,6.4663
2016-04-06,6.4754
2016-04-07,6.4707
2016-04-08,6.4733
2016-04-11,6.4649
2016-04-12,6.4616
2016-04-13,6.4591
2016-04-14,6.4891
2016-04-15,6.4908
2016-04-18,6.4787
2016-04-19,6.4700
2016-04-20,6.4579
2016-04-21,6.4803
2016-04-22,6.4898
2016-04-25,6.5120
2016-04-26,6.4882
2016-04-27,6.4837
2016-04-28,6.4954
2016-04-29,6.4589
2016-05-03,6.4565
2016-05-04,6.4943
2016-05-05,6.5128
2016-05-06,6.5202
2016-05-09,6.5105
2016-05-10,6.5233
2016-05-11,6.5209
2016-05-12,6.4959
2016-05-13,6.5246
2016-05-16,6.5343
2016-05-17,6.5200
2016-05-18,6.5216
2016-05-19,6.5531
2016-05-20,6.5510
2016-05-23,6.5455
2016-05-24,6.5468
2016-05-25,6.5693
2016-05-26,6.5552
2016-05-27,6.5490
2016-05-30,6.5784
2016-05-31,6.5790
2016-06-01,6.5889
2016-06-02,6.5688
2016-06-03,6.5793
2016-06-06,6.5497
2016-06-07,6.5618
2016-06-08,6.5593
2016-06-13,6.5805
2016-06-14,6.5791
2016-06-15,6.6001
2016-06-16,6.5739
2016-06-17,6.5795
2016-06-20,6.5708
2016-06-21,6.5656
2016-06-22,6.5935
2016-06-23,6.5658
2016-06-24,6.5776
2016-06-27,6.6375
2016-06-28,6.6528
2016-06-29,6.6324
2016-06-30,6.6312
2016-07-01,6.6496
2016-07-04,6.6472
2016-07-05,6.6594
2016-07-06,6.6857
2016-07-07,6.6820
2016-07-08,6.6853
2016-07-11,6.6843
2016-07-12,6.6950
2016-07-13,6.6891
2016-07-14,6.6846
2016-07-15,6.6805
2016-07-18,6.6961
2016-07-19,6.6971
2016-07-20,6.6946
2016-07-21,6.6872
2016-07-22,6.6669
2016-07-25,6.6860
2016-07-26,6.6778
2016-07-27,6.6671
2016-07-28,6.6597
2016-07-29,6.6511
2016-08-01,6.6277
2016-08-02,6.6451
2016-08-03,6.6195
2016-08-04,6.6444
2016-08-05,6.6406
2016-08-08,6.6615
2016-08-09,6.6594
2016-08-10,6.6530
2016-08-11,6.6255
2016-08-12,6.6543
2016-08-15,6.6430
2016-08-16,6.6305
2016-08-17,6.6056
2016-08-18,6.6273
2016-08-19,6.6211
2016-08-22,6.6652
2016-08-23,6.6586
2016-08-24,6.6420
2016-08-25,6.6602
2016-08-26,6.6488
2016-08-29,6.6856
2016-08-30,6.6812
2016-08-31,6.6908
2016-09-01,6.6784
2016-09-02,6.6727
2016-09-05,6.6873
2016-09-06,6.6676
2016-09-07,6.6555
2016-09-08,6.6620
2016-09-09,6.6684
2016-09-12,6.6908
2016-09-13,6.6726
2016-09-14,6.6895
2016-09-19,6.6786
2016-09-20,6.6595
2016-09-21,6.6738
2016-09-22,6.6513
2016-09-23,6.6670
2016-09-26,6.6744
2016-09-27,6.6646
2016-09-28,6.6681
2016-09-29,6.6700
2016-09-30,6.6778
2016-10-10,6.7008
2016-10-11,6.7098
2016-10-12,6.7258
2016-10-13,6.7296
2016-10-14,6.7157
2016-10-17,6.7379
2016-10-18,6.7303
2016-10-19,6.7326
2016-10-20,6.7311
2016-10-21,6.7558
2016-10-24,6.7690
2016-10-25,6.7744
2016-10-26,6.7705
2016-10-27,6.7736
2016-10-28,6.7858
2016-10-31,6.7641
2016-11-01,6.7734
2016-11-02,6.7562
2016-11-03,6.7491
2016-11-04,6.7514
2016-11-07,6.7725
2016-11-08,6.7817
2016-11-09,6.7832
2016-11-10,6.7885
2016-11-11,6.8115
2016-11-14,6.8291
2016-11-15,6.8495
2016-11-16,6.8592
2016-11-17,6.8692
2016-11-18,6.8796
2016-11-21,6.8985
2016-11-22,6.8779
2016-11-23,6.8904
2016-11-24,6.9085
2016-11-25,6.9168
2016-11-28,6.9042
2016-11-29,6.8889
2016-11-30,6.8865
2016-12-01,6.8958
2016-12-02,6.8794
2016-12-05,6.8870
2016-12-06,6.8575
2016-12-07,6.8808
2016-12-08,6.8731
2016-12-09,6.8972
2016-12-12,6.9086
2016-12-13,6.8934
2016-12-14,6.9028
2016-12-15,6.9289
2016-12-16,6.9508
2016-12-19,6.9312
2016-12-20,6.9468
2016-12-21,6.9489
2016-12-22,6.9435
2016-12-23,6.9463
2016-12-26,6.9459
2016-12-27,6.9462
2016-12-28,6.9495
2016-12-29,6.9497
2016-12-30,6.9370
2017-01-03,6.9498
2017-01-04,6.9526
2017-01-05,6.9307
2017-01-06,6.8668
2017-01-09,6.9262
2017-01-10,6.9234
2017-01-11,6.9235
2017-01-12,6.9141
2017-01-13,6.8909
2017-01-16,6.8874
2017-01-17,6.8992
2017-01-18,6.8525
2017-01-19,6.8568
2017-01-20,6.8693
2017-01-23,6.8572
2017-01-24,6.8331
2017-01-25,6.8596
2017-01-26,6.8588
2017-02-03,6.8556
2017-02-06,6.8606
2017-02-07,6.8604
2017-02-08,6.8849
2017-02-09,6.8710
2017-02-10,6.8819
2017-02-13,6.8898
2017-02-14,6.8806
2017-02-15,6.8632
2017-02-16,6.8629
2017-02-17,6.8456
2017-02-20,6.8743
2017-02-21,6.8790
2017-02-22,6.8830
2017-02-23,6.8695
2017-02-24,6.8655
2017-02-27,6.8814
2017-02-28,6.8750
2017-03-01,6.8798
2017-03-02,6.8809
2017-03-03,6.8896
2017-03-06,6.8790
2017-03-07,6.8957
2017-03-08,6.9032
2017-03-09,6.9125
2017-03-10,6.9123
2017-03-13,6.8988
2017-03-14,6.9118
2017-03-15,6.9115
2017-03-16,6.8862
2017-03-17,6.8873
2017-03-20,6.8998
2017-03-21,6.9071
2017-03-22,6.8889
2017-03-23,6.8856
2017-03-24,6.8845
2017-03-27,6.8701
2017-03-28,6.8782
2017-03-29,6.8915
2017-03-30,6.8889
2017-03-31,6.8993
2017-04-05,6.8906
2017-04-06,6.8930
2017-04-07,6.8949
2017-04-10,6.9042
2017-04-11,6.8957
2017-04-12,6.8940
2017-04-13,6.8651
2017-04-14,6.8740
2017-04-17,6.8785
2017-04-18,6.8849
2017-04-19,6.8664
2017-04-20,6.8792
2017-04-21,6.8823
2017-04-24,6.8673
2017-04-25,6.8833
2017-04-26,6.8845
2017-04-27,6.8896
2017-04-28,6.8931
2017-05-02,6.8956
2017-05-03,6.8892
2017-05-04,6.8957
2017-05-05,6.8884
2017-05-08,6.8947
2017-05-09,6.9037
2017-05-10,6.9066
2017-05-11,6.9051
2017-05-12,6.8948
2017-05-15,6.8852
2017-05-16,6.8790
2017-05-17,6.8635
2017-05-18,6.8612
2017-05-19,6.8786
2017-05-22,6.8673
2017-05-23,6.8661
2017-05-24,6.8758
2017-05-25,6.8695
2017-05-26,6.8698
2017-05-31,6.8633
2017-06-01,6.8090
2017-06-02,6.8070
2017-06-05,6.7935
2017-06-06,6.7934
2017-06-07,6.7858
2017-06-08,6.7930
2017-06-09,6.7971
2017-06-12,6.7948
2017-06-13,6.7954
2017-06-14,6.7939
2017-06-15,6.7852
2017-06-16,6.7995
2017-06-19,6.7972
2017-06-20,6.8096
2017-06-21,6.8193
2017-06-22,6.8197
2017-06-23,6.8238
2017-06-26,6.8220
2017-06-27,6.8292
2017-06-28,6.8053
2017-06-29,6.7940
2017-06-30,6.7744
2017-07-03,6.7772
2017-07-04,6.7889
2017-07-05,6.7922
2017-07-06,6.7953
2017-07-07,6.7914
2017-07-10,6.7964
2017-07-11,6.7983
2017-07-12,6.7868
2017-07-13,6.7802
2017-07-14,6.7774
2017-07-17,6.7562
2017-07-18,6.7611
2017-07-19,6.7451
2017-07-20,6.7464
2017-07-21,6.7415
2017-07-24,6.7410
2017-07-25,6.7485
2017-07-26,6.7529
2017-07-27,6.7307
2017-07-28,6.7373
2017-07-31,6.7283
2017-08-01,6.7148
2017-08-02,6.7205
2017-08-03,6.7211
2017-08-04,6.7132
2017-08-07,6.7228
2017-08-08,6.7184
2017-08-09,6.7075
2017-08-10,6.6770
2017-08-11,6.6642
2017-08-14,6.6601
2017-08-15,6.6689
2017-08-16,6.6779
2017-08-17,6.6709
2017-08-18,6.6744
2017-08-21,6.6709
2017-08-22,6.6597
2017-08-23,6.6633
2017-08-24,6.6525
2017-08-25,6.6579
2017-08-28,6.6353
2017-08-29,6.6293
2017-08-30,6.6102
2017-08-31,6.6010
2017-09-01,6.5909
2017-09-04,6.5668
2017-09-05,6.5370
2017-09-06,6.5311
2017-09-07,6.5269
2017-09-08,6.5032
2017-09-11,6.4997
2017-09-12,6.5277
2017-09-13,6.5382
2017-09-14,6.5465
2017-09-15,6.5423
2017-09-18,6.5419
2017-09-19,6.5530
2017-09-20,6.5670
2017-09-21,6.5867
2017-09-22,6.5861
2017-09-25,6.5945
2017-09-26,6.6076
2017-09-27,6.6192
2017-09-28,6.6285
2017-09-29,6.6369
2017-10-09,6.6493
2017-10-10,6.6273
2017-10-11,6.5841
2017-10-12,6.5808
2017-10-13,6.5866
2017-10-16,6.5839
2017-10-17,6.5883
2017-10-18,6.5991
2017-10-19,6.6093
2017-10-20,6.6092
2017-10-23,6.6205
2017-10-24,6.6268
2017-10-25,6.6322
2017-10-26,6.6288
2017-10-27,6.6473
2017-10-30,6.6487
2017-10-31,6.6397
2017-11-01,6.6300
2017-11-02,6.6196
2017-11-03,6.6072
2017-11-06,6.6247
2017-11-07,6.6216
2017-11-08,6.6277
2017-11-09,6.6325
2017-11-10,6.6282
2017-11-13,6.6347
2017-11-14,6.6399
2017-11-15,6.6263
2017-11-16,6.6286
2017-11-17,6.6277
2017-11-20,6.6271
2017-11-21,6.6356
2017-11-22,6.6290
2017-11-23,6.6021
2017-11-24,6.5810
2017-11-27,6.5874
2017-11-28,6.5944
2017-11-29,6.6011
2017-11-30,6.6034
2017-12-01,6.6067
2017-12-04,6.6105
2017-12-05,6.6113
2017-12-06,6.6163
2017-12-07,6.6195
2017-12-08,6.6218
2017-12-11,6.6152
2017-12-12,6.6162
2017-12-13,6.6251
2017-12-14,6.6033
2017-12-15,6.6113
2017-12-18,6.6162
2017-12-19,6.6098
2017-12-20,6.6066
2017-12-21,6.5795
2017-12-22,6.5821
2017-12-25,6.5683
2017-12-26,6.5416
2017-12-27,6.5421
2017-12-28,6.5412
2017-12-29,6.5342
2018-01-02,6.5079
2018-01-03,6.4920
2018-01-04,6.5043
2018-01-05,6.4915
2018-01-08,6.4832
2018-01-09,6.4968
2018-01-10,6.5207
2018-01-11,6.5147
2018-01-12,6.4932
2018-01-15,6.4574
2018-01-16,6.4372
2018-01-17,6.4335
2018-01-18,6.4401
2018-01-19,6.4169
2018-01-22,6.4112
2018-01-23,6.4009
2018-01-24,6.3916
2018-01-25,6.3724
2018-01-26,6.3436
2018-01-29,6.3267
2018-01-30,6.3312
2018-01-31,6.3339
2018-02-01,6.3045
2018-02-02,6.2885
2018-02-05,6.3019
2018-02-06,6.3072
2018-02-07,6.2882
2018-02-08,6.2822
2018-02-09,6.3194
2018-02-12,6.3001
2018-02-13,6.3247
2018-02-14,6.3428
2018-02-22,6.3530
2018-02-23,6.3482
2018-02-26,6.3378
2018-02-27,6.3146
2018-02-28,6.3294
2018-03-01,6.3352
2018-03-02,6.3334
2018-03-05,6.3431
2018-03-06,6.3386
2018-03-07,6.3294
2018-03-08,6.3239
2018-03-09,6.3451
2018-03-12,6.3333
2018-03-13,6.3218
2018-03-14,6.3205
2018-03-15,6.3141
2018-03-16,6.3340
2018-03-19,6.3320
2018-03-20,6.3246
2018-03-21,6.3396
2018-03-22,6.3167
2018-03-23,6.3272
2018-03-26,6.3193
2018-03-27,6.2816
2018-03-28,6.2785
2018-03-29,6.3046
2018-03-30,6.2881
2018-04-02,6.2764
2018-04-03,6.2833
2018-04-04,6.2926
2018-04-09,6.3114
2018-04-10,6.3071
2018-04-11,6.2911
2018-04-12,6.2834
2018-04-13,6.2898
2018-04-16,6.2884
2018-04-17,6.2771
2018-04-18,6.2817
2018-04-19,6.2832
2018-04-20,6.2897
2018-04-23,6.3034
2018-04-24,6.3229
2018-04-25,6.3066
2018-04-26,6.3283
2018-04-27,6.3393
2018-05-02,6.3670
2018-05-03,6.3732
2018-05-04,6.3521
2018-05-07,6.3584
2018-05-08,6.3674
2018-05-09,6.3733
2018-05-10,6.3768
2018-05-11,6.3524
2018-05-14,6.3345
2018-05-15,6.3486
2018-05-16,6.3745
2018-05-17,6.3679
2018-05-18,6.3763
2018-05-21,6.3852
2018-05-22,6.3799
2018-05-23,6.3773
2018-05-24,6.3816
2018-05-25,6.3867
2018-05-28,6.3962
2018-05-29,6.4021
2018-05-30,6.4207
2018-05-31,6.4144
2018-06-01,6.4078
2018-06-04,6.4208
2018-06-05,6.4157
2018-06-06,6.4040
2018-06-07,6.3919
2018-06-08,6.4003
2018-06-11,6.4064
2018-06-12,6.4121
2018-06-13,6.4156
2018-06-14,6.3962
2018-06-15,6.4306
2018-06-19,6.4235
2018-06-20,6.4586
2018-06-21,6.4706
2018-06-22,6.4804
2018-06-25,6.4893
2018-06-26,6.5180
2018-06-27,6.5569
2018-06-28,6.5960
2018-06-29,6.6166
2018-07-02,6.6157
2018-07-03,6.6497
2018-07-04,6.6595
2018-07-05,6.6180
2018-07-06,6.6336
2018-07-09,6.6393
2018-07-10,6.6259
2018-07-11,6.6234
2018-07-12,6.6726
2018-07-13,6.6727
2018-07-16,6.6758
2018-07-17,6.6821
2018-07-18,6.6914
2018-07-19,6.7066
2018-07-20,6.7671
2018-07-23,6.7593
2018-07-24,6.7891
2018-07-25,6.8040
2018-07-26,6.7662
2018-07-27,6.7942
2018-07-30,6.8131
2018-07-31,6.8165
2018-08-01,6.8293
2018-08-02,6.7942
2018-08-03,6.8322
2018-08-06,6.8513
2018-08-07,6.8431
2018-08-08,6.8313
2018-08-09,6.8317
2018-08-10,6.8395
2018-08-13,6.8629
2018-08-14,6.8695
2018-08-15,6.8856
2018-08-16,6.8946
2018-08-17,6.8894
2018-08-20,6.8718
2018-08-21,6.8360
2018-08-22,6.8271
2018-08-23,6.8367
2018-08-24,6.8710
2018-08-27,6.8508
2018-08-28,6.8052
2018-08-29,6.8072
2018-08-30,6.8113
2018-08-31,6.8246
2018-09-03,6.8347
2018-09-04,6.8183
2018-09-05,6.8266
2018-09-06,6.8217
2018-09-07,6.8212
2018-09-10,6.8389
2018-09-11,6.8488
2018-09-12,6.8546
2018-09-13,6.8488
2018-09-14,6.8362
2018-09-17,6.8509
2018-09-18,6.8554
2018-09-19,6.8569
2018-09-20,6.8530
2018-09-21,6.8357
2018-09-25,6.8440
2018-09-26,6.8571
2018-09-27,6.8642
2018-09-28,6.8792
2018-10-08,6.8957
2018-10-09,6.9019
2018-10-10,6.9072
2018-10-11,6.9098
2018-10-12,6.9120
2018-10-15,6.9154
2018-10-16,6.9119
2018-10-17,6.9103
2018-10-18,6.9275
2018-10-19,6.9387
2018-10-22,6.9236
2018-10-23,6.9338
2018-10-24,6.9357
2018-10-25,6.9409
2018-10-26,6.9510
2018-10-29,6.9377
2018-10-30,6.9574
2018-10-31,6.9646
2018-11-01,6.9670
2018-11-02,6.9371
2018-11-05,6.8976
2018-11-06,6.9075
2018-11-07,6.9065
2018-11-08,6.9163
2018-11-09,6.9329
2018-11-12,6.9476
2018-11-13,6.9629
2018-11-14,6.9402
2018-11-15,6.9392
2018-11-16,6.9377
2018-11-19,6.9245
2018-11-20,6.9280
2018-11-21,6.9449
2018-11-22,6.9391
2018-11-23,6.9306
2018-11-26,6.9453
2018-11-27,6.9463
2018-11-28,6.9500
2018-11-29,6.9353
2018-11-30,6.9357
2018-12-03,6.9431
2018-12-04,6.8939
2018-12-05,6.8476
2018-12-06,6.8599
2018-12-07,6.8664
2018-12-10,6.8693
2018-12-11,6.8996
2018-12-12,6.9064
2018-12-13,6.8769
2018-12-14,6.8750
2018-12-17,6.8908
2018-12-18,6.8854
2018-12-19,6.8869
2018-12-20,6.8936
2018-12-21,6.8825
2018-12-24,6.9006
2018-12-25,6.8919
2018-12-26,6.8845
2018-12-27,6.8894
2018-12-28,6.8632
2019-01-02,6.8482
2019-01-03,6.8631
2019-01-04,6.8586
2019-01-07,6.8517
2019-01-08,6.8402
2019-01-09,6.8526
2019-01-10,6.8160
2019-01-11,6.7909
2019-01-14,6.7560
2019-01-15,6.7542
2019-01-16,6.7615
2019-01-17,6.7592
2019-01-18,6.7665
2019-01-21,6.7774
2019-01-22,6.7854
2019-01-23,6.7969
2019-01-24,6.7802
2019-01-25,6.7941
2019-01-28,6.7472
2019-01-29,6.7356
2019-01-30,6.7343
2019-01-31,6.7025
2019-02-01,6.7081
2019-02-11,6.7495
2019-02-12,6.7765
2019-02-13,6.7675
2019-02-14,6.7744
2019-02-15,6.7623
2019-02-18,6.7659
2019-02-19,6.7642
2019-02-20,6.7558
2019-02-21,6.7220
2019-02-22,6.7151
2019-02-25,6.7131
2019-02-26,6.6952
2019-02-27,6.6857
2019-02-28,6.6901
2019-03-01,6.6957
2019-03-04,6.7049
2019-03-05,6.6998
2019-03-06,6.7053
2019-03-07,6.7110
2019-03-08,6.7235
2019-03-11,6.7202
2019-03-12,6.7128
2019-03-13,6.7114
2019-03-14,6.7009
2019-03-15,6.7167
2019-03-18,6.7088
2019-03-19,6.7062
2019-03-20,6.7101
2019-03-21,6.6850
2019-03-22,6.6944
2019-03-25,6.7098
2019-03-26,6.7042
2019-03-27,6.7141
2019-03-28,6.7263
2019-03-29,6.7335
2019-04-01,6.7193
2019-04-02,6.7161
2019-04-03,6.7194
2019-04-04,6.7055
2019-04-08,6.7201
2019-04-09,6.7142
2019-04-10,6.7110
2019-04-11,6.7088
2019-04-12,6.7220
2019-04-15,6.7112
2019-04-16,6.7097
2019-04-17,6.7110
2019-04-18,6.6911
2019-04-19,6.7043
2019-04-22,6.7035
2019-04-23,6.7082
2019-04-24,6.7205
2019-04-25,6.7307
2019-04-26,6.7307
2019-04-29,6.7310
2019-04-30,6.7286
2019-05-06,6.7344
2019-05-07,6.7614
2019-05-08,6.7596
2019-05-09,6.7665
2019-05-10,6.7912
2019-05-13,6.7954
2019-05-14,6.8365
2019-05-15,6.8649
2019-05-16,6.8688
2019-05-17,6.8859
2019-05-20,6.8988
2019-05-21,6.8990
2019-05-22,6.8992
2019-05-23,6.8994
2019-05-24,6.8993
2019-05-27,6.8924
2019-05-28,6.8973
2019-05-29,6.8988
2019-05-30,6.8990
2019-05-31,6.8992
2019-06-03,6.8896
2019-06-04,6.8822
2019-06-05,6.8903
2019-06-06,6.8945
2019-06-10,6.8925
2019-06-11,6.8930
2019-06-12,6.8932
2019-06-13,6.8934
2019-06-14,6.8937
2019-06-17,6.8940
2019-06-18,6.8942
2019-06-19,6.8893
2019-06-20,6.8805
2019-06-21,6.8472
2019-06-24,6.8503
2019-06-25,6.8580
2019-06-26,6.8701
2019-06-27,6.8778
2019-06-28,6.8747
2019-07-01,6.8716
2019-07-02,6.8513
2019-07-03,6.8640
2019-07-04,6.8705
2019-07-05,6.8697
2019-07-08,6.8881
2019-07-09,6.8853
2019-07-10,6.8856
2019-07-11,6.8677
2019-07-12,6.8662
2019-07-15,6.8677
2019-07-16,6.8710
2019-07-17,6.8827
2019-07-18,6.8761
2019-07-19,6.8635
2019-07-22,6.8759
2019-07-23,6.8818
2019-07-24,6.8860
2019-07-25,6.8737
2019-07-26,6.8796
2019-07-29,6.8821
2019-07-30,6.8862
2019-07-31,6.8841
2019-08-01,6.8938
2019-08-02,6.8996
2019-08-05,6.9225
2019-08-06,6.9683
2019-08-07,6.9996
2019-08-08,7.0039
2019-08-09,7.0136
2019-08-12,7.0211
2019-08-13,7.0326
2019-08-14,7.0312
2019-08-15,7.0268
2019-08-16,7.0312
2019-08-19,7.0365
2019-08-20,7.0454
2019-08-21,7.0433
2019-08-22,7.0490
2019-08-23,7.0572
2019-08-26,7.0570
2019-08-27,7.0810
2019-08-28,7.0835
2019-08-29,7.0858
2019-08-30,7.0879
2019-09-02,7.0883
2019-09-03,7.0884
2019-09-04,7.0878
2019-09-05,7.0852
2019-09-06,7.0855
2019-09-09,7.0851
2019-09-10,7.0846
2019-09-11,7.0843
2019-09-12,7.0846
2019-09-16,7.0657
2019-09-17,7.0730
2019-09-18,7.0728
2019-09-19,7.0732
2019-09-20,7.0730
2019-09-23,7.0734
2019-09-24,7.0729
2019-09-25,7.0724
2019-09-26,7.0729
2019-09-27,7.0731
2019-09-30,7.0729
2019-10-08,7.0726
2019-10-09,7.0728
2019-10-10,7.0730
2019-10-11,7.0727
2019-10-14,7.0725
2019-10-15,7.0708
2019-10-16,7.0746
2019-10-17,7.0789
2019-10-18,7.0690
2019-10-21,7.0680
2019-10-22,7.0668
2019-10-23,7.0752
2019-10-24,7.0727
2019-10-25,7.0749
2019-10-28,7.0762
2019-10-29,7.0617
2019-10-30,7.0582
2019-10-31,7.0533
2019-11-01,7.0437
2019-11-04,7.0382
2019-11-05,7.0385
2019-11-06,7.0080
2019-11-07,7.0008
2019-11-08,6.9945
2019-11-11,6.9933
2019-11-12,6.9988
2019-11-13,7.0026
2019-11-14,7.0083
2019-11-15,7.0091
2019-11-18,7.0037
2019-11-19,7.0030
2019-11-20,7.0118
2019-11-21,7.0217
2019-11-22,7.0306
2019-11-25,7.0397
2019-11-26,7.0344
2019-11-27,7.0349
2019-11-28,7.0271
2019-11-29,7.0298
2019-12-02,7.0262
2019-12-03,7.0223
2019-12-04,7.0382
2019-12-05,7.0521
2019-12-06,7.0383
2019-12-09,7.0405
2019-12-10,7.0400
2019-12-11,7.0385
2019-12-12,7.0253
2019-12-13,7.0156
2019-12-16,6.9915
2019-12-17,6.9971
2019-12-18,6.9969
2019-12-19,7.0025
2019-12-20,7.0020
2019-12-23,7.0117
2019-12-24,7.0119
2019-12-25,7.0067
2019-12-26,6.9801
2019-12-27,6.9879
2019-12-30,6.9805
2019-12-31,6.9762
2020-01-02,6.9614
2020-01-03,6.9681
2020-01-06,6.9718
2020-01-07,6.9690
2020-01-08,6.9450
2020-01-09,6.9497
2020-01-10,6.9351
2020-01-13,6.9263
2020-01-14,6.8954
2020-01-15,6.8845
2020-01-16,6.8807
2020-01-17,6.8878
2020-01-20,6.8664
2020-01-21,6.8606
2020-01-22,6.8853
2020-01-23,6.8876
2020-02-03,6.9249
2020-02-04,6.9779
2020-02-05,6.9823
2020-02-06,6.9985
2020-02-07,6.9768
2020-02-10,6.9863
2020-02-11,6.9897
2020-02-12,6.9718
2020-02-13,6.9785
2020-02-14,6.9843
2020-02-17,6.9795
2020-02-18,6.9826
2020-02-19,7.0012
2020-02-20,7.0026
2020-02-21,7.0210
2020-02-24,7.0246
2020-02-25,7.0232
2020-02-26,7.0126
2020-02-27,7.0215
2020-02-28,7.0066
2020-03-02,6.9811
2020-03-03,6.9516
2020-03-04,6.9514
2020-03-05,6.9403
2020-03-06,6.9337
2020-03-09,6.9260
2020-03-10,6.9389
2020-03-11,6.9612
2020-03-12,6.9641
2020-03-13,7.0033
2020-03-16,7.0018
2020-03-17,7.0094
2020-03-18,7.0328
2020-03-19,7.0522
2020-03-20,7.1052
2020-03-23,7.0940
2020-03-24,7.0999
2020-03-25,7.0742
2020-03-26,7.0692
2020-03-27,7.0427
2020-03-30,7.0447
2020-03-31,7.0851
2020-04-01,7.0771
2020-04-02,7.0995
2020-04-03,7.1104
2020-04-07,7.0939
2020-04-08,7.0483
2020-04-09,7.0536
2020-04-10,7.0354
2020-04-13,7.0300
2020-04-14,7.0406
2020-04-15,7.0402
2020-04-16,7.0714
2020-04-17,7.0718
2020-04-20,7.0657
2020-04-21,7.0752
2020-04-22,7.0903
2020-04-23,7.0887
2020-04-24,7.0803
2020-04-27,7.0703
2020-04-28,7.0710
2020-04-29,7.0704
2020-04-30,7.0571
2020-05-06,7.0690
2020-05-07,7.0931
2020-05-08,7.0788
2020-05-11,7.0769
2020-05-12,7.0919
2020-05-13,7.0875
2020-05-14,7.0948
2020-05-15,7.0936
2020-05-18,7.1030
2020-05-19,7.0912
2020-05-20,7.0956
2020-05-21,7.0868
2020-05-22,7.0939
2020-05-25,7.1209
2020-05-26,7.1293
2020-05-27,7.1092
2020-05-28,7.1277
2020-05-29,7.1316
2020-06-01,7.1315
2020-06-02,7.1167
2020-06-03,7.1074
2020-06-04,7.1012
2020-06-05,7.0965
2020-06-08,7.0882
2020-06-09,7.0711
2020-06-10,7.0703
2020-06-11,7.0608
2020-06-12,7.0865
2020-06-15,7.0902
2020-06-16,7.0755
2020-06-17,7.0873
2020-06-18,7.0903
2020-06-19,7.0913
2020-06-22,7.0865
2020-06-23,7.0671
2020-06-24,7.0555
2020-06-29,7.0808
2020-06-30,7.0795
2020-07-01,7.0710
2020-07-02,7.0566
2020-07-03,7.0638
2020-07-06,7.0663
2020-07-07,7.0310
2020-07-08,7.0207
2020-07-09,7.0085
2020-07-10,6.9943
2020-07-13,6.9965
2020-07-14,6.9996
2020-07-15,6.9982
2020-07-16,6.9913
2020-07-17,7.0043
2020-07-20,6.9928
2020-07-21,6.9862
2020-07-22,6.9718
2020-07-23,6.9921
2020-07-24,6.9938
2020-07-27,7.0029
2020-07-28,6.9895
2020-07-29,6.9969
2020-07-30,6.9902
2020-07-31,6.9848
2020-08-03,6.9980
2020-08-04,6.9803
2020-08-05,6.9752
2020-08-06,6.9438
2020-08-07,6.9408
2020-08-10,6.9649
2020-08-11,6.9711
2020-08-12,6.9597
2020-08-13,6.9429
2020-08-14,6.9405
2020-08-17,6.9362
2020-08-18,6.9325
2020-08-19,6.9168
2020-08-20,6.9274
2020-08-21,6.9107
2020-08-24,6.9194
2020-08-25,6.9183
2020-08-26,6.9079
2020-08-27,6.8903
2020-08-28,6.8891
2020-08-31,6.8605
2020-09-01,6.8498
2020-09-02,6.8376
2020-09-03,6.8319
2020-09-04,6.8359
2020-09-07,6.8386
2020-09-08,6.8364
2020-09-09,6.8423
2020-09-10,6.8331
2020-09-11,6.8389
2020-09-14,6.8361
2020-09-15,6.8222
2020-09-16,6.7825
2020-09-17,6.7675
2020-09-18,6.7591
2020-09-21,6.7595
2020-09-22,6.7872
2020-09-23,6.7986
2020-09-24,6.8028
2020-09-25,6.8121
2020-09-28,6.8252
2020-09-29,6.8171
2020-09-30,6.8101
2020-10-09,6.7796
2020-10-12,6.7126
2020-10-13,6.7296
2020-10-14,6.7473
2020-10-15,6.7374
2020-10-16,6.7332
2020-10-19,6.7010
2020-10-20,6.6930
2020-10-21,6.6781
2020-10-22,6.6556
2020-10-23,6.6703
2020-10-26,6.6725
2020-10-27,6.6989
2020-10-28,6.7195
2020-10-29,6.7260
2020-10-30,6.7232
2020-11-02,6.7050
2020-11-03,6.6957
2020-11-04,6.6771
2020-11-05,6.6895
2020-11-06,6.6290
2020-11-09,6.6123
2020-11-10,6.5897
2020-11-11,6.6070
2020-11-12,6.6236
2020-11-13,6.6285
2020-11-16,6.6048
2020-11-17,6.5762
2020-11-18,6.5593
2020-11-19,6.5484
2020-11-20,6.5786
2020-11-23,6.5719
2020-11-24,6.5809
2020-11-25,6.5749
2020-11-26,6.5780
2020-11-27,6.5755
2020-11-30,6.5782
2020-12-01,6.5921
2020-12-02,6.5611
2020-12-03,6.5592
2020-12-04,6.5507
2020-12-07,6.5362
2020-12-08,6.5320
2020-12-09,6.5311
2020-12-10,6.5476
2020-12-11,6.5405
2020-12-14,6.5361
2020-12-15,6.5434
2020-12-16,6.5355
2020-12-17,6.5362
2020-12-18,6.5315
2020-12-21,6.5507
2020-12-22,6.5387
2020-12-23,6.5558
2020-12-24,6.5361
2020-12-25,6.5333
2020-12-28,6.5236
2020-12-29,6.5451
2020-12-30,6.5325
2020-12-31,6.5249
2021-01-04,6.5408
2021-01-05,6.4760
2021-01-06,6.4604
2021-01-07,6.4608
2021-01-08,6.4708
2021-01-11,6.4764
2021-01-12,6.4823
2021-01-13,6.4605
2021-01-14,6.4746
2021-01-15,6.4633
2021-01-18,6.4845
2021-01-19,6.4883
2021-01-20,6.4836
2021-01-21,6.4696
2021-01-22,6.4617
2021-01-25,6.4819
2021-01-26,6.4847
2021-01-27,6.4665
2021-01-28,6.4845
2021-01-29,6.4709
2021-02-01,6.4623
2021-02-02,6.4736
2021-02-03,6.4669
2021-02-04,6.4605
2021-02-05,6.4710
2021-02-08,6.4678
2021-02-09,6.4533
2021-02-10,6.4391
2021-02-18,6.4536
2021-02-19,6.4624
2021-02-22,6.4563
2021-02-23,6.4516
2021-02-24,6.4615
2021-02-25,6.4522
2021-02-26,6.4713
2021-03-01,6.4754
2021-03-02,6.4625
2021-03-03,6.4565
2021-03-04,6.4758
2021-03-05,6.4904
2021-03-08,6.4795
2021-03-09,6.5338
2021-03-10,6.5106
2021-03-11,6.4970
2021-03-12,6.4845
2021-03-15,6.5010
2021-03-16,6.5029
2021-03-17,6.4978
2021-03-18,6.4859
2021-03-19,6.5098
2021-03-22,6.5191
2021-03-23,6.5036
2021-03-24,6.5228
2021-03-25,6.5282
2021-03-26,6.5376
2021-03-29,6.5416
2021-03-30,6.5641
2021-03-31,6.5713
2021-04-01,6.5584
2021-04-02,6.5649
2021-04-06,6.5527
2021-04-07,6.5384
2021-04-08,6.5463
2021-04-09,6.5409
2021-04-12,6.5578
2021-04-13,6.5454
2021-04-14,6.5362
2021-04-15,6.5297
2021-04-16,6.5288
2021-04-19,6.5233
2021-04-20,6.5103
2021-04-21,6.5046
2021-04-22,6.4902
2021-04-23,6.4934
2021-04-26,6.4913
2021-04-27,6.4924
2021-04-28,6.4853
2021-04-29,6.4715
2021-04-30,6.4672
2021-05-06,6.4895
2021-05-07,6.4678
2021-05-10,6.4425
2021-05-11,6.4254
2021-05-12,6.4258
2021-05-13,6.4612
2021-05-14,6.4525
2021-05-17,6.4307
2021-05-18,6.4357
2021-05-19,6.4255
2021-05-20,6.4464
2021-05-21,6.4300
2021-05-24,6.4408
2021-05-25,6.4283
2021-05-26,6.4099
2021-05-27,6.4030
2021-05-28,6.3858
2021-05-31,6.3682
2021-06-01,6.3572
2021-06-02,6.3773
2021-06-03,6.3811
2021-06-04,6.4072
2021-06-07,6.3963
2021-06-08,6.3909
2021-06-09,6.3956
2021-06-10,6.3972
2021-06-11,6.3856
2021-06-15,6.4070
2021-06-16,6.4078
2021-06-17,6.4298
2021-06-18,6.4361
2021-06-21,6.4546
2021-06-22,6.4613
2021-06-23,6.4621
2021-06-24,6.4824
2021-06-25,6.4744
2021-06-28,6.4578
2021-06-29,6.4567
2021-06-30,6.4601
2021-07-01,6.4709
2021-07-02,6.4712
2021-07-05,6.4695
2021-07-06,6.4613
2021-07-07,6.4762
2021-07-08,6.4705
2021-07-09,6.4755
2021-07-12,6.4785
2021-07-13,6.4757
2021-07-14,6.4806
2021-07-15,6.4640
2021-07-16,6.4705
2021-07-19,6.4700
2021-07-20,6.4855
2021-07-21,6.4835
2021-07-22,6.4651
2021-07-23,6.4650
2021-07-26,6.4763
2021-07-27,6.4734
2021-07-28,6.4929
2021-07-29,6.4942
2021-07-30,6.4602
2021-08-02,6.4660
2021-08-03,6.4610
2021-08-04,6.4655
2021-08-05,6.4691
2021-08-06,6.4625
2021-08-09,6.4840
2021-08-10,6.4842
2021-08-11,6.4831
2021-08-12,6.4754
2021-08-13,6.4799
2021-08-16,6.4717
2021-08-17,6.4765
2021-08-18,6.4915
2021-08-19,6.4853
2021-08-20,6.4984
2021-08-23,6.4969
2021-08-24,6.4805
2021-08-25,6.4728
2021-08-26,6.4730
2021-08-27,6.4863
2021-08-30,6.4677
2021-08-31,6.4679
2021-09-01,6.4680
2021-09-02,6.4594
2021-09-03,6.4577
2021-09-06,6.4529
2021-09-07,6.4533
2021-09-08,6.4674
2021-09-09,6.4615
2021-09-10,6.4566
2021-09-13,6.4497
2021-09-14,6.4500
2021-09-15,6.4492
2021-09-16,6.4330
2021-09-17,6.4527
2021-09-22,6.4693
2021-09-23,6.4749
2021-09-24,6.4599
2021-09-27,6.4695
2021-09-28,6.4608
2021-09-29,6.4662
2021-09-30,6.4854
2021-10-08,6.4604
2021-10-11,6.4479
2021-10-12,6.4447
2021-10-13,6.4612
2021-10-14,6.4414
2021-10-15,6.4386
2021-10-18,6.4300
2021-10-19,6.4307
2021-10-20,6.4069
2021-10-21,6.3890
2021-10-22,6.4032
2021-10-25,6.3924
2021-10-26,6.3890
2021-10-27,6.3856
2021-10-28,6.3957
2021-10-29,6.3907
2021-11-01,6.4192
2021-11-02,6.4009
2021-11-03,6.4079
2021-11-04,6.3943
2021-11-05,6.3980
2021-11-08,6.3959
2021-11-09,6.3903
2021-11-10,6.3948
2021-11-11,6.4145
2021-11-12,6.4065
2021-11-15,6.3896
2021-11-16,6.3924
2021-11-17,6.3935
2021-11-18,6.3803
2021-11-19,6.3825
2021-11-22,6.3952
2021-11-23,6.3929
2021-11-24,6.3903
2021-11-25,6.3980
2021-11-26,6.3936
2021-11-29,6.3872
2021-11-30,6.3794
2021-12-01,6.3693
2021-12-02,6.3719
2021-12-03,6.3738
2021-12-06,6.3702
2021-12-07,6.3738
2021-12-08,6.3677
2021-12-09,6.3498
2021-12-10,6.3702
2021-12-13,6.3669
2021-12-14,6.3675
2021-12-15,6.3716
2021-12-16,6.3637
2021-12-17,6.3651
2021-12-20,6.3933
2021-12-21,6.3729
2021-12-22,6.3703
2021-12-23,6.3651
2021-12-24,6.3692
2021-12-27,6.3686
2021-12-28,6.3728
2021-12-29,6.3735
2021-12-30,6.3674
2021-12-31,6.3757
