日期,伦敦金现
2009/1/1,879.45 
2009/1/2,875.40 
2009/1/5,859.50 
2009/1/6,863.90 
2009/1/7,842.95 
2009/1/8,857.40 
2009/1/9,854.20 
2009/1/12,820.85 
2009/1/13,822.00 
2009/1/14,811.70 
2009/1/15,817.80 
2009/1/16,843.15 
2009/1/19,835.90 
2009/1/20,857.25 
2009/1/21,854.25 
2009/1/22,857.00 
2009/1/23,899.75 
2009/1/26,903.35 
2009/1/27,899.22 
2009/1/28,887.55 
2009/1/29,908.65 
2009/1/30,927.85 
2009/2/2,905.49 
2009/2/3,900.35 
2009/2/4,905.75 
2009/2/5,914.55 
2009/2/6,911.50 
2009/2/9,894.55 
2009/2/10,915.10 
2009/2/11,938.99 
2009/2/12,946.75 
2009/2/13,941.70 
2009/2/16,941.75 
2009/2/17,970.25 
2009/2/18,984.90 
2009/2/19,974.65 
2009/2/20,992.90 
2009/2/23,991.75 
2009/2/24,962.67 
2009/2/25,953.83 
2009/2/26,946.20 
2009/2/27,942.35 
2009/3/2,926.10 
2009/3/3,916.28 
2009/3/4,906.50 
2009/3/5,932.40 
2009/3/6,939.35 
2009/3/9,921.97 
2009/3/10,898.15 
2009/3/11,909.40 
2009/3/12,926.63 
2009/3/13,929.75 
2009/3/16,923.15 
2009/3/17,915.40 
2009/3/18,942.00 
2009/3/19,959.85 
2009/3/20,952.20 
2009/3/23,939.50 
2009/3/24,925.87 
2009/3/25,934.02 
2009/3/26,934.10 
2009/3/27,923.15 
2009/3/30,915.84 
2009/3/31,919.15 
2009/4/1,927.40 
2009/4/2,904.05 
2009/4/3,893.15 
2009/4/6,868.90 
2009/4/7,881.24 
2009/4/8,880.50 
2009/4/9,879.35 
2009/4/10,881.65 
2009/4/13,893.85 
2009/4/14,890.72 
2009/4/15,891.05 
2009/4/16,875.70 
2009/4/17,868.80 
2009/4/20,884.50 
2009/4/21,883.80 
2009/4/22,889.75 
2009/4/23,904.30 
2009/4/24,913.20 
2009/4/27,906.50 
2009/4/28,893.38 
2009/4/29,898.00 
2009/4/30,888.20 
2009/5/1,886.55 
2009/5/4,902.10 
2009/5/5,897.15 
2009/5/6,911.22 
2009/5/7,910.70 
2009/5/8,916.65 
2009/5/11,913.33 
2009/5/12,923.35 
2009/5/13,926.30 
2009/5/14,926.50 
2009/5/15,931.80 
2009/5/18,918.25 
2009/5/19,925.05 
2009/5/20,938.65 
2009/5/21,953.80 
2009/5/22,957.35 
2009/5/25,958.80 
2009/5/26,952.00 
2009/5/27,949.90 
2009/5/28,959.45 
2009/5/29,979.15 
2009/6/1,975.27 
2009/6/2,981.85 
2009/6/3,963.07 
2009/6/4,980.25 
2009/6/5,955.25 
2009/6/8,951.82 
2009/6/9,954.78 
2009/6/10,954.49 
2009/6/11,953.95 
2009/6/12,939.30 
2009/6/15,928.30 
2009/6/16,934.80 
2009/6/17,938.87 
2009/6/18,933.06 
2009/6/19,934.05 
2009/6/22,922.70 
2009/6/23,925.83 
2009/6/24,931.40 
2009/6/25,939.25 
2009/6/26,939.60 
2009/6/29,937.95 
2009/6/30,926.60 
2009/7/1,940.80 
2009/7/2,929.80 
2009/7/3,932.25 
2009/7/6,924.95 
2009/7/7,924.68 
2009/7/8,909.50 
2009/7/9,912.35 
2009/7/10,913.05 
2009/7/13,920.30 
2009/7/14,925.70 
2009/7/15,939.20 
2009/7/16,937.34 
2009/7/17,937.50 
2009/7/20,948.70 
2009/7/21,948.50 
2009/7/22,951.40 
2009/7/23,949.15 
2009/7/24,951.35 
2009/7/27,953.84 
2009/7/28,937.50 
2009/7/29,930.00 
2009/7/30,934.40 
2009/7/31,954.00 
2009/8/3,956.80 
2009/8/4,966.95 
2009/8/5,963.45 
2009/8/6,963.25 
2009/8/7,954.95 
2009/8/10,946.30 
2009/8/11,946.10 
2009/8/12,947.10 
2009/8/13,954.95 
2009/8/14,948.55 
2009/8/17,934.55 
2009/8/18,938.60 
2009/8/19,942.05 
2009/8/20,940.65 
2009/8/21,953.85 
2009/8/24,941.55 
2009/8/25,944.75 
2009/8/26,945.55 
2009/8/27,948.15 
2009/8/28,955.00 
2009/8/31,951.25 
2009/9/1,956.35 
2009/9/2,978.50 
2009/9/3,991.85 
2009/9/4,994.40 
2009/9/7,995.25 
2009/9/8,995.40 
2009/9/9,992.30 
2009/9/10,996.60 
2009/9/11,1005.20 
2009/9/14,1000.20 
2009/9/15,1007.55 
2009/9/16,1017.30 
2009/9/17,1013.60 
2009/9/18,1007.60 
2009/9/21,1003.70 
2009/9/22,1014.40 
2009/9/23,1008.40 
2009/9/24,994.10 
2009/9/25,991.00 
2009/9/28,991.05 
2009/9/29,992.40 
2009/9/30,1007.70 
2009/10/1,999.20 
2009/10/2,1002.80 
2009/10/5,1017.30 
2009/10/6,1042.10 
2009/10/7,1044.20 
2009/10/8,1055.10 
2009/10/9,1049.25 
2009/10/12,1057.10 
2009/10/13,1064.30 
2009/10/14,1062.40 
2009/10/15,1050.20 
2009/10/16,1053.60 
2009/10/19,1064.20 
2009/10/20,1055.20 
2009/10/21,1059.00 
2009/10/22,1060.10 
2009/10/23,1055.40 
2009/10/26,1038.50 
2009/10/27,1040.05 
2009/10/28,1028.10 
2009/10/29,1047.00 
2009/10/30,1045.40 
2009/11/2,1059.50 
2009/11/3,1084.40 
2009/11/4,1092.20 
2009/11/5,1090.30 
2009/11/6,1095.10 
2009/11/9,1103.80 
2009/11/10,1105.80 
2009/11/11,1117.40 
2009/11/12,1103.80 
2009/11/13,1118.70 
2009/11/16,1139.20 
2009/11/17,1141.30 
2009/11/18,1145.50 
2009/11/19,1144.60 
2009/11/20,1150.60 
2009/11/23,1166.10 
2009/11/24,1169.40 
2009/11/25,1191.80 
2009/11/26,1188.38 
2009/11/27,1177.63 
2009/11/30,1179.60 
2009/12/1,1196.60 
2009/12/2,1215.70 
2009/12/3,1207.60 
2009/12/4,1161.40 
2009/12/7,1158.10 
2009/12/8,1128.40 
2009/12/9,1128.60 
2009/12/10,1131.00 
2009/12/11,1115.40 
2009/12/14,1126.70 
2009/12/15,1125.20 
2009/12/16,1137.90 
2009/12/17,1098.90 
2009/12/18,1113.20 
2009/12/21,1093.40 
2009/12/22,1084.00 
2009/12/23,1087.55 
2009/12/24,1105.40 
2009/12/25,1105.45 
2009/12/28,1107.30 
2009/12/29,1096.83 
2009/12/30,1092.90 
2009/12/31,1096.95 
2010/1/1,1097.32 
2010/1/4,1121.20 
2010/1/5,1118.00 
2010/1/6,1138.40 
2010/1/7,1131.60 
2010/1/8,1138.25 
2010/1/11,1151.85 
2010/1/12,1128.50 
2010/1/13,1138.20 
2010/1/14,1142.85 
2010/1/15,1130.93 
2010/1/18,1133.60 
2010/1/19,1138.20 
2010/1/20,1111.05 
2010/1/21,1093.95 
2010/1/22,1093.20 
2010/1/25,1098.40 
2010/1/26,1097.55 
2010/1/27,1087.90 
2010/1/28,1087.10 
2010/1/29,1080.85 
2010/2/1,1105.50 
2010/2/2,1114.45 
2010/2/3,1109.80 
2010/2/4,1063.70 
2010/2/5,1066.30 
2010/2/8,1062.85 
2010/2/9,1078.09 
2010/2/10,1072.10 
2010/2/11,1095.40 
2010/2/12,1093.38 
2010/2/15,1101.10 
2010/2/16,1119.45 
2010/2/17,1106.81 
2010/2/18,1108.70 
2010/2/19,1119.20 
2010/2/22,1114.25 
2010/2/23,1103.40 
2010/2/24,1097.75 
2010/2/25,1106.35 
2010/2/26,1117.60 
2010/3/1,1118.99 
2010/3/2,1134.70 
2010/3/3,1139.90 
2010/3/4,1132.20 
2010/3/5,1134.65 
2010/3/8,1123.55 
2010/3/9,1121.85 
2010/3/10,1108.41 
2010/3/11,1109.50 
2010/3/12,1101.90 
2010/3/15,1108.45 
2010/3/16,1127.70 
2010/3/17,1120.35 
2010/3/18,1127.35 
2010/3/19,1107.00 
2010/3/22,1102.25 
2010/3/23,1105.15 
2010/3/24,1086.65 
2010/3/25,1090.50 
2010/3/26,1107.50 
2010/3/29,1109.72 
2010/3/30,1103.60 
2010/3/31,1113.25 
2010/4/1,1126.80 
2010/4/2,1119.80 
2010/4/5,1131.90 
2010/4/6,1134.30 
2010/4/7,1149.35 
2010/4/8,1150.55 
2010/4/9,1162.00 
2010/4/12,1156.20 
2010/4/13,1150.65 
2010/4/14,1155.35 
2010/4/15,1159.25 
2010/4/16,1137.40 
2010/4/19,1135.75 
2010/4/20,1140.75 
2010/4/21,1146.75 
2010/4/22,1141.50 
2010/4/23,1157.60 
2010/4/26,1153.50 
2010/4/27,1167.85 
2010/4/28,1165.70 
2010/4/29,1166.85 
2010/4/30,1179.20 
2010/5/3,1182.18 
2010/5/4,1171.28 
2010/5/5,1175.28 
2010/5/6,1208.57 
2010/5/7,1208.40 
2010/5/10,1203.10 
2010/5/11,1232.88 
2010/5/12,1238.93 
2010/5/13,1232.70 
2010/5/14,1233.18 
2010/5/17,1222.45 
2010/5/18,1225.15 
2010/5/19,1193.75 
2010/5/20,1182.35 
2010/5/21,1177.10 
2010/5/24,1191.65 
2010/5/25,1204.25 
2010/5/26,1211.80 
2010/5/27,1212.65 
2010/5/28,1214.38 
2010/5/31,1216.20 
2010/6/1,1225.65 
2010/6/2,1223.45 
2010/6/3,1206.65 
2010/6/4,1219.90 
2010/6/7,1240.25 
2010/6/8,1236.55 
2010/6/9,1233.50 
2010/6/10,1216.55 
2010/6/11,1226.70 
2010/6/14,1221.25 
2010/6/15,1234.15 
2010/6/16,1229.00 
2010/6/17,1245.15 
2010/6/18,1256.80 
2010/6/21,1233.70 
2010/6/22,1240.05 
2010/6/23,1237.35 
2010/6/24,1243.45 
2010/6/25,1255.60 
2010/6/28,1238.95 
2010/6/29,1240.65 
2010/6/30,1242.25 
2010/7/1,1198.95 
2010/7/2,1211.60 
2010/7/5,1209.27 
2010/7/6,1192.63 
2010/7/7,1202.75 
2010/7/8,1198.10 
2010/7/9,1211.60 
2010/7/12,1196.85 
2010/7/13,1212.35 
2010/7/14,1208.30 
2010/7/15,1208.25 
2010/7/16,1193.00 
2010/7/19,1182.95 
2010/7/20,1192.05 
2010/7/21,1185.05 
2010/7/22,1194.95 
2010/7/23,1189.20 
2010/7/26,1183.55 
2010/7/27,1161.60 
2010/7/28,1163.60 
2010/7/29,1168.25 
2010/7/30,1181.00 
2010/8/2,1182.85 
2010/8/3,1186.15 
2010/8/4,1194.95 
2010/8/5,1194.95 
2010/8/6,1205.40 
2010/8/9,1201.35 
2010/8/10,1204.25 
2010/8/11,1198.10 
2010/8/12,1213.85 
2010/8/13,1215.50 
2010/8/16,1225.15 
2010/8/17,1224.85 
2010/8/18,1229.45 
2010/8/19,1232.15 
2010/8/20,1227.80 
2010/8/23,1226.15 
2010/8/24,1230.65 
2010/8/25,1240.05 
2010/8/26,1237.60 
2010/8/27,1238.10 
2010/8/30,1236.97 
2010/8/31,1247.45 
2010/9/1,1244.30 
2010/9/2,1250.95 
2010/9/3,1246.75 
2010/9/6,1250.05 
2010/9/7,1255.55 
2010/9/8,1254.95 
2010/9/9,1243.65 
2010/9/10,1246.25 
2010/9/13,1245.60 
2010/9/14,1268.15 
2010/9/15,1268.05 
2010/9/16,1275.25 
2010/9/17,1274.30 
2010/9/20,1278.35 
2010/9/21,1287.15 
2010/9/22,1291.35 
2010/9/23,1292.45 
2010/9/24,1295.95 
2010/9/27,1294.35 
2010/9/28,1309.05 
2010/9/29,1309.85 
2010/9/30,1308.35 
2010/10/1,1319.10 
2010/10/4,1315.25 
2010/10/5,1340.65 
2010/10/6,1349.05 
2010/10/7,1333.55 
2010/10/8,1346.74 
2010/10/11,1354.05 
2010/10/12,1350.35 
2010/10/13,1372.15 
2010/10/14,1381.15 
2010/10/15,1368.40 
2010/10/18,1368.45 
2010/10/19,1332.05 
2010/10/20,1346.25 
2010/10/21,1325.68 
2010/10/22,1328.45 
2010/10/25,1339.85 
2010/10/26,1340.45 
2010/10/27,1325.35 
2010/10/28,1344.05 
2010/10/29,1359.40 
2010/11/1,1353.85 
2010/11/2,1357.45 
2010/11/3,1348.55 
2010/11/4,1392.50 
2010/11/5,1393.65 
2010/11/8,1409.55 
2010/11/9,1392.90 
2010/11/10,1403.90 
2010/11/11,1408.65 
2010/11/12,1368.75 
2010/11/15,1360.60 
2010/11/16,1339.70 
2010/11/17,1336.00 
2010/11/18,1353.07 
2010/11/19,1352.93 
2010/11/22,1363.50 
2010/11/23,1376.90 
2010/11/24,1375.00 
2010/11/25,1375.90 
2010/11/26,1365.20 
2010/11/29,1366.90 
2010/11/30,1386.02 
2010/12/1,1387.90 
2010/12/2,1386.70 
2010/12/3,1414.07 
2010/12/6,1423.75 
2010/12/7,1402.05 
2010/12/8,1382.07 
2010/12/9,1387.10 
2010/12/10,1386.00 
2010/12/13,1394.18 
2010/12/14,1396.25 
2010/12/15,1380.82 
2010/12/16,1370.28 
2010/12/17,1375.45 
2010/12/20,1385.25 
2010/12/21,1385.60 
2010/12/22,1385.35 
2010/12/23,1380.10 
2010/12/24,1381.47 
2010/12/27,1383.75 
2010/12/28,1405.90 
2010/12/29,1411.75 
2010/12/30,1404.68 
2010/12/31,1420.78 
2011/1/3,1414.80 
2011/1/4,1380.72 
2011/1/5,1378.32 
2011/1/6,1371.60 
2011/1/7,1369.57 
2011/1/10,1375.68 
2011/1/11,1381.53 
2011/1/12,1387.85 
2011/1/13,1373.78 
2011/1/14,1361.72 
2011/1/17,1362.65 
2011/1/18,1368.25 
2011/1/19,1369.93 
2011/1/20,1346.28 
2011/1/21,1342.68 
2011/1/24,1334.35 
2011/1/25,1332.32 
2011/1/26,1345.85 
2011/1/27,1313.93 
2011/1/28,1336.75 
2011/1/31,1332.80 
2011/2/1,1338.10 
2011/2/2,1335.32 
2011/2/3,1354.35 
2011/2/4,1348.85 
2011/2/7,1351.30 
2011/2/8,1364.03 
2011/2/9,1363.65 
2011/2/10,1363.80 
2011/2/11,1357.05 
2011/2/14,1361.85 
2011/2/15,1373.80 
2011/2/16,1374.43 
2011/2/17,1384.10 
2011/2/18,1389.53 
2011/2/21,1406.45 
2011/2/22,1399.13 
2011/2/23,1411.70 
2011/2/24,1402.88 
2011/2/25,1410.60 
2011/2/28,1411.48 
2011/3/1,1433.28 
2011/3/2,1434.50 
2011/3/3,1416.00 
2011/3/4,1430.90 
2011/3/7,1432.05 
2011/3/8,1428.95 
2011/3/9,1430.97 
2011/3/10,1411.80 
2011/3/11,1417.45 
2011/3/14,1426.40 
2011/3/15,1395.70 
2011/3/16,1398.88 
2011/3/17,1403.72 
2011/3/18,1418.90 
2011/3/21,1427.68 
2011/3/22,1427.65 
2011/3/23,1437.40 
2011/3/24,1430.65 
2011/3/25,1429.74 
2011/3/28,1420.40 
2011/3/29,1418.50 
2011/3/30,1423.02 
2011/3/31,1432.30 
2011/4/1,1428.80 
2011/4/4,1433.95 
2011/4/5,1455.73 
2011/4/6,1459.70 
2011/4/7,1458.07 
2011/4/8,1474.93 
2011/4/11,1463.15 
2011/4/12,1453.10 
2011/4/13,1457.30 
2011/4/14,1474.18 
2011/4/15,1486.70 
2011/4/18,1495.30 
2011/4/19,1496.32 
2011/4/20,1502.55 
2011/4/21,1506.25 
2011/4/22,1506.85 
2011/4/25,1507.23 
2011/4/26,1506.30 
2011/4/27,1527.35 
2011/4/28,1536.20 
2011/4/29,1563.70 
2011/5/2,1545.35 
2011/5/3,1535.97 
2011/5/4,1516.32 
2011/5/5,1474.30 
2011/5/6,1495.60 
2011/5/9,1513.75 
2011/5/10,1516.28 
2011/5/11,1501.20 
2011/5/12,1505.90 
2011/5/13,1495.02 
2011/5/16,1489.30 
2011/5/17,1486.80 
2011/5/18,1497.15 
2011/5/19,1493.35 
2011/5/20,1512.30 
2011/5/23,1517.03 
2011/5/24,1526.63 
2011/5/25,1525.32 
2011/5/26,1519.15 
2011/5/27,1536.40 
2011/5/30,1537.15 
2011/5/31,1535.80 
2011/6/1,1539.80 
2011/6/2,1533.57 
2011/6/3,1541.95 
2011/6/6,1544.65 
2011/6/7,1544.15 
2011/6/8,1537.65 
2011/6/9,1544.10 
2011/6/10,1531.65 
2011/6/13,1516.10 
2011/6/14,1523.78 
2011/6/15,1530.88 
2011/6/16,1529.80 
2011/6/17,1539.45 
2011/6/20,1540.70 
2011/6/21,1546.30 
2011/6/22,1548.95 
2011/6/23,1521.40 
2011/6/24,1502.65 
2011/6/27,1498.05 
2011/6/28,1501.40 
2011/6/29,1512.30 
2011/6/30,1500.35 
2011/7/1,1487.78 
2011/7/4,1497.07 
2011/7/5,1515.65 
2011/7/6,1528.90 
2011/7/7,1532.38 
2011/7/8,1544.15 
2011/7/11,1553.47 
2011/7/12,1567.70 
2011/7/13,1582.38 
2011/7/14,1587.30 
2011/7/15,1593.55 
2011/7/18,1604.85 
2011/7/19,1588.45 
2011/7/20,1600.50 
2011/7/21,1590.70 
2011/7/22,1601.27 
2011/7/25,1614.15 
2011/7/26,1619.30 
2011/7/27,1613.65 
2011/7/28,1615.95 
2011/7/29,1627.88 
2011/8/1,1619.00 
2011/8/2,1661.18 
2011/8/3,1661.75 
2011/8/4,1646.53 
2011/8/5,1663.80 
2011/8/8,1719.53 
2011/8/9,1740.40 
2011/8/10,1793.05 
2011/8/11,1764.10 
2011/8/12,1746.90 
2011/8/15,1765.85 
2011/8/16,1785.70 
2011/8/17,1791.25 
2011/8/18,1823.80 
2011/8/19,1852.10 
2011/8/22,1897.60 
2011/8/23,1828.35 
2011/8/24,1759.32 
2011/8/25,1774.15 
2011/8/26,1827.95 
2011/8/29,1788.43 
2011/8/30,1835.43 
2011/8/31,1825.72 
2011/9/1,1826.15 
2011/9/2,1882.88 
2011/9/5,1900.23 
2011/9/6,1875.40 
2011/9/7,1817.47 
2011/9/8,1870.18 
2011/9/9,1855.70 
2011/9/12,1815.30 
2011/9/13,1833.60 
2011/9/14,1819.63 
2011/9/15,1788.57 
2011/9/16,1811.88 
2011/9/19,1778.68 
2011/9/20,1803.63 
2011/9/21,1782.35 
2011/9/22,1740.13 
2011/9/23,1656.80 
2011/9/26,1626.35 
2011/9/27,1650.13 
2011/9/28,1608.80 
2011/9/29,1614.40 
2011/9/30,1623.97 
2011/10/3,1658.32 
2011/10/4,1623.95 
2011/10/5,1641.05 
2011/10/6,1651.43 
2011/10/7,1637.85 
2011/10/10,1676.55 
2011/10/11,1662.40 
2011/10/12,1676.03 
2011/10/13,1668.14 
2011/10/14,1680.73 
2011/10/17,1670.85 
2011/10/18,1657.85 
2011/10/19,1640.75 
2011/10/20,1620.80 
2011/10/21,1642.38 
2011/10/24,1653.48 
2011/10/25,1705.53 
2011/10/26,1724.82 
2011/10/27,1744.85 
2011/10/28,1743.75 
2011/10/31,1714.85 
2011/11/1,1719.90 
2011/11/2,1738.60 
2011/11/3,1763.82 
2011/11/4,1754.65 
2011/11/7,1795.10 
2011/11/8,1786.30 
2011/11/9,1769.95 
2011/11/10,1758.40 
2011/11/11,1788.68 
2011/11/14,1780.43 
2011/11/15,1780.82 
2011/11/16,1763.38 
2011/11/17,1721.78 
2011/11/18,1723.95 
2011/11/21,1677.32 
2011/11/22,1699.82 
2011/11/23,1692.27 
2011/11/24,1694.32 
2011/11/25,1683.53 
2011/11/28,1712.35 
2011/11/29,1715.72 
2011/11/30,1746.38 
2011/12/1,1744.82 
2011/12/2,1746.75 
2011/12/5,1723.00 
2011/12/6,1728.20 
2011/12/7,1741.80 
2011/12/8,1708.38 
2011/12/9,1711.60 
2011/12/12,1666.57 
2011/12/13,1631.57 
2011/12/14,1574.05 
2011/12/15,1570.52 
2011/12/16,1598.95 
2011/12/19,1594.27 
2011/12/20,1615.90 
2011/12/21,1615.23 
2011/12/22,1605.55 
2011/12/23,1606.35 
2011/12/26,1606.95 
2011/12/27,1593.22 
2011/12/28,1555.43 
2011/12/29,1545.97 
2011/12/30,1563.70 
2012/1/2,1566.27 
2012/1/3,1603.50 
2012/1/4,1611.60 
2012/1/5,1622.72 
2012/1/6,1617.95 
2012/1/9,1611.57 
2012/1/10,1632.35 
2012/1/11,1641.97 
2012/1/12,1650.25 
2012/1/13,1639.00 
2012/1/16,1643.80 
2012/1/17,1652.05 
2012/1/18,1659.95 
2012/1/19,1658.35 
2012/1/20,1666.65 
2012/1/23,1677.18 
2012/1/24,1665.68 
2012/1/25,1710.57 
2012/1/26,1720.65 
2012/1/27,1739.07 
2012/1/30,1730.07 
2012/1/31,1737.60 
2012/2/1,1743.40 
2012/2/2,1759.48 
2012/2/3,1726.25 
2012/2/6,1720.35 
2012/2/7,1745.48 
2012/2/8,1733.20 
2012/2/9,1729.40 
2012/2/10,1722.00 
2012/2/13,1722.27 
2012/2/14,1720.18 
2012/2/15,1728.15 
2012/2/16,1728.07 
2012/2/17,1723.38 
2012/2/20,1734.95 
2012/2/21,1759.13 
2012/2/22,1776.22 
2012/2/23,1780.68 
2012/2/24,1772.45 
2012/2/27,1767.68 
2012/2/28,1784.23 
2012/2/29,1696.85 
2012/3/1,1718.28 
2012/3/2,1712.60 
2012/3/5,1706.50 
2012/3/6,1674.32 
2012/3/7,1684.98 
2012/3/8,1699.77 
2012/3/9,1713.65 
2012/3/12,1701.32 
2012/3/13,1674.10 
2012/3/14,1644.88 
2012/3/15,1658.43 
2012/3/16,1660.00 
2012/3/19,1664.52 
2012/3/20,1650.77 
2012/3/21,1650.43 
2012/3/22,1645.90 
2012/3/23,1661.90 
2012/3/26,1690.07 
2012/3/27,1680.77 
2012/3/28,1663.68 
2012/3/29,1661.57 
2012/3/30,1668.35 
2012/4/2,1677.68 
2012/4/3,1646.13 
2012/4/4,1620.77 
2012/4/5,1631.23 
2012/4/6,1636.43 
2012/4/9,1640.20 
2012/4/10,1659.93 
2012/4/11,1659.13 
2012/4/12,1675.77 
2012/4/13,1658.15 
2012/4/16,1651.88 
2012/4/17,1649.57 
2012/4/18,1642.10 
2012/4/19,1642.93 
2012/4/20,1642.93 
2012/4/23,1638.82 
2012/4/24,1642.27 
2012/4/25,1643.63 
2012/4/26,1657.43 
2012/4/27,1662.75 
2012/4/30,1664.75 
2012/5/1,1662.43 
2012/5/2,1653.50 
2012/5/3,1635.98 
2012/5/4,1642.22 
2012/5/7,1638.55 
2012/5/8,1605.47 
2012/5/9,1589.57 
2012/5/10,1594.02 
2012/5/11,1579.40 
2012/5/14,1556.72 
2012/5/15,1544.21 
2012/5/16,1539.57 
2012/5/17,1574.27 
2012/5/18,1592.99 
2012/5/21,1593.07 
2012/5/22,1568.50 
2012/5/23,1561.45 
2012/5/24,1559.25 
2012/5/25,1573.03 
2012/5/28,1580.94 
2012/5/29,1555.15 
2012/5/30,1563.38 
2012/5/31,1560.43 
2012/6/1,1624.10 
2012/6/4,1618.85 
2012/6/5,1617.05 
2012/6/6,1619.30 
2012/6/7,1589.40 
2012/6/8,1593.45 
2012/6/11,1596.77 
2012/6/12,1609.80 
2012/6/13,1617.05 
2012/6/14,1623.73 
2012/6/15,1627.10 
2012/6/18,1628.07 
2012/6/19,1618.52 
2012/6/20,1607.48 
2012/6/21,1566.28 
2012/6/22,1572.45 
2012/6/25,1584.48 
2012/6/26,1572.93 
2012/6/27,1574.20 
2012/6/28,1552.63 
2012/6/29,1597.40 
2012/7/2,1597.10 
2012/7/3,1617.35 
2012/7/4,1615.63 
2012/7/5,1604.68 
2012/7/6,1583.75 
2012/7/9,1587.68 
2012/7/10,1567.28 
2012/7/11,1576.40 
2012/7/12,1571.95 
2012/7/13,1589.68 
2012/7/16,1589.38 
2012/7/17,1583.40 
2012/7/18,1573.52 
2012/7/19,1581.43 
2012/7/20,1584.50 
2012/7/23,1576.95 
2012/7/24,1580.95 
2012/7/25,1604.45 
2012/7/26,1615.77 
2012/7/27,1622.90 
2012/7/30,1621.97 
2012/7/31,1614.30 
2012/8/1,1599.48 
2012/8/2,1588.63 
2012/8/3,1603.48 
2012/8/6,1610.50 
2012/8/7,1612.20 
2012/8/8,1612.13 
2012/8/9,1617.25 
2012/8/10,1620.20 
2012/8/13,1609.75 
2012/8/14,1599.05 
2012/8/15,1603.10 
2012/8/16,1615.10 
2012/8/17,1616.05 
2012/8/20,1620.50 
2012/8/21,1637.80 
2012/8/22,1654.65 
2012/8/23,1670.60 
2012/8/24,1670.55 
2012/8/27,1664.10 
2012/8/28,1666.90 
2012/8/29,1656.50 
2012/8/30,1655.60 
2012/8/31,1692.01 
2012/9/3,1692.50 
2012/9/4,1695.75 
2012/9/5,1693.00 
2012/9/6,1700.28 
2012/9/7,1735.65 
2012/9/10,1726.25 
2012/9/11,1732.20 
2012/9/12,1730.80 
2012/9/13,1767.04 
2012/9/14,1770.40 
2012/9/17,1761.45 
2012/9/18,1772.00 
2012/9/19,1770.40 
2012/9/20,1768.60 
2012/9/21,1773.10 
2012/9/24,1764.45 
2012/9/25,1760.65 
2012/9/26,1752.75 
2012/9/27,1777.25 
2012/9/28,1772.10 
2012/10/1,1775.30 
2012/10/2,1774.70 
2012/10/3,1778.00 
2012/10/4,1790.40 
2012/10/5,1780.60 
2012/10/8,1774.95 
2012/10/9,1764.30 
2012/10/10,1762.35 
2012/10/11,1767.35 
2012/10/12,1754.48 
2012/10/15,1737.55 
2012/10/16,1747.60 
2012/10/17,1750.15 
2012/10/18,1741.30 
2012/10/19,1721.75 
2012/10/22,1728.50 
2012/10/23,1707.65 
2012/10/24,1701.95 
2012/10/25,1712.10 
2012/10/26,1711.30 
2012/10/29,1709.35 
2012/10/30,1709.60 
2012/10/31,1720.65 
2012/11/1,1714.25 
2012/11/2,1678.10 
2012/11/5,1685.00 
2012/11/6,1716.00 
2012/11/7,1717.75 
2012/11/8,1731.45 
2012/11/9,1731.18 
2012/11/12,1728.20 
2012/11/13,1725.00 
2012/11/14,1726.35 
2012/11/15,1715.80 
2012/11/16,1713.75 
2012/11/19,1731.70 
2012/11/20,1727.30 
2012/11/21,1728.70 
2012/11/22,1729.55 
2012/11/23,1753.00 
2012/11/26,1748.65 
2012/11/27,1742.15 
2012/11/28,1719.75 
2012/11/29,1725.70 
2012/11/30,1714.80 
2012/12/3,1716.00 
2012/12/4,1697.55 
2012/12/5,1693.95 
2012/12/6,1699.90 
2012/12/7,1704.05 
2012/12/10,1712.95 
2012/12/11,1710.30 
2012/12/12,1711.65 
2012/12/13,1696.95 
2012/12/14,1696.10 
2012/12/17,1698.15 
2012/12/18,1671.10 
2012/12/19,1667.25 
2012/12/20,1647.70 
2012/12/21,1657.25 
2012/12/24,1657.48 
2012/12/25,1658.90 
2012/12/26,1659.75 
2012/12/27,1664.26 
2012/12/28,1655.85 
2012/12/31,1675.35 
2013/1/1,1665.16 
2013/1/2,1686.90 
2013/1/3,1663.95 
2013/1/4,1655.65 
2013/1/7,1646.95 
2013/1/8,1659.25 
2013/1/9,1657.75 
2013/1/10,1675.45 
2013/1/11,1662.80 
2013/1/14,1667.85 
2013/1/15,1679.45 
2013/1/16,1679.95 
2013/1/17,1687.55 
2013/1/18,1684.30 
2013/1/21,1690.05 
2013/1/22,1692.70 
2013/1/23,1685.85 
2013/1/24,1667.95 
2013/1/25,1658.70 
2013/1/28,1655.50 
2013/1/29,1663.80 
2013/1/30,1677.05 
2013/1/31,1663.65 
2013/2/1,1667.45 
2013/2/4,1673.70 
2013/2/5,1672.95 
2013/2/6,1677.70 
2013/2/7,1671.65 
2013/2/8,1667.20 
2013/2/11,1647.95 
2013/2/12,1651.15 
2013/2/13,1642.55 
2013/2/14,1634.75 
2013/2/15,1610.10 
2013/2/18,1610.05 
2013/2/19,1605.05 
2013/2/20,1564.55 
2013/2/21,1576.40 
2013/2/22,1581.40 
2013/2/25,1593.50 
2013/2/26,1613.85 
2013/2/27,1597.40 
2013/2/28,1579.58 
2013/3/1,1576.23 
2013/3/4,1573.77 
2013/3/5,1575.50 
2013/3/6,1583.90 
2013/3/7,1578.97 
2013/3/8,1578.80 
2013/3/11,1581.55 
2013/3/12,1592.80 
2013/3/13,1587.70 
2013/3/14,1590.20 
2013/3/15,1591.95 
2013/3/18,1605.63 
2013/3/19,1612.75 
2013/3/20,1606.83 
2013/3/21,1614.88 
2013/3/22,1608.58 
2013/3/25,1605.08 
2013/3/26,1600.04 
2013/3/27,1605.25 
2013/3/28,1596.82 
2013/3/29,1598.75 
2013/4/1,1599.52 
2013/4/2,1575.90 
2013/4/3,1557.95 
2013/4/4,1554.59 
2013/4/5,1581.15 
2013/4/8,1573.64 
2013/4/9,1585.34 
2013/4/10,1558.54 
2013/4/11,1561.45 
2013/4/12,1483.00 
2013/4/15,1347.95 
2013/4/16,1367.89 
2013/4/17,1376.50 
2013/4/18,1390.59 
2013/4/19,1390.59 
2013/4/22,1426.45 
2013/4/23,1413.00 
2013/4/24,1431.95 
2013/4/25,1467.88 
2013/4/26,1462.09 
2013/4/29,1475.93 
2013/4/30,1476.75 
2013/5/1,1457.58 
2013/5/2,1467.08 
2013/5/3,1470.75 
2013/5/6,1469.40 
2013/5/7,1452.73 
2013/5/8,1474.07 
2013/5/9,1458.25 
2013/5/10,1448.20 
2013/5/13,1430.58 
2013/5/14,1425.40 
2013/5/15,1393.03 
2013/5/16,1386.00 
2013/5/17,1359.55 
2013/5/20,1393.80 
2013/5/21,1376.37 
2013/5/22,1370.40 
2013/5/23,1391.10 
2013/5/24,1386.65 
2013/5/27,1394.78 
2013/5/28,1381.23 
2013/5/29,1393.10 
2013/5/30,1414.15 
2013/5/31,1387.92 
2013/6/3,1411.40 
2013/6/4,1399.43 
2013/6/5,1403.40 
2013/6/6,1413.91 
2013/6/7,1383.05 
2013/6/10,1386.50 
2013/6/11,1378.37 
2013/6/12,1388.90 
2013/6/13,1386.02 
2013/6/14,1390.74 
2013/6/17,1385.35 
2013/6/18,1367.65 
2013/6/19,1351.26 
2013/6/20,1285.05 
2013/6/21,1296.40 
2013/6/24,1282.38 
2013/6/25,1277.65 
2013/6/26,1226.65 
2013/6/27,1200.65 
2013/6/28,1234.57 
2013/7/1,1252.55 
2013/7/2,1243.49 
2013/7/3,1252.83 
2013/7/4,1249.90 
2013/7/5,1223.20 
2013/7/8,1237.07 
2013/7/9,1251.44 
2013/7/10,1259.78 
2013/7/11,1286.20 
2013/7/12,1285.70 
2013/7/15,1284.57 
2013/7/16,1292.22 
2013/7/17,1276.11 
2013/7/18,1284.24 
2013/7/19,1296.10 
2013/7/22,1335.88 
2013/7/23,1345.20 
2013/7/24,1322.25 
2013/7/25,1333.90 
2013/7/26,1333.30 
2013/7/29,1328.02 
2013/7/30,1326.30 
2013/7/31,1325.25 
2013/8/1,1310.11 
2013/8/2,1311.75 
2013/8/5,1303.07 
2013/8/6,1283.17 
2013/8/7,1287.65 
2013/8/8,1313.40 
2013/8/9,1314.40 
2013/8/12,1338.30 
2013/8/13,1321.67 
2013/8/14,1336.15 
2013/8/15,1366.31 
2013/8/16,1376.87 
2013/8/19,1365.98 
2013/8/20,1371.17 
2013/8/21,1366.76 
2013/8/22,1376.17 
2013/8/23,1397.75 
2013/8/26,1404.70 
2013/8/27,1415.09 
2013/8/28,1417.51 
2013/8/29,1407.75 
2013/8/30,1395.15 
2013/9/2,1391.32 
2013/9/3,1412.42 
2013/9/4,1391.63 
2013/9/5,1367.50 
2013/9/6,1391.90 
2013/9/9,1387.03 
2013/9/10,1363.85 
2013/9/11,1365.47 
2013/9/12,1321.67 
2013/9/13,1326.39 
2013/9/16,1312.98 
2013/9/17,1310.64 
2013/9/18,1364.02 
2013/9/19,1366.35 
2013/9/20,1326.05 
2013/9/23,1322.74 
2013/9/24,1323.35 
2013/9/25,1334.48 
2013/9/26,1324.09 
2013/9/27,1336.65 
2013/9/30,1328.94 
2013/10/1,1287.65 
2013/10/2,1316.19 
2013/10/3,1316.77 
2013/10/4,1310.80 
2013/10/7,1323.23 
2013/10/8,1319.32 
2013/10/9,1305.80 
2013/10/10,1287.60 
2013/10/11,1272.18 
2013/10/14,1272.39 
2013/10/15,1282.38 
2013/10/16,1282.48 
2013/10/17,1320.34 
2013/10/18,1316.25 
2013/10/21,1316.00 
2013/10/22,1340.15 
2013/10/23,1333.42 
2013/10/24,1346.78 
2013/10/25,1350.80 
2013/10/28,1352.65 
2013/10/29,1345.05 
2013/10/30,1344.57 
2013/10/31,1323.10 
2013/11/1,1316.20 
2013/11/4,1314.35 
2013/11/5,1311.81 
2013/11/6,1317.93 
2013/11/7,1307.65 
2013/11/8,1288.60 
2013/11/11,1282.80 
2013/11/12,1268.00 
2013/11/13,1281.82 
2013/11/14,1287.20 
2013/11/15,1290.20 
2013/11/18,1275.40 
2013/11/19,1275.65 
2013/11/20,1244.25 
2013/11/21,1243.08 
2013/11/22,1243.63 
2013/11/25,1251.30 
2013/11/26,1242.79 
2013/11/27,1237.97 
2013/11/28,1244.13 
2013/11/29,1253.49 
2013/12/2,1219.75 
2013/12/3,1223.42 
2013/12/4,1243.78 
2013/12/5,1225.17 
2013/12/6,1229.05 
2013/12/9,1240.41 
2013/12/10,1262.18 
2013/12/11,1252.25 
2013/12/12,1225.52 
2013/12/13,1238.80 
2013/12/16,1241.30 
2013/12/17,1231.05 
2013/12/18,1218.50 
2013/12/19,1188.68 
2013/12/20,1203.30 
2013/12/23,1198.82 
2013/12/24,1204.23 
2013/12/25,1204.24 
2013/12/26,1210.60 
2013/12/27,1213.35 
2013/12/30,1196.50 
2013/12/31,1205.65 
2014/1/1,1200.90 
2014/1/2,1224.40 
2014/1/3,1237.01 
2014/1/6,1238.07 
2014/1/7,1232.10 
2014/1/8,1225.94 
2014/1/9,1227.95 
2014/1/10,1248.45 
2014/1/13,1253.22 
2014/1/14,1245.19 
2014/1/15,1241.86 
2014/1/16,1242.39 
2014/1/17,1254.05 
2014/1/20,1254.66 
2014/1/21,1241.41 
2014/1/22,1237.08 
2014/1/23,1264.14 
2014/1/24,1270.07 
2014/1/27,1257.10 
2014/1/28,1256.88 
2014/1/29,1267.24 
2014/1/30,1243.92 
2014/1/31,1244.55 
2014/2/3,1257.68 
2014/2/4,1254.72 
2014/2/5,1257.92 
2014/2/6,1258.19 
2014/2/7,1267.27 
2014/2/10,1274.78 
2014/2/11,1291.46 
2014/2/12,1291.18 
2014/2/13,1302.90 
2014/2/14,1318.69 
2014/2/17,1331.50 
2014/2/18,1321.97 
2014/2/19,1311.60 
2014/2/20,1322.94 
2014/2/21,1324.28 
2014/2/24,1336.98 
2014/2/25,1340.64 
2014/2/26,1330.57 
2014/2/27,1331.33 
2014/2/28,1326.44 
2014/3/3,1350.58 
2014/3/4,1334.34 
2014/3/5,1336.90 
2014/3/6,1350.85 
2014/3/7,1339.98 
2014/3/10,1339.72 
2014/3/11,1348.97 
2014/3/12,1366.54 
2014/3/13,1370.06 
2014/3/14,1381.40 
2014/3/17,1365.85 
2014/3/18,1355.81 
2014/3/19,1330.85 
2014/3/20,1330.23 
2014/3/21,1333.30 
2014/3/24,1308.57 
2014/3/25,1311.41 
2014/3/26,1304.07 
2014/3/27,1290.74 
2014/3/28,1293.70 
2014/3/31,1284.72 
2014/4/1,1279.03 
2014/4/2,1290.51 
2014/4/3,1286.73 
2014/4/4,1302.70 
2014/4/7,1296.91 
2014/4/8,1308.27 
2014/4/9,1312.09 
2014/4/10,1317.68 
2014/4/11,1318.10 
2014/4/14,1326.23 
2014/4/15,1302.55 
2014/4/16,1302.13 
2014/4/17,1294.35 
2014/4/18,1294.60 
2014/4/21,1290.12 
2014/4/22,1283.85 
2014/4/23,1283.51 
2014/4/24,1293.83 
2014/4/25,1303.50 
2014/4/28,1295.69 
2014/4/29,1295.79 
2014/4/30,1291.52 
2014/5/1,1284.70 
2014/5/2,1299.60 
2014/5/5,1309.46 
2014/5/6,1307.37 
2014/5/7,1289.57 
2014/5/8,1289.91 
2014/5/9,1289.20 
2014/5/12,1295.23 
2014/5/13,1294.04 
2014/5/14,1305.26 
2014/5/15,1296.00 
2014/5/16,1292.50 
2014/5/19,1292.64 
2014/5/20,1293.84 
2014/5/21,1292.27 
2014/5/22,1293.55 
2014/5/23,1292.30 
2014/5/26,1292.34 
2014/5/27,1262.30 
2014/5/28,1258.27 
2014/5/29,1255.63 
2014/5/30,1250.50 
2014/6/2,1243.39 
2014/6/3,1244.70 
2014/6/4,1245.35 
2014/6/5,1253.05 
2014/6/6,1252.60 
2014/6/9,1251.81 
2014/6/10,1258.14 
2014/6/11,1260.74 
2014/6/12,1273.50 
2014/6/13,1276.63 
2014/6/16,1271.34 
2014/6/17,1271.55 
2014/6/18,1277.87 
2014/6/19,1319.62 
2014/6/20,1314.10 
2014/6/23,1317.35 
2014/6/24,1318.07 
2014/6/25,1318.05 
2014/6/26,1316.69 
2014/6/27,1315.20 
2014/6/30,1326.43 
2014/7/1,1326.20 
2014/7/2,1327.20 
2014/7/3,1320.02 
2014/7/4,1319.30 
2014/7/7,1319.72 
2014/7/8,1319.14 
2014/7/9,1325.72 
2014/7/10,1335.46 
2014/7/11,1338.40 
2014/7/14,1308.01 
2014/7/15,1294.63 
2014/7/16,1298.74 
2014/7/17,1318.53 
2014/7/18,1310.20 
2014/7/21,1311.90 
2014/7/22,1307.95 
2014/7/23,1304.31 
2014/7/24,1293.85 
2014/7/25,1307.80 
2014/7/28,1303.95 
2014/7/29,1298.95 
2014/7/30,1295.88 
2014/7/31,1282.73 
2014/8/1,1293.80 
2014/8/4,1288.59 
2014/8/5,1288.54 
2014/8/6,1305.62 
2014/8/7,1312.63 
2014/8/8,1309.30 
2014/8/11,1307.98 
2014/8/12,1308.41 
2014/8/13,1312.25 
2014/8/14,1316.32 
2014/8/15,1304.40 
2014/8/18,1297.90 
2014/8/19,1295.79 
2014/8/20,1290.96 
2014/8/21,1277.11 
2014/8/22,1280.70 
2014/8/25,1275.76 
2014/8/26,1280.82 
2014/8/27,1282.32 
2014/8/28,1289.70 
2014/8/29,1287.01 
2014/9/1,1287.05 
2014/9/2,1265.62 
2014/9/3,1269.01 
2014/9/4,1261.20 
2014/9/5,1268.30 
2014/9/8,1256.33 
2014/9/9,1255.15 
2014/9/10,1249.20 
2014/9/11,1240.07 
2014/9/12,1228.10 
2014/9/15,1232.57 
2014/9/16,1234.25 
2014/9/17,1222.37 
2014/9/18,1225.27 
2014/9/19,1216.00 
2014/9/22,1214.68 
2014/9/23,1222.42 
2014/9/24,1216.85 
2014/9/25,1221.30 
2014/9/26,1218.80 
2014/9/29,1214.85 
2014/9/30,1208.35 
2014/10/1,1212.75 
2014/10/2,1213.91 
2014/10/3,1190.85 
2014/10/6,1206.37 
2014/10/7,1208.66 
2014/10/8,1220.68 
2014/10/9,1223.65 
2014/10/10,1223.20 
2014/10/13,1236.22 
2014/10/14,1232.50 
2014/10/15,1239.92 
2014/10/16,1238.68 
2014/10/17,1238.10 
2014/10/20,1246.71 
2014/10/21,1248.97 
2014/10/22,1242.14 
2014/10/23,1232.97 
2014/10/24,1230.90 
2014/10/27,1225.68 
2014/10/28,1228.14 
2014/10/29,1211.73 
2014/10/30,1199.60 
2014/10/31,1172.59 
2014/11/3,1165.20 
2014/11/4,1168.38 
2014/11/5,1140.26 
2014/11/6,1141.57 
2014/11/7,1177.60 
2014/11/10,1150.97 
2014/11/11,1163.85 
2014/11/12,1162.60 
2014/11/13,1162.40 
2014/11/14,1188.40 
2014/11/17,1186.50 
2014/11/18,1196.45 
2014/11/19,1182.06 
2014/11/20,1193.53 
2014/11/21,1201.15 
2014/11/24,1197.70 
2014/11/25,1200.60 
2014/11/26,1198.10 
2014/11/27,1191.40 
2014/11/28,1167.23 
2014/12/1,1211.75 
2014/12/2,1197.67 
2014/12/3,1209.39 
2014/12/4,1205.03 
2014/12/5,1192.10 
2014/12/8,1203.15 
2014/12/9,1230.63 
2014/12/10,1226.00 
2014/12/11,1227.50 
2014/12/12,1222.30 
2014/12/15,1192.70 
2014/12/16,1196.90 
2014/12/17,1189.00 
2014/12/18,1198.65 
2014/12/19,1195.50 
2014/12/22,1176.75 
2014/12/23,1176.35 
2014/12/24,1173.60 
2014/12/25,1173.66 
2014/12/26,1195.05 
2014/12/29,1183.20 
2014/12/30,1200.40 
2014/12/31,1183.80 
2015/1/1,1183.81 
2015/1/2,1188.86 
2015/1/5,1204.21 
2015/1/6,1218.90 
2015/1/7,1210.56 
2015/1/8,1208.73 
2015/1/9,1223.13 
2015/1/12,1233.34 
2015/1/13,1230.58 
2015/1/14,1229.68 
2015/1/15,1261.75 
2015/1/16,1279.96 
2015/1/19,1276.46 
2015/1/20,1293.59 
2015/1/21,1293.26 
2015/1/22,1301.53 
2015/1/23,1294.29 
2015/1/26,1281.04 
2015/1/27,1292.24 
2015/1/28,1284.85 
2015/1/29,1257.20 
2015/1/30,1283.12 
2015/2/2,1275.01 
2015/2/3,1259.84 
2015/2/4,1269.91 
2015/2/5,1264.51 
2015/2/6,1233.38 
2015/2/9,1239.48 
2015/2/10,1233.76 
2015/2/11,1218.85 
2015/2/12,1222.22 
2015/2/13,1229.64 
2015/2/16,1230.49 
2015/2/17,1209.23 
2015/2/18,1212.60 
2015/2/19,1207.13 
2015/2/20,1202.08 
2015/2/23,1201.60 
2015/2/24,1199.67 
2015/2/25,1204.69 
2015/2/26,1208.89 
2015/2/27,1213.06 
2015/3/2,1206.79 
2015/3/3,1203.79 
2015/3/4,1199.80 
2015/3/5,1198.42 
2015/3/6,1166.95 
2015/3/9,1166.95 
2015/3/10,1161.42 
2015/3/11,1154.78 
2015/3/12,1152.37 
2015/3/13,1158.02 
2015/3/16,1154.19 
2015/3/17,1149.12 
2015/3/18,1167.00 
2015/3/19,1171.30 
2015/3/20,1182.20 
2015/3/23,1189.06 
2015/3/24,1192.60 
2015/3/25,1195.15 
2015/3/26,1203.90 
2015/3/27,1198.80 
2015/3/30,1185.10 
2015/3/31,1183.30 
2015/4/1,1203.70 
2015/4/2,1201.50 
2015/4/3,1202.52 
2015/4/6,1214.47 
2015/4/7,1208.25 
2015/4/8,1202.65 
2015/4/9,1194.30 
2015/4/10,1207.50 
2015/4/13,1198.35 
2015/4/14,1192.40 
2015/4/15,1201.60 
2015/4/16,1198.10 
2015/4/17,1204.10 
2015/4/20,1196.25 
2015/4/21,1202.39 
2015/4/22,1187.06 
2015/4/23,1193.89 
2015/4/24,1178.97 
2015/4/27,1201.62 
2015/4/28,1211.94 
2015/4/29,1204.72 
2015/4/30,1183.97 
2015/5/1,1178.00 
2015/5/4,1187.97 
2015/5/5,1193.02 
2015/5/6,1191.29 
2015/5/7,1184.40 
2015/5/8,1187.50 
2015/5/11,1183.55 
2015/5/12,1193.15 
2015/5/13,1214.69 
2015/5/14,1221.00 
2015/5/15,1223.70 
2015/5/18,1225.05 
2015/5/19,1207.55 
2015/5/20,1209.45 
2015/5/21,1206.25 
2015/5/22,1205.40 
2015/5/25,1206.86 
2015/5/26,1187.15 
2015/5/27,1187.90 
2015/5/28,1187.95 
2015/5/29,1190.00 
2015/6/1,1188.95 
2015/6/2,1192.95 
2015/6/3,1184.95 
2015/6/4,1176.45 
2015/6/5,1171.50 
2015/6/8,1173.45 
2015/6/9,1176.05 
2015/6/10,1185.35 
2015/6/11,1181.95 
2015/6/12,1180.80 
2015/6/15,1185.55 
2015/6/16,1181.35 
2015/6/17,1185.25 
2015/6/18,1201.25 
2015/6/19,1200.00 
2015/6/22,1185.75 
2015/6/23,1177.65 
2015/6/24,1174.70 
2015/6/25,1172.95 
2015/6/26,1175.04 
2015/6/29,1179.85 
2015/6/30,1172.75 
2015/7/1,1168.60 
2015/7/2,1166.05 
2015/7/3,1168.28 
2015/7/6,1169.78 
2015/7/7,1154.65 
2015/7/8,1156.95 
2015/7/9,1159.35 
2015/7/10,1162.65 
2015/7/13,1157.45 
2015/7/14,1155.05 
2015/7/15,1148.85 
2015/7/16,1144.55 
2015/7/17,1134.32 
2015/7/20,1097.45 
2015/7/21,1100.85 
2015/7/22,1093.95 
2015/7/23,1090.15 
2015/7/24,1098.90 
2015/7/27,1094.00 
2015/7/28,1094.85 
2015/7/29,1096.55 
2015/7/30,1087.95 
2015/7/31,1095.01 
2015/8/3,1086.25 
2015/8/4,1087.35 
2015/8/5,1084.65 
2015/8/6,1089.15 
2015/8/7,1093.64 
2015/8/10,1103.85 
2015/8/11,1108.60 
2015/8/12,1124.75 
2015/8/13,1114.55 
2015/8/14,1114.54 
2015/8/17,1117.35 
2015/8/18,1117.45 
2015/8/19,1133.85 
2015/8/20,1152.35 
2015/8/21,1160.23 
2015/8/24,1154.65 
2015/8/25,1140.35 
2015/8/26,1124.75 
2015/8/27,1125.35 
2015/8/28,1133.07 
2015/8/31,1134.35 
2015/9/1,1139.75 
2015/9/2,1133.35 
2015/9/3,1124.75 
2015/9/4,1121.24 
2015/9/7,1118.68 
2015/9/8,1121.45 
2015/9/9,1106.33 
2015/9/10,1111.15 
2015/9/11,1107.26 
2015/9/14,1107.92 
2015/9/15,1104.95 
2015/9/16,1118.95 
2015/9/17,1130.45 
2015/9/18,1138.90 
2015/9/21,1132.95 
2015/9/22,1124.05 
2015/9/23,1129.95 
2015/9/24,1153.55 
2015/9/25,1145.87 
2015/9/28,1131.65 
2015/9/29,1126.75 
2015/9/30,1114.55 
2015/10/1,1113.15 
2015/10/2,1137.52 
2015/10/5,1135.35 
2015/10/6,1146.55 
2015/10/7,1144.85 
2015/10/8,1138.45 
2015/10/9,1155.58 
2015/10/12,1163.15 
2015/10/13,1168.25 
2015/10/14,1184.05 
2015/10/15,1182.75 
2015/10/16,1176.55 
2015/10/19,1170.35 
2015/10/20,1175.55 
2015/10/21,1166.65 
2015/10/22,1165.35 
2015/10/23,1163.81 
2015/10/26,1162.95 
2015/10/27,1166.35 
2015/10/28,1155.55 
2015/10/29,1145.45 
2015/10/30,1141.59 
2015/11/2,1133.50 
2015/11/3,1117.54 
2015/11/4,1107.32 
2015/11/5,1103.68 
2015/11/6,1088.64 
2015/11/9,1092.03 
2015/11/10,1089.85 
2015/11/11,1085.94 
2015/11/12,1084.84 
2015/11/13,1083.51 
2015/11/16,1082.78 
2015/11/17,1070.22 
2015/11/18,1071.07 
2015/11/19,1082.18 
2015/11/20,1077.75 
2015/11/23,1069.13 
2015/11/24,1075.44 
2015/11/25,1071.32 
2015/11/26,1072.07 
2015/11/27,1058.00 
2015/11/30,1064.52 
2015/12/1,1069.27 
2015/12/2,1053.70 
2015/12/3,1062.20 
2015/12/4,1086.66 
2015/12/7,1070.37 
2015/12/8,1074.49 
2015/12/9,1072.98 
2015/12/10,1071.35 
2015/12/11,1074.62 
2015/12/14,1062.73 
2015/12/15,1060.56 
2015/12/16,1072.71 
2015/12/17,1051.60 
2015/12/18,1066.06 
2015/12/21,1078.28 
2015/12/22,1072.34 
2015/12/23,1069.96 
2015/12/24,1075.80 
2015/12/25,1076.45 
2015/12/28,1068.78 
2015/12/29,1068.71 
2015/12/30,1061.18 
2015/12/31,1061.08 
2016/1/4,1074.49 
2016/1/5,1077.65 
2016/1/6,1094.32 
2016/1/7,1108.95 
2016/1/8,1103.97 
2016/1/11,1094.06 
2016/1/12,1086.97 
2016/1/13,1093.16 
2016/1/14,1077.81 
2016/1/15,1088.91 
2016/1/18,1088.94 
2016/1/19,1086.98 
2016/1/20,1100.92 
2016/1/21,1101.40 
2016/1/22,1097.63 
2016/1/25,1107.74 
2016/1/26,1120.21 
2016/1/27,1125.21 
2016/1/28,1114.85 
2016/1/29,1118.01 
2016/2/1,1128.50 
2016/2/2,1128.78 
2016/2/3,1142.62 
2016/2/4,1155.60 
2016/2/5,1173.47 
2016/2/8,1191.01 
2016/2/9,1188.95 
2016/2/10,1197.14 
2016/2/11,1246.68 
2016/2/12,1237.83 
2016/2/15,1208.88 
2016/2/16,1199.91 
2016/2/17,1208.65 
2016/2/18,1231.36 
2016/2/19,1227.65 
2016/2/22,1208.54 
2016/2/23,1226.97 
2016/2/24,1229.19 
2016/2/25,1234.39 
2016/2/26,1222.98 
2016/2/29,1237.97 
2016/3/1,1232.00 
2016/3/2,1240.06 
2016/3/3,1263.67 
2016/3/4,1258.78 
2016/3/7,1267.31 
2016/3/8,1260.91 
2016/3/9,1252.78 
2016/3/10,1271.20 
2016/3/11,1248.45 
2016/3/14,1234.35 
2016/3/15,1231.85 
2016/3/16,1261.95 
2016/3/17,1257.45 
2016/3/18,1255.07 
2016/3/21,1243.15 
2016/3/22,1247.85 
2016/3/23,1219.75 
2016/3/24,1216.83 
2016/3/25,1216.72 
2016/3/28,1220.95 
2016/3/29,1241.35 
2016/3/30,1224.69 
2016/3/31,1232.15 
2016/4/1,1221.84 
2016/4/4,1214.95 
2016/4/5,1230.95 
2016/4/6,1222.35 
2016/4/7,1240.35 
2016/4/8,1239.32 
2016/4/11,1257.25 
2016/4/12,1254.55 
2016/4/13,1242.05 
2016/4/14,1226.95 
2016/4/15,1229.90 
2016/4/18,1232.20 
2016/4/19,1249.40 
2016/4/20,1242.60 
2016/4/21,1247.00 
2016/4/22,1231.80 
2016/4/25,1237.60 
2016/4/26,1243.30 
2016/4/27,1245.70 
2016/4/28,1265.85 
2016/4/29,1292.77 
2016/5/2,1291.70 
2016/5/3,1286.30 
2016/5/4,1279.60 
2016/5/5,1278.00 
2016/5/6,1288.03 
2016/5/9,1263.45 
2016/5/10,1265.15 
2016/5/11,1276.85 
2016/5/12,1262.85 
2016/5/13,1272.45 
2016/5/16,1272.70 
2016/5/17,1278.60 
2016/5/18,1256.70 
2016/5/19,1253.60 
2016/5/20,1251.95 
2016/5/23,1248.88 
2016/5/24,1226.55 
2016/5/25,1224.15 
2016/5/26,1219.60 
2016/5/27,1214.22 
2016/5/30,1205.00 
2016/5/31,1214.95 
2016/6/1,1212.05 
2016/6/2,1210.55 
2016/6/3,1243.82 
2016/6/6,1244.95 
2016/6/7,1243.25 
2016/6/8,1262.25 
2016/6/9,1269.05 
2016/6/10,1273.58 
2016/6/13,1283.60 
2016/6/14,1285.50 
2016/6/15,1291.50 
2016/6/16,1277.00 
2016/6/17,1298.18 
2016/6/20,1289.90 
2016/6/21,1267.10 
2016/6/22,1265.90 
2016/6/23,1256.00 
2016/6/24,1317.32 
2016/6/27,1324.80 
2016/6/28,1311.96 
2016/6/29,1317.00 
2016/6/30,1321.51 
2016/7/1,1343.40 
2016/7/4,1350.73 
2016/7/5,1355.20 
2016/7/6,1362.80 
2016/7/7,1360.10 
2016/7/8,1365.85 
2016/7/11,1355.50 
2016/7/12,1332.40 
2016/7/13,1342.19 
2016/7/14,1334.10 
2016/7/15,1337.29 
2016/7/18,1328.20 
2016/7/19,1331.50 
2016/7/20,1315.30 
2016/7/21,1330.70 
2016/7/22,1322.10 
2016/7/25,1315.20 
2016/7/26,1319.50 
2016/7/27,1341.00 
2016/7/28,1335.05 
2016/7/29,1350.57 
2016/8/1,1353.10 
2016/8/2,1363.50 
2016/8/3,1357.40 
2016/8/4,1361.40 
2016/8/5,1336.53 
2016/8/8,1334.90 
2016/8/9,1340.70 
2016/8/10,1346.90 
2016/8/11,1338.50 
2016/8/12,1335.49 
2016/8/15,1338.85 
2016/8/16,1346.00 
2016/8/17,1348.30 
2016/8/18,1350.90 
2016/8/19,1339.77 
2016/8/22,1338.65 
2016/8/23,1337.30 
2016/8/24,1323.40 
2016/8/25,1321.80 
2016/8/26,1320.59 
2016/8/29,1322.65 
2016/8/30,1310.70 
2016/8/31,1308.90 
2016/9/1,1314.70 
2016/9/2,1327.20 
2016/9/5,1326.83 
2016/9/6,1349.75 
2016/9/7,1344.25 
2016/9/8,1337.40 
2016/9/9,1328.00 
2016/9/12,1328.70 
2016/9/13,1318.05 
2016/9/14,1322.55 
2016/9/16,1309.72 
2016/9/19,1312.60 
2016/9/20,1314.90 
2016/9/21,1336.20 
2016/9/22,1337.30 
2016/9/23,1337.10 
2016/9/26,1337.40 
2016/9/27,1326.10 
2016/9/28,1321.30 
2016/9/29,1320.00 
2016/9/30,1316.10 
2016/10/3,1310.30 
2016/10/4,1268.10 
2016/10/5,1266.10 
2016/10/6,1253.80 
2016/10/7,1256.50 
2016/10/10,1259.60 
2016/10/11,1252.05 
2016/10/12,1254.75 
2016/10/13,1257.25 
2016/10/14,1250.00 
2016/10/17,1254.90 
2016/10/18,1262.20 
2016/10/19,1269.00 
2016/10/20,1265.20 
2016/10/21,1265.71 
2016/10/24,1263.80 
2016/10/25,1273.30 
2016/10/26,1265.70 
2016/10/27,1267.80 
2016/10/28,1275.40 
2016/10/31,1276.75 
2016/11/1,1287.50 
2016/11/2,1297.00 
2016/11/3,1301.40 
2016/11/4,1303.70 
2016/11/7,1281.57 
2016/11/8,1275.93 
2016/11/9,1277.30 
2016/11/10,1258.72 
2016/11/11,1227.23 
2016/11/14,1220.24 
2016/11/15,1228.06 
2016/11/16,1224.58 
2016/11/17,1215.88 
2016/11/18,1207.97 
2016/11/21,1213.66 
2016/11/22,1211.80 
2016/11/23,1188.06 
2016/11/24,1183.86 
2016/11/25,1183.80 
2016/11/28,1193.30 
2016/11/29,1188.15 
2016/11/30,1173.20 
2016/12/1,1171.45 
2016/12/2,1176.70 
2016/12/5,1169.97 
2016/12/6,1169.50 
2016/12/7,1173.92 
2016/12/8,1170.60 
2016/12/9,1159.76 
2016/12/12,1162.07 
2016/12/13,1157.90 
2016/12/14,1143.00 
2016/12/15,1128.00 
2016/12/16,1134.90 
2016/12/19,1138.28 
2016/12/20,1132.20 
2016/12/21,1131.11 
2016/12/22,1128.30 
2016/12/23,1133.62 
2016/12/26,1134.00 
2016/12/27,1138.60 
2016/12/28,1141.47 
2016/12/29,1157.56 
2016/12/30,1151.10 
2017/1/2,1150.90 
2017/1/3,1158.50 
2017/1/4,1163.10 
2017/1/5,1180.00 
2017/1/6,1172.08 
2017/1/9,1180.80 
2017/1/10,1186.90 
2017/1/11,1191.30 
2017/1/12,1195.39 
2017/1/13,1197.02 
2017/1/16,1202.00 
2017/1/17,1216.75 
2017/1/18,1203.97 
2017/1/19,1204.63 
2017/1/20,1209.41 
2017/1/23,1217.70 
2017/1/24,1208.70 
2017/1/25,1199.90 
2017/1/26,1188.40 
2017/1/27,1191.27 
2017/1/31,1210.40 
2017/2/1,1209.40 
2017/2/2,1215.40 
2017/2/3,1219.40 
2017/2/6,1235.00 
2017/2/7,1233.00 
2017/2/8,1241.30 
2017/2/9,1228.40 
2017/2/10,1233.53 
2017/2/13,1225.20 
2017/2/14,1228.23 
2017/2/15,1233.30 
2017/2/16,1239.19 
2017/2/17,1234.24 
2017/2/20,1237.90 
2017/2/21,1235.62 
2017/2/22,1237.00 
2017/2/23,1249.20 
2017/2/24,1256.70 
2017/2/27,1252.50 
2017/2/28,1248.14 
2017/3/1,1249.30 
2017/3/2,1234.09 
2017/3/3,1234.40 
2017/3/6,1225.21 
2017/3/7,1215.40 
2017/3/8,1207.93 
2017/3/9,1200.80 
2017/3/10,1204.14 
2017/3/13,1203.40 
2017/3/14,1198.50 
2017/3/15,1219.50 
2017/3/16,1225.60 
2017/3/17,1228.60 
2017/3/20,1233.70 
2017/3/21,1244.40 
2017/3/22,1248.20 
2017/3/23,1244.40 
2017/3/24,1243.13 
2017/3/27,1254.40 
2017/3/28,1251.15 
2017/3/29,1253.21 
2017/3/30,1242.85 
2017/3/31,1248.78 
2017/4/3,1252.70 
2017/4/4,1255.65 
2017/4/5,1254.80 
2017/4/6,1251.40 
2017/4/7,1253.50 
2017/4/10,1254.33 
2017/4/11,1274.80 
2017/4/12,1286.00 
2017/4/13,1286.86 
2017/4/14,1287.16 
2017/4/17,1284.45 
2017/4/18,1288.90 
2017/4/19,1279.60 
2017/4/20,1281.10 
2017/4/21,1284.03 
2017/4/24,1275.80 
2017/4/25,1263.30 
2017/4/26,1269.00 
2017/4/27,1263.40 
2017/4/28,1267.91 
2017/5/1,1256.05 
2017/5/2,1256.30 
2017/5/3,1236.90 
2017/5/4,1226.90 
2017/5/5,1228.90 
2017/5/8,1225.40 
2017/5/9,1220.80 
2017/5/10,1218.10 
2017/5/11,1224.20 
2017/5/12,1227.93 
2017/5/15,1230.00 
2017/5/16,1236.90 
2017/5/17,1260.60 
2017/5/18,1245.90 
2017/5/19,1255.00 
2017/5/22,1259.60 
2017/5/23,1250.00 
2017/5/24,1257.90 
2017/5/25,1255.00 
2017/5/26,1266.85 
2017/5/30,1262.75 
2017/5/31,1268.55 
2017/6/1,1265.00 
2017/6/2,1278.77 
2017/6/5,1278.80 
2017/6/6,1293.65 
2017/6/7,1286.30 
2017/6/8,1279.60 
2017/6/9,1265.90 
2017/6/12,1264.90 
2017/6/13,1265.90 
2017/6/14,1260.70 
2017/6/15,1253.30 
2017/6/16,1253.10 
2017/6/19,1243.30 
2017/6/20,1242.30 
2017/6/21,1245.80 
2017/6/22,1249.20 
2017/6/23,1256.40 
2017/6/26,1244.05 
2017/6/27,1246.55 
2017/6/28,1248.40 
2017/6/29,1244.70 
2017/6/30,1241.33 
2017/7/3,1218.90 
2017/7/4,1223.00 
2017/7/5,1226.75 
2017/7/6,1224.65 
2017/7/7,1212.49 
2017/7/10,1213.75 
2017/7/11,1217.40 
2017/7/12,1219.75 
2017/7/13,1216.90 
2017/7/14,1228.55 
2017/7/17,1233.75 
2017/7/18,1242.15 
2017/7/19,1240.85 
2017/7/20,1244.15 
2017/7/21,1254.91 
2017/7/24,1254.95 
2017/7/25,1249.45 
2017/7/26,1260.35 
2017/7/27,1258.85 
2017/7/28,1268.70 
2017/7/31,1268.95 
2017/8/1,1268.65 
2017/8/2,1266.05 
2017/8/3,1267.95 
2017/8/4,1258.40 
2017/8/7,1257.35 
2017/8/8,1260.75 
2017/8/9,1277.25 
2017/8/10,1286.05 
2017/8/11,1288.77 
2017/8/14,1281.35 
2017/8/15,1271.15 
2017/8/16,1282.85 
2017/8/17,1287.65 
2017/8/18,1283.58 
2017/8/21,1290.95 
2017/8/22,1284.75 
2017/8/23,1290.25 
2017/8/24,1285.65 
2017/8/25,1291.24 
2017/8/28,1309.75 
2017/8/29,1309.05 
2017/8/30,1308.35 
2017/8/31,1320.65 
2017/9/1,1324.65 
2017/9/4,1333.40 
2017/9/5,1339.45 
2017/9/6,1333.85 
2017/9/7,1348.75 
2017/9/8,1346.08 
2017/9/11,1327.15 
2017/9/12,1331.70 
2017/9/13,1322.35 
2017/9/14,1329.17 
2017/9/15,1319.70 
2017/9/18,1305.95 
2017/9/19,1310.36 
2017/9/20,1300.85 
2017/9/21,1290.75 
2017/9/22,1297.10 
2017/9/25,1310.75 
2017/9/26,1293.35 
2017/9/27,1282.42 
2017/9/28,1286.78 
2017/9/29,1279.72 
2017/10/2,1270.47 
2017/10/3,1272.10 
2017/10/4,1274.35 
2017/10/5,1267.65 
2017/10/6,1276.21 
2017/10/9,1283.33 
2017/10/10,1287.55 
2017/10/11,1291.55 
2017/10/12,1293.25 
2017/10/13,1304.40 
2017/10/16,1294.75 
2017/10/17,1284.85 
2017/10/18,1280.55 
2017/10/19,1289.45 
2017/10/20,1280.04 
2017/10/23,1281.95 
2017/10/24,1276.05 
2017/10/25,1277.15 
2017/10/26,1266.10 
2017/10/27,1273.80 
2017/10/30,1275.78 
2017/10/31,1270.65 
2017/11/1,1273.99 
2017/11/2,1275.59 
2017/11/3,1269.47 
2017/11/6,1281.80 
2017/11/7,1275.20 
2017/11/8,1281.20 
2017/11/9,1284.59 
2017/11/10,1275.22 
2017/11/13,1278.10 
2017/11/14,1279.99 
2017/11/15,1277.81 
2017/11/16,1278.19 
2017/11/17,1294.04 
2017/11/20,1276.70 
2017/11/21,1280.03 
2017/11/22,1292.00 
2017/11/23,1290.60 
2017/11/24,1287.30 
2017/11/27,1294.40 
2017/11/28,1293.80 
2017/11/29,1283.50 
2017/11/30,1274.27 
2017/12/1,1280.05 
2017/12/4,1275.77 
2017/12/5,1265.90 
2017/12/6,1263.10 
2017/12/7,1246.90 
2017/12/8,1248.33 
2017/12/11,1241.66 
2017/12/12,1244.40 
2017/12/13,1255.50 
2017/12/14,1252.78 
2017/12/15,1254.81 
2017/12/18,1261.86 
2017/12/19,1264.28 
2017/12/20,1264.93 
2017/12/21,1266.45 
2017/12/22,1274.75 
2017/12/25,1274.50 
2017/12/26,1282.80 
2017/12/27,1286.63 
2017/12/28,1294.70 
2017/12/29,1302.63 
2018/1/1,1302.61 
2018/1/2,1317.15 
2018/1/3,1313.20 
2018/1/4,1322.30 
2018/1/5,1319.24 
2018/1/8,1320.30 
2018/1/9,1312.47 
2018/1/10,1316.50 
2018/1/11,1322.40 
2018/1/12,1337.16 
2018/1/15,1339.30 
2018/1/16,1338.20 
2018/1/17,1326.80 
2018/1/18,1326.71 
2018/1/19,1331.25 
2018/1/22,1333.78 
2018/1/23,1341.30 
2018/1/24,1357.91 
2018/1/25,1348.19 
2018/1/26,1349.44 
2018/1/29,1339.93 
2018/1/30,1338.20 
2018/1/31,1344.70 
2018/2/1,1348.45 
2018/2/2,1332.69 
2018/2/5,1339.29 
2018/2/6,1323.73 
2018/2/7,1318.05 
2018/2/8,1318.85 
2018/2/9,1315.69 
2018/2/12,1322.39 
2018/2/13,1329.16 
2018/2/14,1350.13 
2018/2/15,1353.23 
2018/2/16,1347.06 
2018/2/19,1345.80 
2018/2/20,1329.12 
2018/2/21,1324.32 
2018/2/22,1331.89 
2018/2/23,1328.55 
2018/2/26,1333.10 
2018/2/27,1318.19 
2018/2/28,1317.81 
2018/3/1,1316.69 
2018/3/2,1319.09 
2018/3/5,1320.05 
2018/3/6,1334.50 
2018/3/7,1325.40 
2018/3/8,1321.23 
2018/3/9,1323.35 
2018/3/12,1323.00 
2018/3/13,1326.20 
2018/3/14,1324.70 
2018/3/15,1316.20 
2018/3/16,1314.20 
2018/3/19,1316.70 
2018/3/20,1310.95 
2018/3/21,1332.20 
2018/3/22,1328.70 
2018/3/23,1346.92 
2018/3/26,1353.50 
2018/3/27,1344.60 
2018/3/28,1325.30 
2018/3/29,1325.05 
2018/3/30,1325.03 
2018/4/2,1341.30 
2018/4/3,1332.30 
2018/4/4,1333.00 
2018/4/5,1326.20 
2018/4/6,1333.41 
2018/4/9,1336.20 
2018/4/10,1339.40 
2018/4/11,1352.90 
2018/4/12,1334.80 
2018/4/13,1346.00 
2018/4/16,1345.60 
2018/4/17,1347.10 
2018/4/18,1349.10 
2018/4/19,1345.50 
2018/4/20,1335.52 
2018/4/23,1324.64 
2018/4/24,1330.50 
2018/4/25,1323.10 
2018/4/26,1316.90 
2018/4/27,1324.00 
2018/4/30,1315.50 
2018/5/1,1304.00 
2018/5/2,1304.90 
2018/5/3,1312.00 
2018/5/4,1314.77 
2018/5/7,1314.00 
2018/5/8,1314.40 
2018/5/9,1312.40 
2018/5/10,1321.20 
2018/5/11,1318.85 
2018/5/14,1313.30 
2018/5/15,1290.20 
2018/5/16,1290.70 
2018/5/17,1290.70 
2018/5/18,1292.97 
2018/5/21,1292.80 
2018/5/22,1291.20 
2018/5/23,1293.30 
2018/5/24,1304.50 
2018/5/25,1301.70 
2018/5/28,1297.62 
2018/5/29,1298.70 
2018/5/30,1301.20 
2018/5/31,1297.90 
2018/6/1,1292.95 
2018/6/4,1291.50 
2018/6/5,1296.30 
2018/6/6,1296.40 
2018/6/7,1297.10 
2018/6/8,1298.50 
2018/6/11,1300.40 
2018/6/12,1295.60 
2018/6/13,1299.60 
2018/6/14,1302.40 
2018/6/15,1278.45 
2018/6/18,1278.10 
2018/6/19,1274.60 
2018/6/20,1267.70 
2018/6/21,1267.10 
2018/6/22,1269.80 
2018/6/25,1265.40 
2018/6/26,1258.80 
2018/6/27,1252.16 
2018/6/28,1248.00 
2018/6/29,1252.40 
2018/7/2,1241.50 
2018/7/3,1252.80 
2018/7/4,1257.80 
2018/7/5,1257.60 
2018/7/6,1254.63 
2018/7/9,1257.60 
2018/7/10,1255.50 
2018/7/11,1241.90 
2018/7/12,1247.20 
2018/7/13,1241.27 
2018/7/16,1240.80 
2018/7/17,1227.60 
2018/7/18,1227.60 
2018/7/19,1222.70 
2018/7/20,1231.51 
2018/7/23,1224.40 
2018/7/24,1224.50 
2018/7/25,1231.40 
2018/7/26,1222.40 
2018/7/27,1223.78 
2018/7/30,1221.30 
2018/7/31,1223.70 
2018/8/1,1215.80 
2018/8/2,1207.50 
2018/8/3,1214.40 
2018/8/6,1207.30 
2018/8/7,1210.80 
2018/8/8,1213.80 
2018/8/9,1212.30 
2018/8/10,1210.23 
2018/8/13,1193.38 
2018/8/14,1194.20 
2018/8/15,1174.70 
2018/8/16,1174.20 
2018/8/17,1186.32 
2018/8/20,1190.20 
2018/8/21,1195.80 
2018/8/22,1195.50 
2018/8/23,1185.40 
2018/8/24,1204.91 
2018/8/27,1211.20 
2018/8/28,1200.80 
2018/8/29,1206.80 
2018/8/30,1199.76 
2018/8/31,1201.50 
2018/9/3,1201.20 
2018/9/4,1190.70 
2018/9/5,1196.80 
2018/9/6,1199.92 
2018/9/7,1196.47 
2018/9/10,1195.60 
2018/9/11,1198.40 
2018/9/12,1206.00 
2018/9/13,1201.31 
2018/9/14,1193.60 
2018/9/17,1200.50 
2018/9/18,1198.20 
2018/9/19,1203.90 
2018/9/20,1207.20 
2018/9/21,1199.66 
2018/9/24,1198.70 
2018/9/25,1200.90 
2018/9/26,1194.10 
2018/9/27,1182.70 
2018/9/28,1190.40 
2018/10/1,1189.10 
2018/10/2,1203.30 
2018/10/3,1197.10 
2018/10/4,1199.70 
2018/10/5,1203.29 
2018/10/8,1188.30 
2018/10/9,1189.60 
2018/10/10,1194.60 
2018/10/11,1225.00 
2018/10/12,1218.10 
2018/10/15,1226.88 
2018/10/16,1224.60 
2018/10/17,1222.30 
2018/10/18,1225.60 
2018/10/19,1225.60 
2018/10/22,1222.76 
2018/10/23,1229.90 
2018/10/24,1234.20 
2018/10/25,1231.80 
2018/10/26,1233.08 
2018/10/29,1228.90 
2018/10/30,1223.00 
2018/10/31,1215.00 
2018/11/1,1233.20 
2018/11/2,1232.53 
2018/11/5,1231.42 
2018/11/6,1226.58 
2018/11/7,1226.39 
2018/11/8,1223.50 
2018/11/9,1209.20 
2018/11/12,1200.41 
2018/11/13,1201.93 
2018/11/14,1210.60 
2018/11/15,1213.30 
2018/11/16,1221.14 
2018/11/19,1223.94 
2018/11/20,1221.30 
2018/11/21,1225.70 
2018/11/22,1226.86 
2018/11/23,1222.85 
2018/11/26,1222.10 
2018/11/27,1214.80 
2018/11/28,1220.90 
2018/11/29,1224.30 
2018/11/30,1222.16 
2018/12/3,1230.55 
2018/12/4,1238.25 
2018/12/5,1236.89 
2018/12/6,1237.50 
2018/12/7,1248.19 
2018/12/10,1244.20 
2018/12/11,1242.80 
2018/12/12,1245.34 
2018/12/13,1241.71 
2018/12/14,1238.54 
2018/12/17,1245.56 
2018/12/18,1249.20 
2018/12/19,1242.70 
2018/12/20,1259.69 
2018/12/21,1255.64 
2018/12/24,1269.02 
2018/12/25,1269.80 
2018/12/26,1266.90 
2018/12/27,1275.50 
2018/12/28,1280.66 
2018/12/31,1282.20 
2019/1/2,1284.16 
2019/1/3,1293.90 
2019/1/4,1284.59 
2019/1/7,1288.86 
2019/1/8,1285.20 
2019/1/9,1293.00 
2019/1/10,1286.30 
2019/1/11,1287.17 
2019/1/14,1290.80 
2019/1/15,1289.10 
2019/1/16,1293.40 
2019/1/17,1291.90 
2019/1/18,1281.31 
2019/1/21,1280.05 
2019/1/22,1285.10 
2019/1/23,1282.41 
2019/1/24,1281.00 
2019/1/25,1302.79 
2019/1/28,1303.20 
2019/1/29,1311.44 
2019/1/30,1319.53 
2019/1/31,1321.30 
2019/2/1,1317.61 
2019/2/4,1311.88 
2019/2/5,1315.17 
2019/2/6,1306.39 
2019/2/7,1310.12 
2019/2/8,1314.02 
2019/2/11,1308.12 
2019/2/12,1310.70 
2019/2/13,1305.98 
2019/2/14,1312.25 
2019/2/15,1320.76 
2019/2/18,1326.04 
2019/2/19,1341.00 
2019/2/20,1338.34 
2019/2/21,1323.10 
2019/2/22,1327.88 
2019/2/25,1327.30 
2019/2/26,1328.90 
2019/2/27,1319.50 
2019/2/28,1313.15 
2019/3/1,1293.47 
2019/3/4,1286.50 
2019/3/5,1287.70 
2019/3/6,1286.30 
2019/3/7,1285.36 
2019/3/8,1298.30 
2019/3/11,1293.30 
2019/3/12,1301.40 
2019/3/13,1309.00 
2019/3/14,1295.90 
2019/3/15,1301.96 
2019/3/18,1303.50 
2019/3/19,1306.40 
2019/3/20,1312.40 
2019/3/21,1309.20 
2019/3/22,1313.16 
2019/3/25,1321.70 
2019/3/26,1315.40 
2019/3/27,1309.40 
2019/3/28,1290.10 
2019/3/29,1291.91 
2019/4/1,1287.40 
2019/4/2,1292.40 
2019/4/3,1289.90 
2019/4/4,1292.30 
2019/4/5,1291.30 
2019/4/8,1297.40 
2019/4/9,1304.00 
2019/4/10,1307.90 
2019/4/11,1292.40 
2019/4/12,1290.52 
2019/4/15,1287.70 
2019/4/16,1276.10 
2019/4/17,1273.70 
2019/4/18,1275.51 
2019/4/19,1275.51 
2019/4/22,1274.90 
2019/4/23,1272.50 
2019/4/24,1274.90 
2019/4/25,1276.90 
2019/4/26,1285.80 
2019/4/29,1279.70 
2019/4/30,1283.40 
2019/5/1,1276.50 
2019/5/2,1270.50 
2019/5/3,1278.90 
2019/5/6,1279.70 
2019/5/7,1284.50 
2019/5/8,1280.50 
2019/5/9,1284.10 
2019/5/10,1285.60 
2019/5/13,1300.10 
2019/5/14,1296.90 
2019/5/15,1296.50 
2019/5/16,1286.60 
2019/5/17,1277.10 
2019/5/20,1277.80 
2019/5/21,1274.70 
2019/5/22,1273.20 
2019/5/23,1283.00 
2019/5/24,1284.59 
2019/5/27,1284.80 
2019/5/28,1279.30 
2019/5/29,1279.80 
2019/5/30,1288.50 
2019/5/31,1305.20 
2019/6/3,1324.70 
2019/6/4,1324.80 
2019/6/5,1329.70 
2019/6/6,1335.20 
2019/6/7,1340.30 
2019/6/10,1327.70 
2019/6/11,1326.60 
2019/6/12,1333.50 
2019/6/13,1342.30 
2019/6/14,1341.29 
2019/6/17,1339.50 
2019/6/18,1346.00 
2019/6/19,1360.30 
2019/6/20,1387.70 
2019/6/21,1398.60 
2019/6/24,1419.10 
2019/6/25,1422.80 
2019/6/26,1408.90 
2019/6/27,1409.20 
2019/6/28,1409.10 
2019/7/1,1382.00 
2019/7/2,1418.50 
2019/7/3,1418.50 
2019/7/4,1415.07 
2019/7/5,1399.50 
2019/7/8,1395.40 
2019/7/9,1397.40 
2019/7/10,1418.40 
2019/7/11,1403.50 
2019/7/12,1415.30 
2019/7/15,1413.60 
2019/7/16,1405.90 
2019/7/17,1426.50 
2019/7/18,1445.50 
2019/7/19,1425.38 
2019/7/22,1424.70 
2019/7/23,1416.90 
2019/7/24,1425.80 
2019/7/25,1414.10 
2019/7/26,1418.20 
2019/7/29,1426.80 
2019/7/30,1430.80 
2019/7/31,1413.70 
2019/8/1,1445.10 
2019/8/2,1440.59 
2019/8/5,1463.00 
2019/8/6,1474.40 
2019/8/7,1501.00 
2019/8/8,1500.90 
2019/8/9,1497.18 
2019/8/12,1511.10 
2019/8/13,1501.40 
2019/8/14,1516.40 
2019/8/15,1523.00 
2019/8/16,1513.26 
2019/8/19,1495.50 
2019/8/20,1507.10 
2019/8/21,1502.50 
2019/8/22,1497.80 
2019/8/23,1526.74 
2019/8/26,1527.10 
2019/8/27,1542.60 
2019/8/28,1539.20 
2019/8/29,1527.50 
2019/8/30,1520.34 
2019/9/2,1529.13 
2019/9/3,1547.10 
2019/9/4,1552.40 
2019/9/5,1518.80 
2019/9/6,1506.58 
2019/9/9,1499.00 
2019/9/10,1485.40 
2019/9/11,1497.10 
2019/9/12,1499.00 
2019/9/13,1488.58 
2019/9/16,1498.20 
2019/9/17,1501.20 
2019/9/18,1493.90 
2019/9/19,1498.80 
2019/9/20,1517.06 
2019/9/23,1522.00 
2019/9/24,1531.60 
2019/9/25,1503.70 
2019/9/26,1504.50 
2019/9/27,1496.78 
2019/9/30,1472.10 
2019/10/1,1479.10 
2019/10/2,1499.40 
2019/10/3,1505.10 
2019/10/4,1504.65 
2019/10/7,1493.30 
2019/10/8,1505.40 
2019/10/9,1505.40 
2019/10/10,1493.70 
2019/10/11,1488.63 
2019/10/14,1492.90 
2019/10/15,1480.80 
2019/10/16,1490.00 
2019/10/17,1491.70 
2019/10/18,1490.89 
2019/10/21,1484.40 
2019/10/22,1487.70 
2019/10/23,1492.00 
2019/10/24,1503.90 
2019/10/25,1504.28 
2019/10/28,1492.50 
2019/10/29,1487.50 
2019/10/30,1495.50 
2019/10/31,1512.90 
2019/11/1,1514.09 
2019/11/4,1509.60 
2019/11/5,1483.50 
2019/11/6,1490.40 
2019/11/7,1468.30 
2019/11/8,1459.02 
2019/11/11,1455.60 
2019/11/12,1456.20 
2019/11/13,1463.40 
2019/11/14,1471.20 
2019/11/15,1467.92 
2019/11/18,1471.10 
2019/11/19,1472.10 
2019/11/20,1471.50 
2019/11/21,1464.27 
2019/11/22,1462.38 
2019/11/25,1455.10 
2019/11/26,1461.20 
2019/11/27,1454.30 
2019/11/28,1455.78 
2019/11/29,1463.60 
2019/12/2,1462.30 
2019/12/3,1477.26 
2019/12/4,1474.36 
2019/12/5,1475.70 
2019/12/6,1460.16 
2019/12/9,1461.40 
2019/12/10,1464.30 
2019/12/11,1474.49 
2019/12/12,1469.60 
2019/12/13,1475.68 
2019/12/16,1475.99 
2019/12/17,1476.06 
2019/12/18,1475.20 
2019/12/19,1478.83 
2019/12/20,1477.88 
2019/12/23,1485.38 
2019/12/24,1499.30 
2019/12/25,1499.30 
2019/12/26,1510.88 
2019/12/27,1510.81 
2019/12/30,1514.88 
2019/12/31,1517.18 
2020/1/1,1517.18 
2020/1/2,1528.89 
2020/1/3,1551.80 
2020/1/6,1565.66 
2020/1/7,1573.92 
2020/1/8,1556.23 
2020/1/9,1552.22 
2020/1/10,1561.90 
2020/1/13,1547.50 
2020/1/14,1546.20 
2020/1/15,1556.00 
2020/1/16,1552.37 
2020/1/17,1557.07 
2020/1/20,1560.77 
2020/1/21,1557.90 
2020/1/22,1558.89 
2020/1/23,1562.75 
2020/1/24,1571.36 
2020/1/27,1581.85 
2020/1/28,1567.10 
2020/1/29,1577.10 
2020/1/30,1574.17 
2020/1/31,1588.89 
2020/2/3,1576.56 
2020/2/4,1552.81 
2020/2/5,1556.04 
2020/2/6,1566.50 
2020/2/7,1570.14 
2020/2/10,1572.24 
2020/2/11,1567.70 
2020/2/12,1565.60 
2020/2/13,1575.95 
2020/2/14,1583.85 
2020/2/17,1580.60 
2020/2/18,1601.22 
2020/2/19,1611.53 
2020/2/20,1619.39 
2020/2/21,1643.11 
2020/2/24,1658.60 
2020/2/25,1634.78 
2020/2/26,1640.62 
2020/2/27,1644.58 
2020/2/28,1585.82 
2020/3/2,1589.50 
2020/3/3,1640.48 
2020/3/4,1636.50 
2020/3/5,1671.84 
2020/3/6,1673.53 
2020/3/9,1680.30 
2020/3/10,1649.60 
2020/3/11,1634.60 
2020/3/12,1576.00 
2020/3/13,1529.71 
2020/3/16,1514.20 
2020/3/17,1528.20 
2020/3/18,1486.10 
2020/3/19,1470.90 
2020/3/20,1498.70 
2020/3/23,1552.50 
2020/3/24,1622.22 
2020/3/25,1616.90 
2020/3/26,1629.20 
2020/3/27,1626.15 
2020/3/30,1622.50 
2020/3/31,1576.70 
2020/4/1,1592.50 
2020/4/2,1610.80 
2020/4/3,1616.40 
2020/4/6,1660.70 
2020/4/7,1647.10 
2020/4/8,1644.80 
2020/4/9,1681.80 
2020/4/13,1712.60 
2020/4/14,1728.40 
2020/4/15,1715.40 
2020/4/16,1717.00 
2020/4/17,1681.63 
2020/4/20,1692.10 
2020/4/21,1685.30 
2020/4/22,1713.60 
2020/4/23,1730.50 
2020/4/24,1727.40 
2020/4/27,1713.18 
2020/4/28,1706.80 
2020/4/29,1710.20 
2020/4/30,1684.80 
2020/5/1,1698.22 
2020/5/4,1701.70 
2020/5/5,1705.70 
2020/5/6,1685.50 
2020/5/7,1715.60 
2020/5/8,1700.60 
2020/5/11,1697.70 
2020/5/12,1702.40 
2020/5/13,1713.60 
2020/5/14,1730.00 
2020/5/15,1741.00 
2020/5/18,1732.10 
2020/5/19,1744.70 
2020/5/20,1747.80 
2020/5/21,1726.60 
2020/5/22,1734.30 
2020/5/26,1710.20 
2020/5/27,1709.00 
2020/5/28,1717.90 
2020/5/29,1729.33 
2020/6/1,1739.20 
2020/6/2,1725.90 
2020/6/3,1696.10 
2020/6/4,1713.60 
2020/6/5,1681.60 
2020/6/8,1696.50 
2020/6/9,1714.90 
2020/6/10,1735.00 
2020/6/11,1727.30 
2020/6/12,1729.65 
2020/6/15,1724.80 
2020/6/16,1726.10 
2020/6/17,1726.50 
2020/6/18,1722.50 
2020/6/19,1743.13 
2020/6/22,1752.70 
2020/6/23,1768.00 
2020/6/24,1760.70 
2020/6/25,1763.30 
2020/6/26,1770.45 
2020/6/29,1772.40 
2020/6/30,1780.50 
2020/7/1,1769.70 
2020/7/2,1775.00 
2020/7/3,1774.31 
2020/7/6,1784.20 
2020/7/7,1794.50 
2020/7/8,1808.50 
2020/7/9,1803.10 
2020/7/10,1798.30 
2020/7/13,1802.40 
2020/7/14,1808.90 
2020/7/15,1808.00 
2020/7/16,1796.70 
2020/7/17,1808.90 
2020/7/20,1817.30 
2020/7/21,1840.90 
2020/7/22,1871.00 
2020/7/23,1886.30 
2020/7/24,1900.60 
2020/7/27,1941.80 
2020/7/28,1958.60 
2020/7/29,1970.40 
2020/7/30,1956.20 
2020/7/31,1974.90 
2020/8/3,1976.60 
2020/8/4,2017.50 
2020/8/5,2037.70 
2020/8/6,2063.10 
2020/8/7,2034.90 
2020/8/10,2026.90 
2020/8/11,1911.40 
2020/8/12,1915.40 
2020/8/13,1953.30 
2020/8/14,1943.61 
2020/8/17,1985.00 
2020/8/18,2001.70 
2020/8/19,1928.30 
2020/8/20,1946.80 
2020/8/21,1939.65 
2020/8/24,1928.40 
2020/8/25,1927.70 
2020/8/26,1952.30 
2020/8/27,1929.20 
2020/8/28,1964.50 
2020/8/31,1967.40 
2020/9/1,1969.60 
2020/9/2,1942.40 
2020/9/3,1930.30 
2020/9/4,1932.80 
2020/9/7,1927.94 
2020/9/8,1931.50 
2020/9/9,1946.30 
2020/9/10,1945.60 
2020/9/11,1939.40 
2020/9/14,1956.30 
2020/9/15,1953.80 
2020/9/16,1958.80 
2020/9/17,1943.90 
2020/9/18,1950.30 
2020/9/21,1912.10 
2020/9/22,1899.80 
2020/9/23,1862.40 
2020/9/24,1867.50 
2020/9/25,1860.00 
2020/9/28,1879.90 
2020/9/29,1897.70 
2020/9/30,1885.40 
2020/10/1,1905.60 
2020/10/2,1898.70 
2020/10/5,1913.10 
2020/10/6,1877.80 
2020/10/7,1887.00 
2020/10/8,1893.40 
2020/10/9,1929.40 
2020/10/12,1921.90 
2020/10/13,1889.30 
2020/10/14,1901.30 
2020/10/15,1908.40 
2020/10/16,1898.59 
2020/10/19,1903.80 
2020/10/20,1906.30 
2020/10/21,1924.00 
2020/10/22,1903.70 
2020/10/23,1901.17 
2020/10/26,1901.70 
2020/10/27,1907.80 
2020/10/28,1876.90 
2020/10/29,1867.30 
2020/10/30,1877.90 
2020/11/2,1895.58 
2020/11/3,1909.25 
2020/11/4,1903.07 
2020/11/5,1949.01 
2020/11/6,1950.95 
2020/11/9,1862.63 
2020/11/10,1877.13 
2020/11/11,1865.04 
2020/11/12,1876.16 
2020/11/13,1889.20 
2020/11/16,1888.41 
2020/11/17,1879.85 
2020/11/18,1872.12 
2020/11/19,1865.63 
2020/11/20,1870.60 
2020/11/23,1837.40 
2020/11/24,1807.29 
2020/11/25,1807.53 
2020/11/26,1808.12 
2020/11/27,1787.50 
2020/11/30,1777.04 
2020/12/1,1814.80 
2020/12/2,1829.88 
2020/12/3,1840.12 
2020/12/4,1837.98 
2020/12/7,1862.37 
2020/12/8,1870.10 
2020/12/9,1839.93 
2020/12/10,1836.30 
2020/12/11,1839.00 
2020/12/14,1826.70 
2020/12/15,1852.90 
2020/12/16,1864.73 
2020/12/17,1884.98 
2020/12/18,1880.90 
2020/12/21,1875.70 
2020/12/22,1859.80 
2020/12/23,1872.90 
2020/12/24,1878.97 
2020/12/25,1878.97 
2020/12/28,1873.40 
2020/12/29,1878.19 
2020/12/30,1894.10 
2020/12/31,1897.53 
2021/1/4,1942.79 
2021/1/5,1949.19 
2021/1/6,1917.98 
2021/1/7,1913.87 
2021/1/8,1849.07 
2021/1/11,1842.68 
2021/1/12,1854.19 
2021/1/13,1844.99 
2021/1/14,1846.00 
2021/1/15,1827.79 
2021/1/18,1836.99 
2021/1/19,1839.90 
2021/1/20,1871.58 
2021/1/21,1869.34 
2021/1/22,1855.22 
2021/1/25,1860.23 
2021/1/26,1850.50 
2021/1/27,1843.70 
2021/1/28,1842.30 
2021/1/29,1847.20 
2021/2/1,1860.71 
2021/2/2,1837.60 
2021/2/3,1834.02 
2021/2/4,1793.60 
2021/2/5,1813.88 
2021/2/8,1830.48 
2021/2/9,1838.36 
2021/2/10,1843.03 
2021/2/11,1825.25 
2021/2/12,1823.81 
2021/2/15,1817.46 
2021/2/16,1794.34 
2021/2/17,1775.91 
2021/2/18,1775.77 
2021/2/19,1783.81 
2021/2/22,1809.30 
2021/2/23,1805.49 
2021/2/24,1804.92 
2021/2/25,1770.10 
2021/2/26,1734.47 
2021/3/1,1724.39 
2021/3/2,1737.80 
2021/3/3,1710.60 
2021/3/4,1697.10 
2021/3/5,1699.80 
2021/3/8,1683.30 
2021/3/9,1715.90 
2021/3/10,1726.62 
2021/3/11,1722.20 
2021/3/12,1726.37 
2021/3/15,1731.50 
2021/3/16,1730.58 
2021/3/17,1745.08 
2021/3/18,1736.30 
2021/3/19,1744.86 
2021/3/22,1738.83 
2021/3/23,1727.78 
2021/3/24,1734.30 
2021/3/25,1726.93 
2021/3/26,1730.90 
2021/3/29,1712.00 
2021/3/30,1685.12 
2021/3/31,1707.52 
2021/4/1,1728.33 
2021/4/2,1734.82 
2021/4/5,1727.70 
2021/4/6,1743.10 
2021/4/7,1737.30 
2021/4/8,1755.25 
2021/4/9,1744.20 
2021/4/12,1732.40 
2021/4/13,1745.00 
2021/4/14,1736.10 
2021/4/15,1763.50 
2021/4/16,1775.85 
2021/4/19,1771.20 
2021/4/20,1778.50 
2021/4/21,1792.90 
2021/4/22,1783.40 
2021/4/23,1777.10 
2021/4/26,1781.00 
2021/4/27,1776.45 
2021/4/28,1780.80 
2021/4/29,1771.51 
2021/4/30,1768.76 
2021/5/3,1792.50 
2021/5/4,1778.60 
2021/5/5,1786.40 
2021/5/6,1814.87 
2021/5/7,1831.12 
2021/5/10,1835.63 
2021/5/11,1837.28 
2021/5/12,1815.42 
2021/5/13,1826.35 
2021/5/14,1843.10 
2021/5/17,1866.50 
2021/5/18,1869.40 
2021/5/19,1869.35 
2021/5/20,1876.95 
2021/5/21,1880.20 
2021/5/24,1880.70 
2021/5/25,1899.04 
2021/5/26,1896.50 
2021/5/27,1896.30 
2021/5/28,1903.67 
2021/5/31,1904.84 
2021/6/1,1899.65 
2021/6/2,1908.19 
2021/6/3,1870.41 
2021/6/4,1891.33 
2021/6/7,1898.90 
2021/6/8,1892.78 
2021/6/9,1888.52 
2021/6/10,1898.34 
2021/6/11,1877.21 
2021/6/14,1865.99 
2021/6/15,1858.50 
2021/6/16,1811.10 
2021/6/17,1773.10 
2021/6/18,1763.20 
2021/6/21,1782.85 
2021/6/22,1778.73 
2021/6/23,1778.81 
2021/6/24,1774.70 
2021/6/25,1780.55 
2021/6/28,1778.00 
2021/6/29,1760.70 
2021/6/30,1770.18 
2021/7/1,1776.40 
2021/7/2,1787.30 
2021/7/5,1791.66 
2021/7/6,1797.01 
2021/7/7,1803.54 
2021/7/8,1802.30 
2021/7/9,1808.19 
2021/7/12,1806.14 
2021/7/13,1807.40 
2021/7/14,1827.26 
2021/7/15,1829.45 
2021/7/16,1811.61 
2021/7/19,1812.20 
2021/7/20,1809.70 
2021/7/21,1803.36 
2021/7/22,1806.52 
2021/7/23,1802.05 
2021/7/26,1797.43 
2021/7/27,1798.50 
2021/7/28,1806.87 
2021/7/29,1830.11 
2021/7/30,1814.15 
2021/8/2,1813.31 
2021/8/3,1810.00 
2021/8/4,1811.66 
2021/8/5,1803.64 
2021/8/6,1762.62 
2021/8/9,1729.20 
2021/8/10,1728.60 
2021/8/11,1750.60 
2021/8/12,1752.39 
2021/8/13,1779.22 
2021/8/16,1787.20 
2021/8/17,1787.20 
2021/8/18,1787.21 
2021/8/19,1779.15 
2021/8/20,1780.66 
2021/8/23,1805.00 
2021/8/24,1802.40 
2021/8/25,1790.20 
2021/8/26,1791.97 
2021/8/27,1816.52 
2021/8/30,1809.21 
2021/8/31,1814.60 
2021/9/1,1813.63 
2021/9/2,1808.85 
2021/9/3,1827.29 
2021/9/6,1823.04 
2021/9/7,1794.10 
2021/9/8,1788.43 
2021/9/9,1794.00 
2021/9/10,1787.52 
2021/9/13,1793.33 
2021/9/14,1804.01 
2021/9/15,1793.56 
2021/9/16,1753.30 
2021/9/17,1754.30 
2021/9/20,1763.60 
2021/9/21,1774.13 
2021/9/22,1767.28 
2021/9/23,1742.21 
2021/9/24,1749.98 
2021/9/27,1749.73 
2021/9/28,1733.59 
2021/9/29,1725.21 
2021/9/30,1756.47 
2021/10/1,1760.65 
2021/10/4,1769.44 
2021/10/5,1759.82 
2021/10/6,1762.57 
2021/10/7,1755.90 
2021/10/8,1756.63 
2021/10/11,1753.60 
2021/10/12,1759.50 
2021/10/13,1792.44 
2021/10/14,1795.52 
2021/10/15,1766.45 
2021/10/18,1764.53 
2021/10/19,1768.93 
2021/10/20,1781.87 
2021/10/21,1782.29 
2021/10/22,1792.28 
2021/10/25,1807.40 
2021/10/26,1792.60 
2021/10/27,1796.30 
2021/10/28,1797.91 
2021/10/29,1782.76 
2021/11/1,1793.03 
2021/11/2,1787.53 
2021/11/3,1771.31 
2021/11/4,1791.84 
2021/11/5,1817.42 
2021/11/8,1823.51 
2021/11/9,1831.70 
2021/11/10,1849.27 
2021/11/11,1861.70 
2021/11/12,1864.74 
2021/11/15,1862.47 
2021/11/16,1850.43 
2021/11/17,1867.10 
2021/11/18,1858.86 
2021/11/19,1845.18 
2021/11/22,1804.28 
2021/11/23,1788.75 
2021/11/24,1788.21 
2021/11/25,1788.50 
2021/11/26,1791.60 
2021/11/29,1784.15 
2021/11/30,1774.22 
2021/12/1,1781.57 
2021/12/2,1768.31 
2021/12/3,1782.83 
2021/12/6,1778.42 
2021/12/7,1783.53 
2021/12/8,1782.96 
2021/12/9,1775.03 
2021/12/10,1782.64 
2021/12/13,1786.47 
2021/12/14,1770.43 
2021/12/15,1776.64 
2021/12/16,1798.91 
2021/12/17,1797.93 
2021/12/20,1790.60 
2021/12/21,1788.82 
2021/12/22,1803.28 
2021/12/23,1808.50 
2021/12/24,1801.90 
2021/12/27,1811.20 
2021/12/28,1806.19 
2021/12/29,1804.30 
2021/12/30,1814.74 
2021/12/31,1829.24 
