日期,南华沪铜指数
2009-01-05,1743.66 
2009-01-06,1844.16 
2009-01-07,1844.16 
2009-01-08,1810.43 
2009-01-09,1917.25 
2009-01-12,1977.70 
2009-01-13,1853.30 
2009-01-14,1946.77 
2009-01-15,1879.30 
2009-01-16,1948.18 
2009-01-19,1983.38 
2009-01-20,1970.41 
2009-01-21,1929.14 
2009-01-22,1873.37 
2009-01-23,1831.54 
2009-02-02,1784.03 
2009-02-03,1878.34 
2009-02-04,1923.01 
2009-02-05,1937.90 
2009-02-06,2029.37 
2009-02-09,2092.48 
2009-02-10,2095.31 
2009-02-11,1979.73 
2009-02-12,2008.80 
2009-02-13,2014.61 
2009-02-16,1949.28 
2009-02-17,1948.58 
2009-02-18,1881.70 
2009-02-19,1899.49 
2009-02-20,1888.11 
2009-02-23,1940.75 
2009-02-24,1888.82 
2009-02-25,1956.40 
2009-02-26,1979.17 
2009-02-27,1981.30 
2009-03-02,1965.65 
2009-03-03,1994.82 
2009-03-04,2080.19 
2009-03-05,2098.69 
2009-03-06,2119.32 
2009-03-09,2064.54 
2009-03-10,2079.48 
2009-03-11,2071.22 
2009-03-12,2057.12 
2009-03-13,2064.95 
2009-03-16,2127.86 
2009-03-17,2177.95 
2009-03-18,2187.96 
2009-03-19,2217.30 
2009-03-20,2326.77 
2009-03-23,2397.60 
2009-03-24,2350.38 
2009-03-25,2325.34 
2009-03-26,2422.64 
2009-03-27,2376.85 
2009-03-30,2371.13 
2009-03-31,2398.32 
2009-04-01,2379.71 
2009-04-02,2457.70 
2009-04-03,2452.68 
2009-04-07,2579.71 
2009-04-08,2551.79 
2009-04-09,2659.92 
2009-04-10,2760.39 
2009-04-13,2904.96 
2009-04-14,2788.58 
2009-04-15,2844.96 
2009-04-16,2912.18 
2009-04-17,2839.90 
2009-04-20,2826.17 
2009-04-21,2701.12 
2009-04-22,2631.01 
2009-04-23,2664.26 
2009-04-24,2549.33 
2009-04-27,2523.98 
2009-04-28,2491.63 
2009-04-29,2545.31 
2009-04-30,2641.32 
2009-05-04,2762.44 
2009-05-05,2727.42 
2009-05-06,2771.20 
2009-05-07,2787.98 
2009-05-08,2839.79 
2009-05-11,2684.37 
2009-05-12,2682.91 
2009-05-13,2728.15 
2009-05-14,2590.25 
2009-05-15,2618.70 
2009-05-18,2572.01 
2009-05-19,2689.48 
2009-05-20,2668.32 
2009-05-21,2630.38 
2009-05-22,2646.43 
2009-05-25,2683.64 
2009-05-26,2655.19 
2009-05-27,2712.83 
2009-06-01,2857.30 
2009-06-02,2895.81 
2009-06-03,2966.27 
2009-06-04,2882.86 
2009-06-05,2999.60 
2009-06-08,2948.61 
2009-06-09,2985.03 
2009-06-10,3039.66 
2009-06-11,3027.28 
2009-06-12,3011.98 
2009-06-15,2896.90 
2009-06-16,2866.30 
2009-06-17,2869.22 
2009-06-18,2857.56 
2009-06-19,2842.99 
2009-06-22,2780.35 
2009-06-23,2792.73 
2009-06-24,2845.18 
2009-06-25,2863.84 
2009-06-26,2945.54 
2009-06-29,2937.08 
2009-06-30,2982.17 
2009-07-01,2944.25 
2009-07-02,2928.20 
2009-07-03,2899.76 
2009-07-06,2820.26 
2009-07-07,2853.08 
2009-07-08,2834.12 
2009-07-09,2871.31 
2009-07-10,2872.04 
2009-07-13,2837.04 
2009-07-14,2895.38 
2009-07-15,3014.99 
2009-07-16,3029.58 
2009-07-17,3044.89 
2009-07-20,3173.25 
2009-07-21,3137.51 
2009-07-22,3134.60 
2009-07-23,3165.95 
2009-07-24,3187.25 
2009-07-27,3278.13 
2009-07-28,3270.54 
2009-07-29,3127.55 
2009-07-30,3147.25 
2009-07-31,3295.35 
2009-08-03,3443.44 
2009-08-04,3485.03 
2009-08-05,3501.81 
2009-08-06,3494.51 
2009-08-07,3401.13 
2009-08-10,3552.15 
2009-08-11,3536.83 
2009-08-12,3471.90 
2009-08-13,3638.96 
2009-08-14,3659.39 
2009-08-17,3486.49 
2009-08-18,3511.29 
2009-08-19,3396.75 
2009-08-20,3474.08 
2009-08-21,3422.29 
2009-08-24,3600.75 
2009-08-25,3608.50 
2009-08-26,3652.47 
2009-08-27,3629.68 
2009-08-28,3704.19 
2009-08-31,3601.92 
2009-09-01,3607.77 
2009-09-02,3454.37 
2009-09-03,3553.71 
2009-09-04,3614.34 
2009-09-07,3617.26 
2009-09-08,3640.64 
2009-09-09,3661.09 
2009-09-10,3666.20 
2009-09-11,3593.89 
2009-09-14,3477.74 
2009-09-15,3533.99 
2009-09-16,3562.48 
2009-09-17,3626.76 
2009-09-18,3556.63 
2009-09-21,3563.21 
2009-09-22,3553.71 
2009-09-23,3522.30 
2009-09-24,3521.57 
2009-09-25,3449.26 
2009-09-28,3352.10 
2009-09-29,3394.47 
2009-09-30,3520.11 
2009-10-09,3566.86 
2009-10-12,3585.12 
2009-10-13,3576.06 
2009-10-14,3591.12 
2009-10-15,3563.77 
2009-10-16,3568.89 
2009-10-19,3621.57 
2009-10-20,3673.52 
2009-10-21,3660.35 
2009-10-22,3691.81 
2009-10-23,3755.46 
2009-10-26,3794.24 
2009-10-27,3743.02 
2009-10-28,3751.80 
2009-10-29,3660.35 
2009-10-30,3745.95 
2009-11-02,3716.68 
2009-11-03,3713.76 
2009-11-04,3740.83 
2009-11-05,3710.10 
2009-11-06,3741.56 
2009-11-09,3754.00 
2009-11-10,3712.29 
2009-11-11,3714.49 
2009-11-12,3735.25 
2009-11-13,3732.33 
2009-11-16,3841.12 
2009-11-17,3874.81 
2009-11-18,3928.71 
2009-11-19,3899.57 
2009-11-20,3910.50 
2009-11-23,4007.37 
2009-11-24,3924.34 
2009-11-25,3982.61 
2009-11-26,3998.63 
2009-11-27,3896.66 
2009-11-30,3963.67 
2009-12-01,3979.24 
2009-12-02,4026.89 
2009-12-03,4050.70 
2009-12-04,4050.26 
2009-12-07,4040.12 
2009-12-08,4044.47 
2009-12-09,3956.10 
2009-12-10,3920.61 
2009-12-11,3930.75 
2009-12-14,3982.90 
2009-12-15,3991.59 
2009-12-16,4006.80 
2009-12-17,4032.16 
2009-12-18,4019.84 
2009-12-21,4034.33 
2009-12-22,4006.80 
2009-12-23,4027.81 
2009-12-24,4136.45 
2009-12-25,4174.12 
2009-12-28,4219.75 
2009-12-29,4226.99 
2009-12-30,4271.29 
2009-12-31,4336.54 
2010-01-04,4339.87 
2010-01-05,4378.33 
2010-01-06,4453.48 
2010-01-07,4420.24 
2010-01-08,4385.56 
2010-01-11,4492.50 
2010-01-12,4458.54 
2010-01-13,4319.08 
2010-01-14,4389.89 
2010-01-15,4372.55 
2010-01-18,4399.29 
2010-01-19,4453.48 
2010-01-20,4407.96 
2010-01-21,4404.34 
2010-01-22,4296.10 
2010-01-25,4328.64 
2010-01-26,4282.97 
2010-01-27,4304.23 
2010-01-28,4156.01 
2010-01-29,4017.91 
2010-02-01,3938.38 
2010-02-02,3926.08 
2010-02-03,4041.05 
2010-02-04,3904.39 
2010-02-05,3758.34 
2010-02-08,3800.28 
2010-02-09,3846.55 
2010-02-10,3952.11 
2010-02-11,4004.90 
2010-02-12,4078.65 
2010-02-22,4266.63 
2010-02-23,4257.96 
2010-02-24,4205.90 
2010-02-25,4185.65 
2010-02-26,4195.77 
2010-03-01,4383.72 
2010-03-02,4266.91 
2010-03-03,4301.83 
2010-03-04,4283.80 
2010-03-05,4316.97 
2010-03-08,4376.10 
2010-03-09,4345.81 
2010-03-10,4371.05 
2010-03-11,4276.59 
2010-03-12,4296.78 
2010-03-15,4209.53 
2010-03-16,4239.82 
2010-03-17,4336.44 
2010-03-18,4293.17 
2010-03-19,4342.93 
2010-03-22,4292.45 
2010-03-23,4294.62 
2010-03-24,4275.87 
2010-03-25,4277.31 
2010-03-26,4337.88 
2010-03-29,4451.81 
2010-03-30,4448.20 
2010-03-31,4420.84 
2010-04-01,4484.44 
2010-04-02,4527.28 
2010-04-06,4546.96 
2010-04-07,4528.30 
2010-04-08,4455.11 
2010-04-09,4515.39 
2010-04-12,4515.39 
2010-04-13,4483.10 
2010-04-14,4490.27 
2010-04-15,4490.99 
2010-04-16,4473.77 
2010-04-19,4310.17 
2010-04-20,4362.55 
2010-04-21,4371.88 
2010-04-22,4352.51 
2010-04-23,4348.20 
2010-04-26,4409.19 
2010-04-27,4343.18 
2010-04-28,4183.17 
2010-04-29,4209.72 
2010-04-30,4208.29 
2010-05-04,4167.54 
2010-05-05,4076.05 
2010-05-06,4013.96 
2010-05-07,3908.04 
2010-05-10,4061.38 
2010-05-11,3992.60 
2010-05-12,4010.51 
2010-05-13,4065.68 
2010-05-14,4038.45 
2010-05-17,3839.97 
2010-05-18,3850.00 
2010-05-19,3807.01 
2010-05-20,3867.92 
2010-05-21,3845.70 
2010-05-24,3957.48 
2010-05-25,3879.38 
2010-05-26,3933.12 
2010-05-27,3963.93 
2010-05-28,3996.89 
2010-05-31,3946.74 
2010-06-01,3876.94 
2010-06-02,3824.77 
2010-06-03,3860.18 
2010-06-04,3799.66 
2010-06-07,3592.43 
2010-06-08,3547.26 
2010-06-09,3612.51 
2010-06-10,3629.72 
2010-06-11,3685.65 
2010-06-17,3705.01 
2010-06-18,3651.95 
2010-06-21,3850.57 
2010-06-22,3788.91 
2010-06-23,3809.70 
2010-06-24,3837.67 
2010-06-25,3813.29 
2010-06-28,3869.22 
2010-06-29,3796.08 
2010-06-30,3733.69 
2010-07-01,3681.35 
2010-07-02,3756.02 
2010-07-05,3760.76 
2010-07-06,3759.47 
2010-07-07,3751.41 
2010-07-08,3813.30 
2010-07-09,3860.07 
2010-07-12,3818.34 
2010-07-13,3762.93 
2010-07-14,3807.54 
2010-07-15,3804.66 
2010-07-16,3822.65 
2010-07-19,3765.08 
2010-07-20,3818.34 
2010-07-21,3839.21 
2010-07-22,3880.94 
2010-07-23,3986.73 
2010-07-26,3998.96 
2010-07-27,3965.14 
2010-07-28,4044.30 
2010-07-29,4045.74 
2010-07-30,4049.34 
2010-08-02,4149.94 
2010-08-03,4136.41 
2010-08-04,4149.22 
2010-08-05,4131.37 
2010-08-06,4162.32 
2010-08-09,4194.71 
2010-08-10,4119.86 
2010-08-11,4080.99 
2010-08-12,4050.04 
2010-08-13,4126.33 
2010-08-16,4124.17 
2010-08-17,4156.56 
2010-08-18,4177.44 
2010-08-19,4193.27 
2010-08-20,4106.18 
2010-08-23,4116.26 
2010-08-24,4096.82 
2010-08-25,4086.03 
2010-08-26,4127.77 
2010-08-27,4163.76 
2010-08-30,4272.60 
2010-08-31,4203.37 
2010-09-01,4286.11 
2010-09-02,4308.41 
2010-09-03,4308.41 
2010-09-06,4351.56 
2010-09-07,4292.58 
2010-09-08,4299.78 
2010-09-09,4214.18 
2010-09-10,4230.01 
2010-09-13,4282.51 
2010-09-14,4246.55 
2010-09-15,4250.15 
2010-09-16,4247.99 
2010-09-17,4322.79 
2010-09-20,4333.58 
2010-09-21,4303.37 
2010-09-27,4358.76 
2010-09-28,4342.21 
2010-09-29,4372.42 
2010-09-30,4358.76 
2010-10-08,4359.47 
2010-10-11,4525.63 
2010-10-12,4470.25 
2010-10-13,4518.42 
2010-10-14,4587.55 
2010-10-15,4584.67 
2010-10-18,4522.24 
2010-10-19,4550.94 
2010-10-20,4495.69 
2010-10-21,4498.56 
2010-10-22,4505.74 
2010-10-25,4636.34 
2010-10-26,4629.88 
2010-10-27,4594.72 
2010-10-28,4571.04 
2010-10-29,4474.13 
2010-11-01,4560.42 
2010-11-02,4547.53 
2010-11-03,4584.62 
2010-11-04,4629.70 
2010-11-05,4822.18 
2010-11-08,4764.94 
2010-11-09,4867.27 
2010-11-10,4831.49 
2010-11-11,4951.70 
2010-11-12,4696.96 
2010-11-15,4646.16 
2010-11-16,4601.79 
2010-11-17,4404.30 
2010-11-18,4488.02 
2010-11-19,4580.32 
2010-11-22,4530.23 
2010-11-23,4395.71 
2010-11-24,4468.25 
2010-11-25,4441.79 
2010-11-26,4414.17 
2010-11-29,4466.27 
2010-11-30,4482.00 
2010-12-01,4554.25 
2010-12-02,4676.56 
2010-12-03,4705.89 
2010-12-06,4687.29 
2010-12-07,4781.71 
2010-12-08,4686.58 
2010-12-09,4822.48 
2010-12-10,4848.23 
2010-12-13,4919.76 
2010-12-14,4921.91 
2010-12-15,4855.39 
2010-12-16,4804.60 
2010-12-17,4894.73 
2010-12-20,4909.75 
2010-12-21,4953.38 
2010-12-22,4914.04 
2010-12-23,4911.18 
2010-12-24,4931.92 
2010-12-27,4914.75 
2010-12-28,4935.50 
2010-12-29,4971.98 
2010-12-30,5065.68 
2010-12-31,5139.36 
2011-01-04,5135.78 
2011-01-05,5059.81 
2011-01-06,5117.72 
2011-01-07,4961.90 
2011-01-10,4980.40 
2011-01-11,5042.98 
2011-01-12,5074.26 
2011-01-13,5097.73 
2011-01-14,5087.77 
2011-01-17,5069.29 
2011-01-18,5119.77 
2011-01-19,5183.77 
2011-01-20,5092.04 
2011-01-21,5046.53 
2011-01-24,5104.13 
2011-01-25,5036.58 
2011-01-26,5034.44 
2011-01-27,5098.44 
2011-01-28,5100.57 
2011-01-31,5220.75 
2011-02-01,5329.54 
2011-02-09,5330.25 
2011-02-10,5356.56 
2011-02-11,5328.16 
2011-02-14,5377.48 
2011-02-15,5368.58 
2011-02-16,5336.79 
2011-02-17,5267.66 
2011-02-18,5209.11 
2011-02-21,5264.13 
2011-02-22,5190.07 
2011-02-23,5057.46 
2011-02-24,5037.71 
2011-02-25,5120.24 
2011-02-28,5242.27 
2011-03-01,5219.70 
2011-03-02,5269.07 
2011-03-03,5229.57 
2011-03-04,5270.48 
2011-03-07,5233.80 
2011-03-08,5013.02 
2011-03-09,5050.41 
2011-03-10,4883.24 
2011-03-11,4882.53 
2011-03-14,4886.76 
2011-03-15,4840.91 
2011-03-16,4970.70 
2011-03-17,4925.56 
2011-03-18,5057.19 
2011-03-21,5035.76 
2011-03-22,5022.22 
2011-03-23,5069.86 
2011-03-24,5100.15 
2011-03-25,5096.63 
2011-03-28,5005.76 
2011-03-29,4988.86 
2011-03-30,5021.96 
2011-03-31,4979.70 
2011-04-01,4961.39 
2011-04-06,5034.64 
2011-04-07,5049.43 
2011-04-08,5152.97 
2011-04-11,5167.76 
2011-04-12,5093.10 
2011-04-13,5083.95 
2011-04-14,5007.88 
2011-04-15,4988.86 
2011-04-18,5003.65 
2011-04-19,4910.68 
2011-04-20,5005.06 
2011-04-21,5034.64 
2011-04-22,5033.23 
2011-04-25,4995.20 
2011-04-26,4942.20 
2011-04-27,4918.36 
2011-04-28,4952.81 
2011-04-29,4896.57 
2011-05-03,4882.41 
2011-05-04,4805.29 
2011-05-05,4743.73 
2011-05-06,4665.89 
2011-05-09,4739.48 
2011-05-10,4747.97 
2011-05-11,4694.19 
2011-05-12,4544.18 
2011-05-13,4701.98 
2011-05-16,4662.35 
2011-05-17,4708.35 
2011-05-18,4729.57 
2011-05-19,4772.03 
2011-05-20,4779.81 
2011-05-23,4694.90 
2011-05-24,4727.45 
2011-05-25,4766.37 
2011-05-26,4839.96 
2011-05-27,4874.81 
2011-05-30,4840.51 
2011-05-31,4871.00 
2011-06-01,4854.53 
2011-06-02,4808.34 
2011-06-03,4862.35 
2011-06-07,4850.98 
2011-06-08,4796.97 
2011-06-09,4787.73 
2011-06-10,4803.36 
2011-06-13,4774.94 
2011-06-14,4811.18 
2011-06-15,4875.85 
2011-06-16,4843.16 
2011-06-17,4855.95 
2011-06-20,4801.94 
2011-06-21,4850.27 
2011-06-22,4814.02 
2011-06-23,4805.50 
2011-06-24,4849.56 
2011-06-27,4789.86 
2011-06-28,4807.63 
2011-06-29,4860.22 
2011-06-30,4979.44 
2011-07-01,4977.45 
2011-07-04,5038.81 
2011-07-05,5008.06 
2011-07-06,5039.39 
2011-07-07,5059.33 
2011-07-08,5117.72 
2011-07-11,5089.24 
2011-07-12,5065.03 
2011-07-13,5159.73 
2011-07-14,5135.52 
2011-07-15,5101.34 
2011-07-18,5115.58 
2011-07-19,5173.97 
2011-07-20,5156.88 
2011-07-21,5126.98 
2011-07-22,5119.86 
2011-07-25,5089.95 
2011-07-26,5169.12 
2011-07-27,5166.98 
2011-07-28,5163.00 
2011-07-29,5156.75 
2011-08-01,5212.11 
2011-08-02,5110.62 
2011-08-03,5114.17 
2011-08-04,5082.23 
2011-08-05,4866.48 
2011-08-08,4803.32 
2011-08-09,4681.25 
2011-08-10,4761.44 
2011-08-11,4734.47 
2011-08-12,4716.73 
2011-08-15,4776.35 
2011-08-16,4720.28 
2011-08-17,4743.70 
2011-08-18,4736.60 
2011-08-19,4713.46 
2011-08-22,4685.63 
2011-08-23,4735.35 
2011-08-24,4722.99 
2011-08-25,4745.73 
2011-08-26,4791.92 
2011-08-29,4804.00 
2011-08-30,4849.47 
2011-08-31,4857.29 
2011-09-01,4845.21 
2011-09-02,4819.63 
2011-09-05,4767.76 
2011-09-06,4760.65 
2011-09-07,4817.50 
2011-09-08,4811.81 
2011-09-09,4804.71 
2011-09-13,4711.63 
2011-09-14,4622.10 
2011-09-15,4624.23 
2011-09-16,4687.47 
2011-09-19,4514.80 
2011-09-20,4483.54 
2011-09-21,4487.80 
2011-09-22,4291.18 
2011-09-23,4058.90 
2011-09-26,3799.65 
2011-09-27,3922.22 
2011-09-28,3931.48 
2011-09-29,3748.34 
2011-09-30,3904.40 
2011-10-10,3882.31 
2011-10-11,3863.07 
2011-10-12,3914.38 
2011-10-13,3910.81 
2011-10-14,3991.34 
2011-10-17,3983.50 
2011-10-18,3848.10 
2011-10-19,3869.48 
2011-10-20,3655.70 
2011-10-21,3721.26 
2011-10-24,3935.51 
2011-10-25,4066.73 
2011-10-26,4100.81 
2011-10-27,4159.83 
2011-10-28,4246.55 
2011-10-31,4173.44 
2011-11-01,4136.17 
2011-11-02,4204.98 
2011-11-03,4070.95 
2011-11-04,4254.43 
2011-11-07,4153.38 
2011-11-08,4145.49 
2011-11-09,4154.81 
2011-11-10,3929.76 
2011-11-11,3985.66 
2011-11-14,4187.78 
2011-11-15,4120.41 
2011-11-16,4057.34 
2011-11-17,4086.00 
2011-11-18,4012.90 
2011-11-21,3985.66 
2011-11-22,3977.76 
2011-11-23,3929.56 
2011-11-24,3938.65 
2011-11-25,3878.70 
2011-11-28,4007.53 
2011-11-29,4014.04 
2011-11-30,3948.90 
2011-12-01,4194.99 
2011-12-02,4202.22 
2011-12-05,4194.99 
2011-12-06,4174.00 
2011-12-07,4223.94 
2011-12-08,4187.75 
2011-12-09,4130.57 
2011-12-12,4108.13 
2011-12-13,4061.81 
2011-12-14,4032.14 
2011-12-15,3869.29 
2011-12-16,3956.87 
2011-12-19,3907.65 
2011-12-20,3919.25 
2011-12-21,3980.53 
2011-12-22,3999.57 
2011-12-23,4070.04 
2011-12-26,4022.67 
2011-12-27,4011.74 
2011-12-28,4020.48 
2011-12-29,3951.25 
2011-12-30,4034.33 
2012-01-04,4065.66 
2012-01-05,4085.34 
2012-01-06,4073.68 
2012-01-09,4043.80 
2012-01-10,4071.49 
2012-01-11,4143.64 
2012-01-12,4182.99 
2012-01-13,4226.72 
2012-01-16,4228.90 
2012-01-17,4347.69 
2012-01-18,4312.71 
2012-01-19,4400.52 
2012-01-20,4413.91 
2012-01-30,4380.74 
2012-01-31,4401.96 
2012-02-01,4320.63 
2012-02-02,4348.22 
2012-02-03,4343.87 
2012-02-06,4395.42 
2012-02-07,4359.12 
2012-02-08,4457.87 
2012-02-09,4434.64 
2012-02-10,4450.61 
2012-02-13,4395.42 
2012-02-14,4351.17 
2012-02-15,4373.94 
2012-02-16,4289.58 
2012-02-17,4328.86 
2012-02-20,4299.15 
2012-02-21,4350.59 
2012-02-22,4382.47 
2012-02-23,4377.40 
2012-02-24,4319.44 
2012-02-27,4375.95 
2012-02-28,4423.77 
2012-02-29,4424.49 
2012-03-01,4367.98 
2012-03-02,4443.33 
2012-03-05,4420.14 
2012-03-06,4367.26 
2012-03-07,4302.78 
2012-03-08,4307.27 
2012-03-09,4376.36 
2012-03-12,4382.14 
2012-03-13,4412.38 
2012-03-14,4375.51 
2012-03-15,4367.56 
2012-03-16,4393.59 
2012-03-19,4358.89 
2012-03-20,4362.50 
2012-03-21,4366.12 
2012-03-22,4319.13 
2012-03-23,4339.37 
2012-03-26,4350.21 
2012-03-27,4388.53 
2012-03-28,4345.15 
2012-03-29,4318.41 
2012-03-30,4337.93 
2012-04-05,4330.70 
2012-04-06,4356.72 
2012-04-09,4319.15 
2012-04-10,4286.94 
2012-04-11,4179.76 
2012-04-12,4206.78 
2012-04-13,4190.89 
2012-04-16,4096.28 
2012-04-17,4082.56 
2012-04-18,4175.72 
2012-04-19,4164.89 
2012-04-20,4170.67 
2012-04-23,4140.33 
2012-04-24,4159.83 
2012-04-25,4159.11 
2012-04-26,4209.67 
2012-04-27,4223.39 
2012-05-02,4245.05 
2012-05-03,4198.83 
2012-05-04,4214.00 
2012-05-07,4164.30 
2012-05-08,4168.92 
2012-05-09,4150.12 
2012-05-10,4177.60 
2012-05-11,4146.50 
2012-05-14,4068.40 
2012-05-15,4045.99 
2012-05-16,3954.87 
2012-05-17,4030.08 
2012-05-18,4014.89 
2012-05-21,4059.00 
2012-05-22,4055.53 
2012-05-23,3997.00 
2012-05-24,4005.56 
2012-05-25,4021.82 
2012-05-28,4082.83 
2012-05-29,4073.39 
2012-05-30,4018.18 
2012-05-31,3960.80 
2012-06-01,3946.28 
2012-06-04,3832.96 
2012-06-05,3885.26 
2012-06-06,3909.23 
2012-06-07,3896.16 
2012-06-08,3851.85 
2012-06-11,3947.73 
2012-06-12,3903.42 
2012-06-13,3927.39 
2012-06-14,3928.84 
2012-06-15,4000.03 
2012-06-18,4010.19 
2012-06-19,3988.40 
2012-06-20,4010.92 
2012-06-21,3947.73 
2012-06-25,3946.13 
2012-06-26,3916.72 
2012-06-27,3924.30 
2012-06-28,3957.86 
2012-06-29,4033.80 
2012-07-02,4043.30 
2012-07-03,4096.60 
2012-07-04,4087.11 
2012-07-05,4087.84 
2012-07-06,4068.85 
2012-07-09,4029.42 
2012-07-10,4022.12 
2012-07-11,4027.23 
2012-07-12,4027.23 
2012-07-13,4072.51 
2012-07-16,4101.71 
2012-07-17,4083.46 
2012-07-18,4076.16 
2012-07-19,4106.10 
2012-07-20,4088.57 
2012-07-23,3984.88 
2012-07-24,3994.38 
2012-07-25,3934.26 
2012-07-26,3974.09 
2012-07-27,4015.85 
2012-07-30,4020.25 
2012-07-31,4036.38 
2012-08-01,4016.59 
2012-08-02,4007.06 
2012-08-03,3966.73 
2012-08-06,3993.12 
2012-08-07,4010.72 
2012-08-08,4010.72 
2012-08-09,4044.45 
2012-08-10,4004.86 
2012-08-13,3991.66 
2012-08-14,4004.86 
2012-08-15,4009.99 
2012-08-16,3990.19 
2012-08-17,4022.04 
2012-08-20,4022.04 
2012-08-21,4037.33 
2012-08-22,4070.42 
2012-08-23,4118.24 
2012-08-24,4091.76 
2012-08-27,4107.94 
2012-08-28,4080.72 
2012-08-29,4061.59 
2012-08-30,4096.17 
2012-08-31,4077.04 
2012-09-03,4132.95 
2012-09-04,4121.18 
2012-09-05,4099.85 
2012-09-06,4135.90 
2012-09-07,4167.53 
2012-09-10,4275.67 
2012-09-11,4293.33 
2012-09-12,4288.18 
2012-09-13,4274.20 
2012-09-14,4440.46 
2012-09-17,4397.06 
2012-09-18,4383.82 
2012-09-19,4446.35 
2012-09-20,4362.06 
2012-09-21,4392.36 
2012-09-24,4344.86 
2012-09-25,4351.92 
2012-09-26,4349.71 
2012-09-27,4343.83 
2012-09-28,4395.31 
2012-10-08,4333.53 
2012-10-09,4355.60 
2012-10-10,4328.39 
2012-10-11,4337.21 
2012-10-12,4337.21 
2012-10-15,4305.59 
2012-10-16,4323.24 
2012-10-17,4313.68 
2012-10-18,4348.24 
2012-10-19,4298.97 
2012-10-22,4257.06 
2012-10-23,4212.20 
2012-10-24,4228.38 
2012-10-25,4208.52 
2012-10-26,4170.28 
2012-10-29,4168.08 
2012-10-30,4154.84 
2012-10-31,4181.03 
2012-11-01,4199.41 
2012-11-02,4163.82 
2012-11-05,4102.05 
2012-11-06,4122.64 
2012-11-07,4162.35 
2012-11-08,4096.16 
2012-11-09,4113.08 
2012-11-12,4093.96 
2012-11-13,4078.51 
2012-11-14,4111.61 
2012-11-15,4106.46 
2012-11-16,4099.10 
2012-11-19,4121.90 
2012-11-20,4143.23 
2012-11-21,4110.87 
2012-11-22,4121.17 
2012-11-23,4128.52 
2012-11-26,4135.87 
2012-11-27,4135.87 
2012-11-28,4134.70 
2012-11-29,4147.06 
2012-11-30,4213.70 
2012-12-03,4232.08 
2012-12-04,4212.23 
2012-12-05,4247.52 
2012-12-06,4221.05 
2012-12-07,4224.73 
2012-12-10,4263.70 
2012-12-11,4257.82 
2012-12-12,4263.70 
2012-12-13,4236.49 
2012-12-14,4253.41 
2012-12-17,4274.73 
2012-12-18,4256.35 
2012-12-19,4239.44 
2012-12-20,4182.08 
2012-12-21,4172.52 
2012-12-24,4180.61 
2012-12-25,4193.11 
2012-12-26,4198.25 
2012-12-27,4224.73 
2012-12-28,4234.28 
2012-12-31,4247.95 
2013-01-04,4282.92 
2013-01-07,4272.94 
2013-01-08,4278.81 
2013-01-09,4281.74 
2013-01-10,4314.04 
2013-01-11,4289.08 
2013-01-14,4294.95 
2013-01-15,4234.77 
2013-01-16,4252.39 
2013-01-17,4237.71 
2013-01-18,4284.68 
2013-01-21,4270.73 
2013-01-22,4307.43 
2013-01-23,4300.09 
2013-01-24,4288.35 
2013-01-25,4303.76 
2013-01-28,4289.82 
2013-01-29,4302.58 
2013-01-30,4333.95 
2013-01-31,4364.56 
2013-02-01,4363.10 
2013-02-04,4384.31 
2013-02-05,4369.68 
2013-02-06,4376.26 
2013-02-07,4366.02 
2013-02-08,4365.29 
2013-02-18,4307.52 
2013-02-19,4298.74 
2013-02-20,4289.96 
2013-02-21,4213.91 
2013-02-22,4213.91 
2013-02-25,4189.04 
2013-02-26,4176.61 
2013-02-27,4204.40 
2013-02-28,4215.37 
2013-03-01,4147.66 
2013-03-04,4118.41 
2013-03-05,4163.61 
2013-03-06,4146.79 
2013-03-07,4134.35 
2013-03-08,4149.71 
2013-03-11,4129.96 
2013-03-12,4120.46 
2013-03-13,4157.76 
2013-03-14,4151.91 
2013-03-15,4177.50 
2013-03-18,4044.40 
2013-03-19,4022.46 
2013-03-20,4052.44 
2013-03-21,4081.56 
2013-03-22,4070.58 
2013-03-25,4089.02 
2013-03-26,4079.51 
2013-03-27,4064.88 
2013-03-28,4045.85 
2013-03-29,4011.47 
2013-04-01,3931.72 
2013-04-02,3985.86 
2013-04-03,3955.13 
2013-04-08,3996.10 
2013-04-09,4031.22 
2013-04-10,4036.64 
2013-04-11,4019.22 
2013-04-12,4037.66 
2013-04-15,3909.71 
2013-04-16,3874.55 
2013-04-17,3825.48 
2013-04-18,3700.96 
2013-04-19,3712.68 
2013-04-22,3591.83 
2013-04-23,3594.76 
2013-04-24,3706.09 
2013-04-25,3755.90 
2013-04-26,3791.79 
2013-05-02,3638.71 
2013-05-03,3749.30 
2013-05-06,3876.75 
2013-05-07,3833.67 
2013-05-08,3891.88 
2013-05-09,3887.63 
2013-05-10,3920.50 
2013-05-13,3919.03 
2013-05-14,3866.19 
2013-05-15,3815.55 
2013-05-16,3827.29 
2013-05-17,3888.21 
2013-05-20,3855.18 
2013-05-21,3920.50 
2013-05-22,3932.24 
2013-05-23,3841.97 
2013-05-24,3882.34 
2013-05-27,3853.71 
2013-05-28,3863.99 
2013-05-29,3837.57 
2013-05-30,3847.11 
2013-05-31,3869.13 
2013-06-03,3890.41 
2013-06-04,3896.28 
2013-06-05,3936.64 
2013-06-06,3894.81 
2013-06-07,3899.95 
2013-06-13,3794.52 
2013-06-14,3789.67 
2013-06-17,3807.91 
2013-06-18,3758.02 
2013-06-19,3752.13 
2013-06-20,3661.55 
2013-06-21,3656.39 
2013-06-24,3531.20 
2013-06-25,3577.59 
2013-06-26,3539.30 
2013-06-27,3592.32 
2013-06-28,3577.59 
2013-07-01,3639.45 
2013-07-02,3689.53 
2013-07-03,3722.67 
2013-07-04,3691.74 
2013-07-05,3640.93 
2013-07-08,3598.21 
2013-07-09,3619.57 
2013-07-10,3600.42 
2013-07-11,3743.60 
2013-07-12,3674.42 
2013-07-15,3688.59 
2013-07-16,3714.45 
2013-07-17,3687.84 
2013-07-18,3673.06 
2013-07-19,3661.97 
2013-07-22,3721.84 
2013-07-23,3715.19 
2013-07-24,3735.15 
2013-07-25,3732.19 
2013-07-26,3698.93 
2013-07-29,3629.44 
2013-07-30,3614.66 
2013-07-31,3636.84 
2013-08-01,3697.45 
2013-08-02,3698.93 
2013-08-05,3709.28 
2013-08-06,3709.28 
2013-08-07,3701.15 
2013-08-08,3807.59 
2013-08-09,3808.33 
2013-08-12,3877.81 
2013-08-13,3857.12 
2013-08-14,3860.81 
2013-08-15,3857.12 
2013-08-16,3933.99 
2013-08-19,3908.12 
2013-08-20,3865.99 
2013-08-21,3888.17 
2013-08-22,3907.56 
2013-08-23,3904.30 
2013-08-26,3953.18 
2013-08-27,3913.18 
2013-08-28,3879.10 
2013-08-29,3879.84 
2013-08-30,3849.46 
2013-09-02,3889.47 
2013-09-03,3879.10 
2013-09-04,3853.91 
2013-09-05,3827.98 
2013-09-06,3841.32 
2013-09-09,3873.91 
2013-09-10,3851.69 
2013-09-11,3856.13 
2013-09-12,3808.72 
2013-09-13,3799.83 
2013-09-16,3791.68 
2013-09-17,3812.42 
2013-09-18,3828.72 
2013-09-23,3856.87 
2013-09-24,3833.91 
2013-09-25,3834.65 
2013-09-26,3873.17 
2013-09-27,3878.36 
2013-09-30,3911.70 
2013-10-08,3890.95 
2013-10-09,3840.57 
2013-10-10,3819.83 
2013-10-11,3836.87 
2013-10-14,3878.53 
2013-10-15,3871.71 
2013-10-16,3875.72 
2013-10-17,3845.29 
2013-10-18,3878.70 
2013-10-21,3884.64 
2013-10-22,3872.02 
2013-10-23,3867.56 
2013-10-24,3840.10 
2013-10-25,3797.04 
2013-10-28,3823.77 
2013-10-29,3823.77 
2013-10-30,3866.08 
2013-10-31,3846.04 
2013-11-01,3877.96 
2013-11-04,3837.87 
2013-11-05,3830.45 
2013-11-06,3829.70 
2013-11-07,3822.28 
2013-11-08,3822.28 
2013-11-11,3834.16 
2013-11-12,3821.54 
2013-11-13,3757.70 
2013-11-14,3745.08 
2013-11-15,3717.61 
2013-11-18,3742.85 
2013-11-19,3713.90 
2013-11-20,3755.47 
2013-11-21,3748.34 
2013-11-22,3762.91 
2013-11-25,3764.85 
2013-11-26,3785.71 
2013-11-27,3776.02 
2013-11-28,3758.13 
2013-11-29,3771.55 
2013-12-02,3773.78 
2013-12-03,3739.50 
2013-12-04,3753.66 
2013-12-05,3780.49 
2013-12-06,3794.65 
2013-12-09,3791.67 
2013-12-10,3808.81 
2013-12-11,3808.81 
2013-12-12,3843.10 
2013-12-13,3813.29 
2013-12-16,3831.92 
2013-12-17,3834.90 
2013-12-18,3823.72 
2013-12-19,3804.34 
2013-12-20,3828.94 
2013-12-23,3821.49 
2013-12-24,3832.22 
2013-12-25,3901.09 
2013-12-26,3889.61 
2013-12-27,3903.32 
2013-12-30,3899.59 
2013-12-31,3895.12 
2014-01-02,3924.18 
2014-01-03,3868.30 
2014-01-06,3857.13 
2014-01-07,3863.83 
2014-01-08,3878.73 
2014-01-09,3816.15 
2014-01-10,3826.58 
2014-01-13,3851.17 
2014-01-14,3858.62 
2014-01-15,3833.28 
2014-01-16,3859.36 
2014-01-17,3866.66 
2014-01-20,3864.13 
2014-01-21,3852.65 
2014-01-22,3852.35 
2014-01-23,3835.93 
2014-01-24,3825.49 
2014-01-27,3803.85 
2014-01-28,3805.34 
2014-01-29,3809.82 
2014-01-30,3801.61 
2014-02-07,3807.58 
2014-02-10,3810.56 
2014-02-11,3759.83 
2014-02-12,3779.23 
2014-02-13,3776.99 
2014-02-14,3780.72 
2014-02-17,3810.56 
2014-02-18,3782.96 
2014-02-19,3785.94 
2014-02-20,3767.29 
2014-02-21,3772.51 
2014-02-24,3728.78 
2014-02-25,3697.72 
2014-02-26,3709.97 
2014-02-27,3674.58 
2014-02-28,3679.80 
2014-03-03,3640.97 
2014-03-04,3658.15 
2014-03-05,3687.27 
2014-03-06,3669.35 
2014-03-07,3652.92 
2014-03-10,3484.91 
2014-03-11,3453.55 
2014-03-12,3330.34 
2014-03-13,3322.13 
2014-03-14,3313.76 
2014-03-17,3307.93 
2014-03-18,3361.33 
2014-03-19,3350.10 
2014-03-20,3383.80 
2014-03-21,3382.30 
2014-03-24,3401.02 
2014-03-25,3436.21 
2014-03-26,3454.93 
2014-03-27,3424.23 
2014-03-28,3478.15 
2014-03-31,3503.60 
2014-04-01,3499.86 
2014-04-02,3503.60 
2014-04-03,3482.64 
2014-04-04,3508.42 
2014-04-08,3510.97 
2014-04-09,3485.90 
2014-04-10,3472.83 
2014-04-11,3513.43 
2014-04-14,3516.43 
2014-04-15,3499.90 
2014-04-16,3471.33 
2014-04-17,3498.39 
2014-04-18,3484.86 
2014-04-21,3504.41 
2014-04-22,3490.12 
2014-04-23,3517.18 
2014-04-24,3551.76 
2014-04-25,3602.13 
2014-04-28,3605.88 
2014-04-29,3581.08 
2014-04-30,3581.83 
2014-05-05,3583.33 
2014-05-06,3575.07 
2014-05-07,3554.02 
2014-05-08,3548.76 
2014-05-09,3588.60 
2014-05-12,3643.47 
2014-05-13,3659.26 
2014-05-14,3683.31 
2014-05-15,3697.59 
2014-05-16,3668.35 
2014-05-19,3715.22 
2014-05-20,3703.43 
2014-05-21,3642.82 
2014-05-22,3661.03 
2014-05-23,3694.41 
2014-05-26,3727.03 
2014-05-27,3705.03 
2014-05-28,3711.86 
2014-05-29,3676.96 
2014-05-30,3689.86 
2014-06-03,3693.65 
2014-06-04,3650.41 
2014-06-05,3665.58 
2014-06-06,3661.03 
2014-06-09,3593.51 
2014-06-10,3601.86 
2014-06-11,3630.68 
2014-06-12,3600.34 
2014-06-13,3620.82 
2014-06-16,3643.58 
2014-06-17,3655.72 
2014-06-18,3651.17 
2014-06-19,3645.86 
2014-06-20,3698.96 
2014-06-23,3758.89 
2014-06-24,3747.51 
2014-06-25,3750.54 
2014-06-26,3780.13 
2014-06-27,3781.65 
2014-06-30,3794.70 
2014-07-01,3856.04 
2014-07-02,3849.95 
2014-07-03,3909.37 
2014-07-04,3930.79 
2014-07-07,3890.25 
2014-07-08,3896.37 
2014-07-09,3896.37 
2014-07-10,3868.83 
2014-07-11,3894.84 
2014-07-14,3876.48 
2014-07-15,3874.18 
2014-07-16,3858.88 
2014-07-17,3819.10 
2014-07-18,3805.33 
2014-07-21,3790.79 
2014-07-22,3816.80 
2014-07-23,3825.98 
2014-07-24,3874.95 
2014-07-25,3904.78 
2014-07-28,3873.42 
2014-07-29,3885.66 
2014-07-30,3847.40 
2014-07-31,3874.18 
2014-08-01,3880.30 
2014-08-04,3857.18 
2014-08-05,3879.87 
2014-08-06,3817.46 
2014-08-07,3820.23 
2014-08-08,3817.15 
2014-08-11,3830.98 
2014-08-12,3823.30 
2014-08-13,3785.67 
2014-08-14,3756.49 
2014-08-15,3755.72 
2014-08-18,3760.33 
2014-08-19,3792.58 
2014-08-20,3803.33 
2014-08-21,3857.08 
2014-08-22,3897.78 
2014-08-25,3890.87 
2014-08-26,3886.26 
2014-08-27,3862.46 
2014-08-28,3858.62 
2014-08-29,3822.53 
2014-09-01,3815.62 
2014-09-02,3828.99 
2014-09-03,3833.30 
2014-09-04,3821.90 
2014-09-05,3846.58 
2014-09-09,3808.75 
2014-09-10,3772.47 
2014-09-11,3719.98 
2014-09-12,3750.86 
2014-09-15,3734.64 
2014-09-16,3760.12 
2014-09-17,3819.56 
2014-09-18,3791.00 
2014-09-19,3764.75 
2014-09-22,3700.68 
2014-09-23,3716.89 
2014-09-24,3719.98 
2014-09-25,3716.89 
2014-09-26,3728.33 
2014-09-29,3710.82 
2014-09-30,3739.85 
2014-10-08,3712.80 
2014-10-09,3719.81 
2014-10-10,3677.77 
2014-10-13,3725.26 
2014-10-14,3744.72 
2014-10-15,3762.63 
2014-10-16,3692.56 
2014-10-17,3639.62 
2014-10-20,3664.54 
2014-10-21,3655.19 
2014-10-22,3698.56 
2014-10-23,3702.46 
2014-10-24,3722.04 
2014-10-27,3696.01 
2014-10-28,3734.50 
2014-10-29,3752.57 
2014-10-30,3732.14 
2014-10-31,3753.35 
2014-11-03,3715.64 
2014-11-04,3747.07 
2014-11-05,3659.08 
2014-11-06,3677.15 
2014-11-07,3707.00 
2014-11-10,3732.14 
2014-11-11,3703.86 
2014-11-12,3717.22 
2014-11-13,3723.50 
2014-11-14,3704.65 
2014-11-17,3741.57 
2014-11-18,3740.00 
2014-11-19,3718.00 
2014-11-20,3729.00 
2014-11-21,3737.64 
2014-11-24,3754.92 
2014-11-25,3756.49 
2014-11-26,3693.65 
2014-11-27,3703.86 
2014-11-28,3648.92 
2014-12-01,3534.11 
2014-12-02,3601.75 
2014-12-03,3588.13 
2014-12-04,3632.56 
2014-12-05,3656.36 
2014-12-08,3642.08 
2014-12-09,3644.46 
2014-12-10,3669.84 
2014-12-11,3665.88 
2014-12-12,3679.36 
2014-12-15,3705.54 
2014-12-16,3639.70 
2014-12-17,3620.66 
2014-12-18,3621.45 
2014-12-19,3640.49 
2014-12-22,3677.05 
2014-12-23,3653.16 
2014-12-24,3652.84 
2014-12-25,3653.00 
2014-12-26,3643.39 
2014-12-29,3604.97 
2014-12-30,3625.78 
2014-12-31,3666.61 
2015-01-05,3608.97 
2015-01-06,3586.55 
2015-01-07,3574.54 
2015-01-08,3576.95 
2015-01-09,3542.52 
2015-01-12,3519.30 
2015-01-13,3433.64 
2015-01-14,3297.55 
2015-01-15,3275.93 
2015-01-16,3285.54 
2015-01-19,3343.98 
2015-01-20,3302.35 
2015-01-21,3303.15 
2015-01-22,3327.17 
2015-01-23,3283.14 
2015-01-26,3159.85 
2015-01-27,3243.36 
2015-01-28,3198.58 
2015-01-29,3170.12 
2015-01-30,3152.25 
2015-02-02,3249.02 
2015-02-03,3286.92 
2015-02-04,3319.18 
2015-02-05,3306.27 
2015-02-06,3360.30 
2015-02-09,3327.24 
2015-02-10,3332.08 
2015-02-11,3314.34 
2015-02-12,3315.14 
2015-02-13,3396.59 
2015-02-16,3404.65 
2015-02-17,3403.04 
2015-02-25,3393.36 
2015-02-26,3441.75 
2015-02-27,3460.15 
2015-03-02,3494.73 
2015-03-03,3442.68 
2015-03-04,3436.21 
2015-03-05,3439.45 
2015-03-06,3415.17 
2015-03-09,3423.26 
2015-03-10,3417.60 
2015-03-11,3405.46 
2015-03-12,3444.30 
2015-03-13,3466.96 
2015-03-16,3464.54 
2015-03-17,3433.78 
2015-03-18,3368.23 
2015-03-19,3376.32 
2015-03-20,3402.22 
2015-03-23,3535.75 
2015-03-24,3553.56 
2015-03-25,3539.80 
2015-03-26,3563.27 
2015-03-27,3551.77 
2015-03-30,3554.37 
2015-03-31,3516.10 
2015-04-01,3508.80 
2015-04-02,3529.89 
2015-04-03,3510.43 
2015-04-07,3526.65 
2015-04-08,3525.03 
2015-04-09,3512.86 
2015-04-10,3530.70 
2015-04-13,3542.87 
2015-04-14,3476.36 
2015-04-15,3487.71 
2015-04-16,3515.29 
2015-04-17,3543.68 
2015-04-20,3558.28 
2015-04-21,3517.73 
2015-04-22,3512.86 
2015-04-23,3486.90 
2015-04-24,3512.86 
2015-04-27,3559.09 
2015-04-28,3561.52 
2015-04-29,3562.66 
2015-04-30,3601.66 
2015-05-04,3720.20 
2015-05-05,3721.18 
2015-05-06,3753.73 
2015-05-07,3731.76 
2015-05-08,3740.71 
2015-05-11,3726.06 
2015-05-12,3729.32 
2015-05-13,3764.31 
2015-05-14,3748.85 
2015-05-15,3746.41 
2015-05-18,3752.10 
2015-05-19,3719.55 
2015-05-20,3642.25 
2015-05-21,3671.54 
2015-05-22,3670.73 
2015-05-25,3638.18 
2015-05-26,3622.72 
2015-05-27,3614.58 
2015-05-28,3612.14 
2015-05-29,3614.26 
2015-06-01,3561.31 
2015-06-02,3563.59 
2015-06-03,3550.54 
2015-06-04,3539.94 
2015-06-05,3491.82 
2015-06-08,3520.37 
2015-06-09,3527.71 
2015-06-10,3537.49 
2015-06-11,3526.08 
2015-06-12,3465.72 
2015-06-15,3442.88 
2015-06-16,3437.98 
2015-06-17,3410.25 
2015-06-18,3432.27 
2015-06-19,3411.07 
2015-06-23,3418.41 
2015-06-24,3441.25 
2015-06-25,3419.22 
2015-06-26,3450.22 
2015-06-29,3481.21 
2015-06-30,3445.33 
2015-07-01,3434.88 
2015-07-02,3453.66 
2015-07-03,3468.05 
2015-07-06,3334.41 
2015-07-07,3256.64 
2015-07-08,3116.65 
2015-07-09,3313.13 
2015-07-10,3304.12 
2015-07-13,3285.29 
2015-07-14,3297.57 
2015-07-15,3328.88 
2015-07-16,3330.32 
2015-07-17,3313.95 
2015-07-20,3258.28 
2015-07-21,3281.20 
2015-07-22,3205.07 
2015-07-23,3207.52 
2015-07-24,3115.01 
2015-07-27,3136.30 
2015-07-28,3137.94 
2015-07-29,3200.41 
2015-07-30,3179.89 
2015-07-31,3154.40 
2015-08-03,3123.59 
2015-08-04,3149.99 
2015-08-05,3144.21 
2015-08-06,3138.44 
2015-08-07,3131.84 
2015-08-10,3133.49 
2015-08-11,3221.75 
2015-08-12,3245.67 
2015-08-13,3264.64 
2015-08-14,3237.42 
2015-08-17,3229.17 
2015-08-18,3199.48 
2015-08-19,3196.18 
2015-08-20,3185.46 
2015-08-21,3211.85 
2015-08-24,3157.41 
2015-08-25,3201.95 
2015-08-26,3203.60 
2015-08-27,3207.73 
2015-08-28,3248.97 
2015-08-31,3242.36 
2015-09-01,3238.24 
2015-09-02,3227.66 
2015-09-07,3256.76 
2015-09-08,3270.00 
2015-09-09,3395.87 
2015-09-10,3396.56 
2015-09-11,3404.84 
2015-09-14,3360.17 
2015-09-15,3328.18 
2015-09-16,3387.46 
2015-09-17,3390.77 
2015-09-18,3367.61 
2015-09-21,3337.00 
2015-09-22,3302.26 
2015-09-23,3220.37 
2015-09-24,3213.75 
2015-09-25,3226.16 
2015-09-28,3169.08 
2015-09-29,3123.58 
2015-09-30,3191.29 
2015-10-08,3233.40 
2015-10-09,3328.12 
2015-10-12,3332.44 
2015-10-13,3299.24 
2015-10-14,3289.28 
2015-10-15,3321.65 
2015-10-16,3281.81 
2015-10-19,3268.53 
2015-10-20,3253.59 
2015-10-21,3229.52 
2015-10-22,3259.40 
2015-10-23,3295.09 
2015-10-26,3241.97 
2015-10-27,3262.72 
2015-10-28,3231.18 
2015-10-29,3239.48 
2015-10-30,3224.54 
2015-11-02,3202.96 
2015-11-03,3196.31 
2015-11-04,3229.38 
2015-11-05,3179.68 
2015-11-06,3163.72 
2015-11-09,3129.61 
2015-11-10,3125.45 
2015-11-11,3086.35 
2015-11-12,3103.82 
2015-11-13,3013.97 
2015-11-16,2997.34 
2015-11-17,2909.15 
2015-11-18,2901.67 
2015-11-19,2892.52 
2015-11-20,2904.16 
2015-11-23,2787.70 
2015-11-24,2815.98 
2015-11-25,2880.04 
2015-11-26,2929.12 
2015-11-27,2943.26 
2015-11-30,2897.83 
2015-12-01,2924.14 
2015-12-02,2910.32 
2015-12-03,2868.31 
2015-12-04,2886.66 
2015-12-07,2946.71 
2015-12-08,2895.00 
2015-12-09,2920.02 
2015-12-10,2912.51 
2015-12-11,2999.25 
2015-12-14,3013.43 
2015-12-15,2970.45 
2015-12-16,2956.27 
2015-12-17,2930.42 
2015-12-18,2986.29 
2015-12-21,3022.15 
2015-12-22,3031.33 
2015-12-23,3033.83 
2015-12-24,3016.32 
2015-12-25,3030.49 
2015-12-28,2980.46 
2015-12-29,3026.32 
2015-12-30,3041.33 
2015-12-31,3056.52 
2016-01-04,3009.27 
2016-01-05,3052.71 
2016-01-06,3029.98 
2016-01-07,3017.44 
2016-01-08,2983.16 
2016-01-11,2907.08 
2016-01-12,2895.37 
2016-01-13,2910.42 
2016-01-14,2920.45 
2016-01-15,2909.58 
2016-01-18,2925.47 
2016-01-19,2956.40 
2016-01-20,2932.99 
2016-01-21,2913.76 
2016-01-22,2942.19 
2016-01-25,2927.98 
2016-01-26,2934.67 
2016-01-27,2991.52 
2016-01-28,2976.47 
2016-01-29,2983.16 
2016-02-01,2963.93 
2016-02-02,2980.31 
2016-02-03,2982.48 
2016-02-04,3039.71 
2016-02-05,3040.71 
2016-02-15,2977.42 
2016-02-16,2977.42 
2016-02-17,2954.93 
2016-02-18,2973.25 
2016-02-19,2973.25 
2016-02-22,3027.39 
2016-02-23,3014.89 
2016-02-24,2982.41 
2016-02-25,2991.57 
2016-02-26,2984.91 
2016-02-29,2984.91 
2016-03-01,2994.91 
2016-03-02,3067.68 
2016-03-03,3070.67 
2016-03-04,3149.65 
2016-03-07,3161.78 
2016-03-08,3133.55 
2016-03-09,3097.86 
2016-03-10,3096.20 
2016-03-11,3130.23 
2016-03-14,3133.55 
2016-03-15,3092.05 
2016-03-16,3118.61 
2016-03-17,3149.32 
2016-03-18,3185.85 
2016-03-21,3167.59 
2016-03-22,3166.76 
2016-03-23,3167.59 
2016-03-24,3123.59 
2016-03-25,3133.55 
2016-03-28,3113.63 
2016-03-29,3118.61 
2016-03-30,3074.62 
2016-03-31,3063.16 
2016-04-01,3084.75 
2016-04-05,3052.69 
2016-04-06,3052.52 
2016-04-07,3045.87 
2016-04-08,2971.91 
2016-04-11,2977.73 
2016-04-12,2990.19 
2016-04-13,3061.29 
2016-04-14,3062.49 
2016-04-15,3056.68 
2016-04-18,3022.92 
2016-04-19,3050.16 
2016-04-20,3084.84 
2016-04-21,3145.95 
2016-04-22,3135.21 
2016-04-25,3147.60 
2016-04-26,3112.92 
2016-04-27,3107.14 
2016-04-28,3076.26 
2016-04-29,3107.13 
2016-05-03,3126.45 
2016-05-04,3071.17 
2016-05-05,3039.00 
2016-05-06,3020.85 
2016-05-09,2956.51 
2016-05-10,2965.58 
2016-05-11,2966.41 
2016-05-12,2989.50 
2016-05-13,2926.81 
2016-05-16,2937.53 
2016-05-17,2961.46 
2016-05-18,2918.56 
2016-05-19,2903.71 
2016-05-20,2913.61 
2016-05-23,2901.24 
2016-05-24,2902.89 
2016-05-25,2927.63 
2016-05-26,2974.65 
2016-05-27,2962.28 
2016-05-30,2944.96 
2016-05-31,2950.90 
2016-06-01,2905.19 
2016-06-02,2912.62 
2016-06-03,2948.61 
2016-06-06,2993.18 
2016-06-07,2958.51 
2016-06-08,2908.16 
2016-06-13,2909.81 
2016-06-14,2898.25 
2016-06-15,2915.59 
2016-06-16,2923.02 
2016-06-17,2935.40 
2016-06-20,2927.14 
2016-06-21,2936.22 
2016-06-22,2993.18 
2016-06-23,2994.01 
2016-06-24,2969.24 
2016-06-27,3031.15 
2016-06-28,3069.95 
2016-06-29,3066.65 
2016-06-30,3094.87 
2016-07-01,3075.89 
2016-07-04,3108.22 
2016-07-05,3058.05 
2016-07-06,3024.87 
2016-07-07,2986.84 
2016-07-08,2963.37 
2016-07-11,3051.72 
2016-07-12,3064.91 
2016-07-13,3180.32 
2016-07-14,3185.27 
2016-07-15,3173.73 
2016-07-18,3120.14 
2016-07-19,3195.16 
2016-07-20,3155.59 
2016-07-21,3186.09 
2016-07-22,3147.35 
2016-07-25,3145.70 
2016-07-26,3116.85 
2016-07-27,3111.08 
2016-07-28,3117.67 
2016-07-29,3088.82 
2016-08-01,3146.52 
2016-08-02,3127.08 
2016-08-03,3109.13 
2016-08-04,3095.46 
2016-08-05,3095.13 
2016-08-08,3088.55 
2016-08-09,3062.22 
2016-08-10,3082.79 
2016-08-11,3087.73 
2016-08-12,3090.20 
2016-08-15,3069.81 
2016-08-16,3062.22 
2016-08-17,3062.22 
2016-08-18,3074.57 
2016-08-19,3076.21 
2016-08-22,3075.61 
2016-08-23,3054.00 
2016-08-24,3015.33 
2016-08-25,2992.29 
2016-08-26,3016.81 
2016-08-29,3015.98 
2016-08-30,3002.73 
2016-08-31,3003.56 
2016-09-01,3025.09 
2016-09-02,3034.20 
2016-09-05,3021.95 
2016-09-06,3026.58 
2016-09-07,3041.48 
2016-09-08,3026.58 
2016-09-09,3030.72 
2016-09-12,2993.48 
2016-09-13,3029.07 
2016-09-14,3039.83 
2016-09-19,3081.21 
2016-09-20,3085.34 
2016-09-21,3087.00 
2016-09-22,3115.97 
2016-09-23,3133.35 
2016-09-26,3125.07 
2016-09-27,3118.45 
2016-09-28,3103.55 
2016-09-29,3116.79 
2016-09-30,3121.76 
2016-10-10,3117.29 
2016-10-11,3158.18 
2016-10-12,3140.97 
2016-10-13,3114.48 
2016-10-14,3092.96 
2016-10-17,3088.82 
2016-10-18,3095.45 
2016-10-19,3078.06 
2016-10-20,3088.00 
2016-10-21,3077.24 
2016-10-24,3091.31 
2016-10-25,3145.93 
2016-10-26,3125.24 
2016-10-27,3130.21 
2016-10-28,3167.45 
2016-10-31,3177.38 
2016-11-01,3204.70 
2016-11-02,3192.12 
2016-11-03,3225.55 
2016-11-04,3236.47 
2016-11-07,3339.55 
2016-11-08,3345.34 
2016-11-09,3440.45 
2016-11-10,3631.49 
2016-11-11,3862.23 
2016-11-14,3764.64 
2016-11-15,3611.64 
2016-11-16,3686.90 
2016-11-17,3611.64 
2016-11-18,3656.30 
2016-11-21,3731.56 
2016-11-22,3821.71 
2016-11-23,3784.49 
2016-11-24,3987.12 
2016-11-25,3978.02 
2016-11-28,4083.88 
2016-11-29,3854.79 
2016-11-30,3802.39 
2016-12-01,3880.70 
2016-12-02,3845.53 
2016-12-05,3904.78 
2016-12-06,3931.98 
2016-12-07,3986.40 
2016-12-08,3892.41 
2016-12-09,3907.25 
2016-12-12,3894.06 
2016-12-13,3868.50 
2016-12-14,3833.05 
2016-12-15,3857.78 
2016-12-16,3830.57 
2016-12-19,3762.14 
2016-12-20,3701.13 
2016-12-21,3737.40 
2016-12-22,3663.20 
2016-12-23,3715.97 
2016-12-26,3633.52 
2016-12-27,3677.22 
2016-12-28,3754.72 
2016-12-29,3766.26 
2016-12-30,3740.06 
2017-01-03,3760.97 
2017-01-04,3740.89 
2017-01-05,3760.63 
2017-01-06,3726.94 
2017-01-09,3758.17 
2017-01-10,3789.39 
2017-01-11,3875.68 
2017-01-12,3860.89 
2017-01-13,3895.41 
2017-01-16,3940.61 
2017-01-17,3844.46 
2017-01-18,3829.66 
2017-01-19,3840.35 
2017-01-20,3786.93 
2017-01-23,3850.21 
2017-01-24,3868.29 
2017-01-25,3915.95 
2017-01-26,3947.87 
2017-02-03,3844.46 
2017-02-06,3830.33 
2017-02-07,3851.18 
2017-02-08,3918.14 
2017-02-09,3899.60 
2017-02-10,3918.45 
2017-02-13,4106.91 
2017-02-14,4106.09 
2017-02-15,3993.83 
2017-02-16,3988.92 
2017-02-17,3962.70 
2017-02-20,3996.29 
2017-02-21,4008.58 
2017-02-22,3987.28 
2017-02-23,3965.15 
2017-02-24,3913.53 
2017-02-27,3911.07 
2017-02-28,3911.89 
2017-03-01,3986.46 
2017-03-02,3990.22 
2017-03-03,3956.36 
2017-03-06,3925.46 
2017-03-07,3910.92 
2017-03-08,3859.51 
2017-03-09,3799.95 
2017-03-10,3806.48 
2017-03-13,3880.73 
2017-03-14,3864.41 
2017-03-15,3889.70 
2017-03-16,3929.69 
2017-03-17,3895.42 
2017-03-20,3915.00 
2017-03-21,3858.70 
2017-03-22,3807.29 
2017-03-23,3844.83 
2017-03-24,3843.19 
2017-03-27,3774.65 
2017-03-28,3813.82 
2017-03-29,3878.28 
2017-03-30,3872.57 
2017-03-31,3896.23 
2017-04-05,3869.30 
2017-04-06,3900.94 
2017-04-07,3845.86 
2017-04-10,3836.91 
2017-04-11,3796.06 
2017-04-12,3760.27 
2017-04-13,3780.61 
2017-04-14,3750.51 
2017-04-17,3780.61 
2017-04-18,3729.37 
2017-04-19,3728.55 
2017-04-20,3705.78 
2017-04-21,3744.01 
2017-04-24,3734.25 
2017-04-25,3744.01 
2017-04-26,3760.27 
2017-04-27,3765.15 
2017-04-28,3768.41 
2017-05-02,3805.82 
2017-05-03,3788.58 
2017-05-04,3674.76 
2017-05-05,3657.05 
2017-05-08,3632.50 
2017-05-09,3634.94 
2017-05-10,3645.50 
2017-05-11,3678.82 
2017-05-12,3651.19 
2017-05-15,3691.82 
2017-05-16,3670.69 
2017-05-17,3688.57 
2017-05-18,3653.63 
2017-05-19,3681.26 
2017-05-22,3721.89 
2017-05-23,3719.45 
2017-05-24,3720.27 
2017-05-25,3735.71 
2017-05-26,3738.14 
2017-05-31,3675.57 
2017-06-01,3684.51 
2017-06-02,3684.35 
2017-06-05,3676.71 
2017-06-06,3647.47 
2017-06-07,3644.38 
2017-06-08,3675.24 
2017-06-09,3729.65 
2017-06-12,3765.37 
2017-06-13,3721.53 
2017-06-14,3732.08 
2017-06-15,3702.85 
2017-06-16,3693.92 
2017-06-19,3709.34 
2017-06-20,3722.34 
2017-06-21,3696.35 
2017-06-22,3719.90 
2017-06-23,3791.36 
2017-06-26,3801.92 
2017-06-27,3793.80 
2017-06-28,3810.04 
2017-06-29,3851.45 
2017-06-30,3853.89 
2017-07-03,3857.13 
2017-07-04,3810.22 
2017-07-05,3819.63 
2017-07-06,3805.36 
2017-07-07,3818.65 
2017-07-10,3789.48 
2017-07-11,3812.17 
2017-07-12,3828.37 
2017-07-13,3840.53 
2017-07-14,3821.08 
2017-07-17,3873.75 
2017-07-18,3864.02 
2017-07-19,3885.90 
2017-07-20,3872.13 
2017-07-21,3889.14 
2017-07-24,3869.70 
2017-07-25,3934.52 
2017-07-26,4055.24 
2017-07-27,4054.43 
2017-07-28,4046.33 
2017-07-31,4108.72 
2017-08-01,4065.77 
2017-08-02,4053.30 
2017-08-03,4036.96 
2017-08-04,4072.22 
2017-08-07,4073.67 
2017-08-08,4074.48 
2017-08-09,4143.94 
2017-08-10,4101.94 
2017-08-11,4035.71 
2017-08-14,4042.98 
2017-08-15,4064.79 
2017-08-16,4051.87 
2017-08-17,4156.86 
2017-08-18,4123.74 
2017-08-21,4171.39 
2017-08-22,4215.01 
2017-08-23,4164.13 
2017-08-24,4190.78 
2017-08-25,4261.85 
2017-08-28,4273.96 
2017-08-29,4253.77 
2017-08-30,4256.20 
2017-08-31,4265.89 
2017-09-01,4264.27 
2017-09-04,4292.69 
2017-09-05,4330.78 
2017-09-06,4294.48 
2017-09-07,4255.14 
2017-09-08,4170.50 
2017-09-11,4153.58 
2017-09-12,4167.28 
2017-09-13,4110.86 
2017-09-14,4060.88 
2017-09-15,4060.88 
2017-09-18,4086.67 
2017-09-19,4089.09 
2017-09-20,4095.54 
2017-09-21,4043.15 
2017-09-22,4000.43 
2017-09-25,4051.21 
2017-09-26,4081.84 
2017-09-27,4073.78 
2017-09-28,4080.23 
2017-09-29,4178.56 
2017-10-09,4200.33 
2017-10-10,4182.60 
2017-10-11,4228.54 
2017-10-12,4293.20 
2017-10-13,4309.81 
2017-10-16,4445.37 
2017-10-17,4447.79 
2017-10-18,4429.24 
2017-10-19,4407.45 
2017-10-20,4446.18 
2017-10-23,4388.89 
2017-10-24,4476.84 
2017-10-25,4405.03 
2017-10-26,4420.36 
2017-10-27,4356.61 
2017-10-30,4322.72 
2017-10-31,4342.89 
2017-11-01,4394.54 
2017-11-02,4361.45 
2017-11-03,4385.34 
2017-11-06,4407.61 
2017-11-07,4401.80 
2017-11-08,4306.67 
2017-11-09,4291.35 
2017-11-10,4319.57 
2017-11-13,4325.21 
2017-11-14,4355.85 
2017-11-15,4260.71 
2017-11-16,4257.49 
2017-11-17,4265.55 
2017-11-20,4268.78 
2017-11-21,4307.47 
2017-11-22,4362.29 
2017-11-23,4341.33 
2017-11-24,4380.84 
2017-11-27,4334.88 
2017-11-28,4305.86 
2017-11-29,4284.90 
2017-11-30,4259.91 
2017-12-01,4264.75 
2017-12-04,4317.94 
2017-12-05,4235.60 
2017-12-06,4143.91 
2017-12-07,4125.23 
2017-12-08,4164.70 
2017-12-11,4134.09 
2017-12-12,4194.50 
2017-12-13,4217.06 
2017-12-14,4212.23 
2017-12-15,4262.98 
2017-12-18,4314.53 
2017-12-19,4300.84 
2017-12-20,4324.20 
2017-12-21,4368.50 
2017-12-22,4390.25 
2017-12-25,4406.36 
2017-12-26,4449.86 
2017-12-27,4427.31 
2017-12-28,4492.56 
2017-12-29,4468.39 
2018-01-02,4451.16 
2018-01-03,4418.32 
2018-01-04,4445.83 
2018-01-05,4420.75 
2018-01-08,4395.03 
2018-01-09,4420.75 
2018-01-10,4403.87 
2018-01-11,4428.78 
2018-01-12,4403.87 
2018-01-15,4419.14 
2018-01-16,4363.69 
2018-01-17,4305.83 
2018-01-18,4313.06 
2018-01-19,4316.28 
2018-01-22,4331.54 
2018-01-23,4317.08 
2018-01-24,4237.52 
2018-01-25,4326.72 
2018-01-26,4293.77 
2018-01-29,4307.44 
2018-01-30,4256.81 
2018-01-31,4276.90 
2018-02-01,4257.61 
2018-02-02,4300.82 
2018-02-05,4262.93 
2018-02-06,4240.15 
2018-02-07,4236.94 
2018-02-08,4175.26 
2018-02-09,4130.40 
2018-02-12,4142.41 
2018-02-13,4176.86 
2018-02-14,4228.93 
2018-02-22,4225.73 
2018-02-23,4293.02 
2018-02-26,4293.82 
2018-02-27,4275.40 
2018-02-28,4212.91 
2018-03-01,4188.88 
2018-03-02,4191.92 
2018-03-05,4160.73 
2018-03-06,4199.73 
2018-03-07,4187.91 
2018-03-08,4151.20 
2018-03-09,4084.97 
2018-03-12,4146.41 
2018-03-13,4128.86 
2018-03-14,4175.94 
2018-03-15,4159.18 
2018-03-16,4159.18 
2018-03-19,4103.32 
2018-03-20,4104.92 
2018-03-21,4036.29 
2018-03-22,4088.96 
2018-03-23,3998.78 
2018-03-26,3910.21 
2018-03-27,3959.68 
2018-03-28,3930.95 
2018-03-29,3980.43 
2018-03-30,4004.37 
2018-04-02,4021.13 
2018-04-03,4019.53 
2018-04-04,4011.72 
2018-04-09,4038.01 
2018-04-10,4070.17 
2018-04-11,4064.60 
2018-04-12,4026.42 
2018-04-13,4018.47 
2018-04-16,4016.08 
2018-04-17,4042.33 
2018-04-18,4070.17 
2018-04-19,4131.42 
2018-04-20,4088.46 
2018-04-23,4125.05 
2018-04-24,4098.80 
2018-04-25,4100.40 
2018-04-26,4103.58 
2018-04-27,4101.19 
2018-05-02,4071.76 
2018-05-03,4061.11 
2018-05-04,4080.01 
2018-05-07,4068.90 
2018-05-08,4071.12 
2018-05-09,4031.50 
2018-05-10,4047.35 
2018-05-11,4076.67 
2018-05-14,4086.18 
2018-05-15,4058.44 
2018-05-16,4043.38 
2018-05-17,4045.76 
2018-05-18,4064.78 
2018-05-21,4071.12 
2018-05-22,4076.67 
2018-05-23,4102.82 
2018-05-24,4075.88 
2018-05-25,4080.63 
2018-05-28,4090.14 
2018-05-29,4098.07 
2018-05-30,4024.36 
2018-05-31,4071.91 
2018-06-01,4079.84 
2018-06-04,4102.65 
2018-06-05,4149.97 
2018-06-06,4207.05 
2018-06-07,4273.39 
2018-06-08,4243.40 
2018-06-11,4273.39 
2018-06-12,4258.39 
2018-06-13,4223.68 
2018-06-14,4231.57 
2018-06-15,4233.93 
2018-06-19,4077.71 
2018-06-20,4101.38 
2018-06-21,4085.60 
2018-06-22,4092.70 
2018-06-25,4077.71 
2018-06-26,4073.76 
2018-06-27,4061.93 
2018-06-28,4074.55 
2018-06-29,4076.13 
2018-07-02,4040.62 
2018-07-03,4057.81 
2018-07-04,3951.76 
2018-07-05,3889.24 
2018-07-06,3868.30 
2018-07-09,3933.61 
2018-07-10,3915.52 
2018-07-11,3786.47 
2018-07-12,3855.71 
2018-07-13,3833.68 
2018-07-16,3833.68 
2018-07-17,3840.76 
2018-07-18,3797.48 
2018-07-19,3829.75 
2018-07-20,3823.45 
2018-07-23,3857.29 
2018-07-24,3880.11 
2018-07-25,3927.32 
2018-07-26,3945.42 
2018-07-27,3941.48 
2018-07-30,3884.04 
2018-07-31,3921.02 
2018-08-01,3920.24 
2018-08-02,3881.54 
2018-08-03,3873.21 
2018-08-06,3878.24 
2018-08-07,3892.38 
2018-08-08,3890.81 
2018-08-09,3923.81 
2018-08-10,3896.31 
2018-08-13,3906.52 
2018-08-14,3890.03 
2018-08-15,3813.83 
2018-08-16,3737.63 
2018-08-17,3747.06 
2018-08-20,3790.26 
2018-08-21,3825.61 
2018-08-22,3793.41 
2018-08-23,3769.84 
2018-08-24,3810.69 
2018-08-27,3832.68 
2018-08-28,3821.69 
2018-08-29,3835.83 
2018-08-30,3833.47 
2018-08-31,3816.19 
2018-09-03,3783.98 
2018-09-04,3752.08 
2018-09-05,3730.86 
2018-09-06,3736.21 
2018-09-07,3742.50 
2018-09-10,3734.63 
2018-09-11,3770.04 
2018-09-12,3755.88 
2018-09-13,3825.91 
2018-09-14,3810.17 
2018-09-17,3771.62 
2018-09-18,3830.63 
2018-09-19,3906.18 
2018-09-20,3882.57 
2018-09-21,3914.05 
2018-09-25,3962.83 
2018-09-26,3976.21 
2018-09-27,3944.73 
2018-09-28,3947.88 
2018-10-08,3935.29 
2018-10-09,3974.51 
2018-10-10,3996.72 
2018-10-11,3931.63 
2018-10-12,3996.29 
2018-10-15,3982.09 
2018-10-16,3949.74 
2018-10-17,3957.63 
2018-10-18,3943.42 
2018-10-19,3957.63 
2018-10-22,3985.24 
2018-10-23,3949.74 
2018-10-24,3971.04 
2018-10-25,3926.07 
2018-10-26,3925.28 
2018-10-29,3926.86 
2018-10-30,3921.33 
2018-10-31,3870.84 
2018-11-01,3844.80 
2018-11-02,3936.35 
2018-11-05,3933.50 
2018-11-06,3924.19 
2018-11-07,3909.02 
2018-11-08,3901.12 
2018-11-09,3886.10 
2018-11-12,3865.56 
2018-11-13,3879.78 
2018-11-14,3857.66 
2018-11-15,3912.97 
2018-11-16,3917.71 
2018-11-19,3933.51 
2018-11-20,3917.71 
2018-11-21,3904.28 
2018-11-22,3916.92 
2018-11-23,3903.49 
2018-11-26,3895.59 
2018-11-27,3862.40 
2018-11-28,3894.01 
2018-11-29,3916.13 
2018-11-30,3928.77 
2018-12-03,3970.65 
2018-12-04,3923.56 
2018-12-05,3900.97 
2018-12-06,3872.36 
2018-12-07,3888.17 
2018-12-10,3868.40 
2018-12-11,3881.05 
2018-12-12,3880.26 
2018-12-13,3900.82 
2018-12-14,3865.24 
2018-12-17,3892.12 
2018-12-18,3868.40 
2018-12-19,3801.99 
2018-12-20,3812.27 
2018-12-21,3827.29 
2018-12-24,3802.78 
2018-12-25,3795.67 
2018-12-26,3798.04 
2018-12-27,3817.02 
2018-12-28,3821.76 
2019-01-02,3769.58 
2019-01-03,3742.53 
2019-01-04,3730.04 
2019-01-07,3752.35 
2019-01-08,3745.07 
2019-01-09,3771.96 
2019-01-10,3758.52 
2019-01-11,3743.49 
2019-01-14,3709.47 
2019-01-15,3718.17 
2019-01-16,3748.23 
2019-01-17,3748.23 
2019-01-18,3786.20 
2019-01-21,3781.46 
2019-01-22,3760.10 
2019-01-23,3760.89 
2019-01-24,3743.49 
2019-01-25,3748.23 
2019-01-28,3760.89 
2019-01-29,3764.05 
2019-01-30,3773.55 
2019-01-31,3804.40 
2019-02-01,3818.64 
2019-02-11,3812.47 
2019-02-12,3807.41 
2019-02-13,3808.67 
2019-02-14,3825.41 
2019-02-15,3802.53 
2019-02-18,3883.79 
2019-02-19,3894.05 
2019-02-20,3921.66 
2019-02-21,3918.50 
2019-02-22,3938.22 
2019-02-25,3985.56 
2019-02-26,3959.52 
2019-02-27,3950.85 
2019-02-28,3957.16 
2019-03-01,3983.98 
2019-03-04,3944.38 
2019-03-05,3924.32 
2019-03-06,3918.31 
2019-03-07,3901.22 
2019-03-08,3887.74 
2019-03-11,3899.63 
2019-03-12,3920.25 
2019-03-13,3911.53 
2019-03-14,3893.29 
2019-03-15,3909.94 
2019-03-18,3912.32 
2019-03-19,3910.73 
2019-03-20,3899.63 
2019-03-21,3917.87 
2019-03-22,3879.81 
2019-03-25,3814.81 
2019-03-26,3823.53 
2019-03-27,3836.21 
2019-03-28,3833.83 
2019-03-29,3868.72 
2019-04-01,3921.04 
2019-04-02,3906.46 
2019-04-03,3923.57 
2019-04-04,3926.26 
2019-04-08,3901.25 
2019-04-09,3946.35 
2019-04-10,3921.82 
2019-04-11,3898.09 
2019-04-12,3898.88 
2019-04-15,3908.37 
2019-04-16,3914.70 
2019-04-17,3917.08 
2019-04-18,3916.29 
2019-04-19,3918.66 
2019-04-22,3896.51 
2019-04-23,3889.39 
2019-04-24,3873.56 
2019-04-25,3890.97 
2019-04-26,3874.35 
2019-04-29,3864.86 
2019-04-30,3871.19 
2019-05-06,3798.40 
2019-05-07,3820.71 
2019-05-08,3785.42 
2019-05-09,3763.59 
2019-05-10,3778.94 
2019-05-13,3771.02 
2019-05-14,3757.57 
2019-05-15,3776.56 
2019-05-16,3781.31 
2019-05-17,3768.65 
2019-05-20,3767.86 
2019-05-21,3774.19 
2019-05-22,3731.46 
2019-05-23,3693.48 
2019-05-24,3732.25 
2019-05-27,3740.96 
2019-05-28,3729.09 
2019-05-29,3703.77 
2019-05-30,3683.20 
2019-05-31,3653.92 
2019-06-03,3649.97 
2019-06-04,3660.25 
2019-06-05,3679.55 
2019-06-06,3639.22 
2019-06-10,3658.20 
2019-06-11,3708.81 
2019-06-12,3675.60 
2019-06-13,3658.99 
2019-06-14,3664.53 
2019-06-17,3649.50 
2019-06-18,3663.73 
2019-06-19,3704.06 
2019-06-20,3711.18 
2019-06-21,3704.86 
2019-06-24,3696.95 
2019-06-25,3723.83 
2019-06-26,3733.32 
2019-06-27,3723.83 
2019-06-28,3717.51 
2019-07-01,3745.19 
2019-07-02,3685.73 
2019-07-03,3657.27 
2019-07-04,3666.13 
2019-07-05,3659.33 
2019-07-08,3664.86 
2019-07-09,3649.06 
2019-07-10,3640.37 
2019-07-11,3680.66 
2019-07-12,3686.98 
2019-07-15,3705.94 
2019-07-16,3705.94 
2019-07-17,3701.99 
2019-07-18,3695.67 
2019-07-19,3789.68 
2019-07-22,3745.44 
2019-07-23,3736.75 
2019-07-24,3720.16 
2019-07-25,3714.63 
2019-07-26,3717.00 
2019-07-29,3705.15 
2019-07-30,3732.01 
2019-07-31,3690.93 
2019-08-01,3683.03 
2019-08-02,3668.81 
2019-08-05,3639.12 
2019-08-06,3645.28 
2019-08-07,3627.28 
2019-08-08,3670.69 
2019-08-09,3684.11 
2019-08-12,3689.63 
2019-08-13,3674.64 
2019-08-14,3676.22 
2019-08-15,3665.17 
2019-08-16,3673.85 
2019-08-19,3678.58 
2019-08-20,3679.37 
2019-08-21,3664.38 
2019-08-22,3654.91 
2019-08-23,3662.01 
2019-08-26,3632.02 
2019-08-27,3660.43 
2019-08-28,3674.64 
2019-08-29,3673.85 
2019-08-30,3684.90 
2019-09-02,3680.95 
2019-09-03,3659.33 
2019-09-04,3678.42 
2019-09-05,3706.51 
2019-09-06,3742.80 
2019-09-09,3740.43 
2019-09-10,3741.22 
2019-09-11,3730.18 
2019-09-12,3745.95 
2019-09-16,3751.47 
2019-09-17,3734.12 
2019-09-18,3731.75 
2019-09-19,3712.82 
2019-09-20,3717.56 
2019-09-23,3697.05 
2019-09-24,3716.77 
2019-09-25,3707.30 
2019-09-26,3716.77 
2019-09-27,3700.99 
2019-09-30,3727.02 
2019-10-08,3689.16 
2019-10-09,3675.59 
2019-10-10,3681.75 
2019-10-11,3697.36 
2019-10-14,3702.09 
2019-10-15,3701.30 
2019-10-16,3684.75 
2019-10-17,3676.86 
2019-10-18,3670.56 
2019-10-21,3706.03 
2019-10-22,3713.91 
2019-10-23,3698.93 
2019-10-24,3732.83 
2019-10-25,3735.19 
2019-10-28,3738.34 
2019-10-29,3731.25 
2019-10-30,3744.65 
2019-10-31,3730.46 
2019-11-01,3713.91 
2019-11-04,3708.08 
2019-11-05,3724.62 
2019-11-06,3720.37 
2019-11-07,3716.59 
2019-11-08,3723.67 
2019-11-11,3710.30 
2019-11-12,3718.16 
2019-11-13,3699.28 
2019-11-14,3699.28 
2019-11-15,3691.42 
2019-11-18,3695.35 
2019-11-19,3688.27 
2019-11-20,3700.86 
2019-11-21,3705.58 
2019-11-22,3686.70 
2019-11-25,3704.79 
2019-11-26,3702.43 
2019-11-27,3726.81 
2019-11-28,3724.45 
2019-11-29,3722.10 
2019-12-02,3720.52 
2019-12-03,3702.75 
2019-12-04,3695.52 
2019-12-05,3713.28 
2019-12-06,3722.08 
2019-12-09,3803.74 
2019-12-10,3823.37 
2019-12-11,3847.72 
2019-12-12,3850.07 
2019-12-13,3848.50 
2019-12-16,3855.57 
2019-12-17,3868.13 
2019-12-18,3853.21 
2019-12-19,3856.35 
2019-12-20,3850.07 
2019-12-23,3851.64 
2019-12-24,3894.05 
2019-12-25,3894.83 
2019-12-26,3898.76 
2019-12-27,3905.04 
2019-12-30,3887.76 
2019-12-31,3859.50 
2020-01-02,3865.78 
2020-01-03,3830.46 
2020-01-06,3819.95 
2020-01-07,3838.61 
2020-01-08,3827.01 
2020-01-09,3834.84 
2020-01-10,3838.76 
2020-01-13,3833.28 
2020-01-14,3862.26 
2020-01-15,3858.34 
2020-01-16,3853.64 
2020-01-17,3857.56 
2020-01-20,3845.81 
2020-01-21,3792.55 
2020-01-22,3801.95 
2020-01-23,3761.22 
2020-02-03,3527.80 
2020-02-04,3544.87 
2020-02-05,3568.18 
2020-02-06,3605.56 
2020-02-07,3579.46 
2020-02-10,3558.37 
2020-02-11,3570.87 
2020-02-12,3570.09 
2020-02-13,3584.14 
2020-02-14,3602.11 
2020-02-17,3631.01 
2020-02-18,3613.82 
2020-02-19,3623.98 
2020-02-20,3626.32 
2020-02-21,3591.95 
2020-02-24,3592.74 
2020-02-25,3588.83 
2020-02-26,3563.84 
2020-02-27,3549.00 
2020-02-28,3466.99 
2020-03-02,3532.60 
2020-03-03,3562.73 
2020-03-04,3536.83 
2020-03-05,3539.94 
2020-03-06,3505.35 
2020-03-09,3418.12 
2020-03-10,3481.99 
2020-03-11,3449.28 
2020-03-12,3383.86 
2020-03-13,3399.43 
2020-03-16,3320.00 
2020-03-17,3320.00 
2020-03-18,3112.06 
2020-03-19,2925.93 
2020-03-20,3030.29 
2020-03-23,2897.11 
2020-03-24,2974.99 
2020-03-25,3065.33 
2020-03-26,3027.17 
2020-03-27,3051.31 
2020-03-30,3015.49 
2020-03-31,3048.98 
2020-04-01,3037.29 
2020-04-02,3087.93 
2020-04-03,3108.49 
2020-04-07,3161.18 
2020-04-08,3176.93 
2020-04-09,3176.15 
2020-04-10,3254.15 
2020-04-13,3258.83 
2020-04-14,3256.49 
2020-04-15,3241.67 
2020-04-16,3241.67 
2020-04-17,3297.83 
2020-04-20,3301.73 
2020-04-21,3232.31 
2020-04-22,3205.01 
2020-04-23,3272.09 
2020-04-24,3258.83 
2020-04-27,3314.21 
2020-04-28,3299.39 
2020-04-29,3315.77 
2020-04-30,3349.31 
2020-05-06,3332.15 
2020-05-07,3362.75 
2020-05-08,3393.37 
2020-05-11,3393.06 
2020-05-12,3354.57 
2020-05-13,3355.35 
2020-05-14,3345.18 
2020-05-15,3361.62 
2020-05-18,3375.71 
2020-05-19,3420.33 
2020-05-20,3423.46 
2020-05-21,3456.34 
2020-05-22,3386.67 
2020-05-25,3417.20 
2020-05-26,3433.64 
2020-05-27,3416.42 
2020-05-28,3421.11 
2020-05-29,3439.90 
2020-06-01,3491.57 
2020-06-02,3488.44 
2020-06-03,3510.22 
2020-06-04,3502.54 
2020-06-05,3541.10 
2020-06-08,3585.00 
2020-06-09,3622.63 
2020-06-10,3668.10 
2020-06-11,3673.59 
2020-06-12,3665.75 
2020-06-15,3617.14 
2020-06-16,3684.56 
2020-06-17,3655.56 
2020-06-18,3665.75 
2020-06-19,3737.87 
2020-06-22,3721.41 
2020-06-23,3751.20 
2020-06-24,3751.98 
2020-06-29,3792.75 
2020-06-30,3824.89 
2020-07-01,3868.79 
2020-07-02,3873.81 
2020-07-03,3833.50 
2020-07-06,3844.95 
2020-07-07,3867.55 
2020-07-08,3902.86 
2020-07-09,3976.64 
2020-07-10,3956.23 
2020-07-13,4150.08 
2020-07-14,4095.93 
2020-07-15,4091.22 
2020-07-16,3971.93 
2020-07-17,4034.71 
2020-07-20,4023.72 
2020-07-21,4070.81 
2020-07-22,4113.19 
2020-07-23,4078.66 
2020-07-24,4019.80 
2020-07-27,4049.62 
2020-07-28,4043.35 
2020-07-29,4071.60 
2020-07-30,4056.69 
2020-07-31,4066.89 
2020-08-03,4006.46 
2020-08-04,4045.86 
2020-08-05,4030.64 
2020-08-06,4034.09 
2020-08-07,4027.50 
2020-08-10,3943.51 
2020-08-11,3949.79 
2020-08-12,3915.25 
2020-08-13,3960.78 
2020-08-14,3932.52 
2020-08-17,3980.40 
2020-08-18,3993.75 
2020-08-19,4102.07 
2020-08-20,4084.80 
2020-08-21,4065.96 
2020-08-24,4045.55 
2020-08-25,4013.37 
2020-08-26,4037.70 
2020-08-27,4041.63 
2020-08-28,4080.87 
2020-08-31,4080.09 
2020-09-01,4159.37 
2020-09-02,4087.15 
2020-09-03,4062.82 
2020-09-04,4053.24 
2020-09-07,4103.33 
2020-09-08,4129.23 
2020-09-09,4069.58 
2020-09-10,4062.51 
2020-09-11,4057.80 
2020-09-14,4092.34 
2020-09-15,4097.05 
2020-09-16,4060.94 
2020-09-17,4031.12 
2020-09-18,4107.25 
2020-09-21,4096.26 
2020-09-22,4066.44 
2020-09-23,4038.97 
2020-09-24,3974.61 
2020-09-25,4006.00 
2020-09-28,4020.13 
2020-09-29,3998.15 
2020-09-30,3997.37 
2020-10-09,4037.40 
2020-10-12,4044.30 
2020-10-13,4031.43 
2020-10-14,4046.03 
2020-10-15,4024.06 
2020-10-16,4040.54 
2020-10-19,4016.99 
2020-10-20,4033.47 
2020-10-21,4100.17 
2020-10-22,4107.24 
2020-10-23,4076.63 
2020-10-26,4065.65 
2020-10-27,4053.09 
2020-10-28,4068.00 
2020-10-29,4038.97 
2020-10-30,3997.38 
2020-11-02,4007.58 
2020-11-03,4064.38 
2020-11-04,4050.73 
2020-11-05,4035.36 
2020-11-06,4036.77 
2020-11-09,4068.92 
2020-11-10,4047.75 
2020-11-11,4077.55 
2020-11-12,4067.36 
2020-11-13,4095.59 
2020-11-16,4214.02 
2020-11-17,4149.71 
2020-11-18,4156.77 
2020-11-19,4135.59 
2020-11-20,4197.55 
2020-11-23,4232.84 
2020-11-24,4295.59 
2020-11-25,4278.33 
2020-11-26,4337.94 
2020-11-27,4401.47 
2020-11-30,4523.82 
2020-12-01,4473.62 
2020-12-02,4485.23 
2020-12-03,4460.60 
2020-12-04,4505.62 
2020-12-07,4473.30 
2020-12-08,4467.03 
2020-12-09,4495.27 
2020-12-10,4512.53 
2020-12-11,4542.34 
2020-12-14,4539.99 
2020-12-15,4529.00 
2020-12-16,4545.48 
2020-12-17,4607.46 
2020-12-18,4656.88 
2020-12-21,4650.60 
2020-12-22,4542.34 
2020-12-23,4538.42 
2020-12-24,4560.38 
2020-12-25,4594.12 
2020-12-28,4610.59 
2020-12-29,4564.31 
2020-12-30,4587.84 
2020-12-31,4530.57 
2021-01-04,4562.74 
2021-01-05,4558.97 
2021-01-06,4630.49 
2021-01-07,4662.16 
2021-01-08,4733.16 
2021-01-11,4596.07 
2021-01-12,4599.21 
2021-01-13,4604.69 
2021-01-14,4601.56 
2021-01-15,4597.64 
2021-01-18,4643.86 
2021-01-19,4613.31 
2021-01-20,4631.32 
2021-01-21,4648.56 
2021-01-22,4607.04 
2021-01-25,4628.97 
2021-01-26,4580.41 
2021-01-27,4599.99 
2021-01-28,4524.79 
2021-01-29,4508.33 
2021-02-01,4536.54 
2021-02-02,4488.60 
2021-02-03,4465.42 
2021-02-04,4529.63 
2021-02-05,4560.16 
2021-02-08,4607.12 
2021-02-09,4669.74 
2021-02-10,4762.10 
2021-02-18,4957.78 
2021-02-19,5034.49 
2021-02-22,5273.22 
2021-02-23,5318.62 
2021-02-24,5315.49 
2021-02-25,5490.82 
2021-02-26,5318.62 
2021-03-01,5279.48 
2021-03-02,5227.51 
2021-03-03,5309.05 
2021-03-04,5203.44 
2021-03-05,5161.21 
2021-03-08,5150.26 
2021-03-09,5169.81 
2021-03-10,5113.51 
2021-03-11,5266.76 
2021-03-12,5232.36 
2021-03-15,5279.27 
2021-03-16,5218.28 
2021-03-17,5233.92 
2021-03-18,5232.36 
2021-03-19,5161.99 
2021-03-22,5222.98 
2021-03-23,5241.74 
2021-03-24,5197.96 
2021-03-25,5126.02 
2021-03-26,5173.72 
2021-03-29,5187.01 
2021-03-30,5151.04 
2021-03-31,5129.15 
2021-04-01,5089.27 
2021-04-02,5245.76 
2021-04-06,5241.07 
2021-04-07,5232.01 
2021-04-08,5226.86 
2021-04-09,5215.15 
2021-04-12,5132.42 
2021-04-13,5145.69 
2021-04-14,5176.91 
2021-04-15,5310.37 
2021-04-16,5349.40 
2021-04-19,5436.81 
2021-04-20,5420.42 
2021-04-21,5363.44 
2021-04-22,5397.00 
2021-04-23,5419.64 
2021-04-26,5539.83 
2021-04-27,5656.90 
2021-04-28,5567.93 
2021-04-29,5649.10 
2021-04-30,5610.86 
2021-05-06,5716.22 
2021-05-07,5846.19 
2021-05-10,6068.24 
2021-05-11,5930.96 
2021-05-12,6017.09 
2021-05-13,5926.80 
2021-05-14,5817.84 
2021-05-17,5832.63 
2021-05-18,5939.26 
2021-05-19,5785.15 
2021-05-20,5735.34 
2021-05-21,5616.26 
2021-05-24,5575.79 
2021-05-25,5621.71 
2021-05-26,5586.68 
2021-05-27,5599.14 
2021-05-28,5708.88 
2021-05-31,5755.58 
2021-06-01,5771.92 
2021-06-02,5735.04 
2021-06-03,5684.97 
2021-06-04,5519.14 
2021-06-07,5555.80 
2021-06-08,5558.90 
2021-06-09,5566.67 
2021-06-10,5549.59 
2021-06-11,5589.18 
2021-06-15,5468.86 
2021-06-16,5326.80 
2021-06-17,5351.64 
2021-06-18,5230.54 
2021-06-21,5163.78 
2021-06-22,5237.53 
2021-06-23,5324.47 
2021-06-24,5315.93 
2021-06-25,5333.01 
2021-06-28,5327.57 
2021-06-29,5290.31 
2021-06-30,5308.94 
2021-07-01,5298.85 
2021-07-02,5298.85 
2021-07-05,5397.20 
2021-07-06,5439.84 
2021-07-07,5362.50 
2021-07-08,5336.16 
2021-07-09,5347.78 
2021-07-12,5352.42 
2021-07-13,5369.47 
2021-07-14,5343.90 
2021-07-15,5336.93 
2021-07-16,5377.22 
2021-07-19,5330.73 
2021-07-20,5284.25 
2021-07-21,5272.63 
2021-07-22,5345.45 
2021-07-23,5404.33 
2021-07-26,5482.57 
2021-07-27,5560.05 
2021-07-28,5566.24 
2021-07-29,5547.65 
2021-07-30,5563.92 
2021-08-02,5537.58 
2021-08-03,5457.19 
2021-08-04,5431.01 
2021-08-05,5362.72 
2021-08-06,5446.17 
2021-08-09,5378.06 
2021-08-10,5385.02 
2021-08-11,5405.15 
2021-08-12,5452.37 
2021-08-13,5415.21 
2021-08-16,5388.12 
2021-08-17,5388.89 
2021-08-18,5309.94 
2021-08-19,5155.91 
2021-08-20,5189.97 
2021-08-23,5234.09 
2021-08-24,5306.85 
2021-08-25,5348.64 
2021-08-26,5309.17 
2021-08-27,5350.97 
2021-08-30,5428.37 
2021-08-31,5426.05 
2021-09-01,5333.16 
2021-09-02,5342.76 
2021-09-03,5349.12 
2021-09-06,5381.65 
2021-09-07,5348.18 
2021-09-08,5315.64 
2021-09-09,5365.23 
2021-09-10,5421.79 
2021-09-13,5533.38 
2021-09-14,5405.52 
2021-09-15,5400.87 
2021-09-16,5386.93 
2021-09-17,5356.70 
2021-09-22,5317.19 
2021-09-23,5307.89 
2021-09-24,5353.61 
2021-09-27,5367.55 
2021-09-28,5364.45 
2021-09-29,5297.04 
2021-09-30,5265.27 
2021-10-08,5334.23 
2021-10-11,5443.84 
2021-10-12,5398.55 
2021-10-13,5431.61 
2021-10-14,5619.48 
2021-10-15,5728.21 
2021-10-18,5916.92 
2021-10-19,5877.32 
2021-10-20,5687.83 
2021-10-21,5638.12 
2021-10-22,5621.81 
2021-10-25,5600.07 
2021-10-26,5591.53 
2021-10-27,5479.70 
2021-10-28,5522.41 
2021-10-29,5478.14 
2021-11-01,5447.08 
2021-11-02,5408.54 
2021-11-03,5538.98 
2021-11-04,5440.50 
2021-11-05,5398.76 
2021-11-08,5427.60 
2021-11-09,5475.92 
2021-11-10,5455.66 
2021-11-11,5465.79 
2021-11-12,5478.26 
2021-11-15,5493.85 
2021-11-16,5456.44 
2021-11-17,5438.51 
2021-11-18,5331.73 
2021-11-19,5495.40 
2021-11-22,5469.68 
2021-11-23,5513.33 
2021-11-24,5550.74 
2021-11-25,5609.19 
2021-11-26,5499.30 
2021-11-29,5473.58 
2021-11-30,5412.79 
2021-12-01,5428.38 
2021-12-02,5348.23 
2021-12-03,5413.61 
2021-12-06,5381.14 
2021-12-07,5414.57 
2021-12-08,5421.60 
2021-12-09,5432.54 
2021-12-10,5420.04 
2021-12-13,5429.41 
2021-12-14,5373.17 
2021-12-15,5295.83 
2021-12-16,5341.92 
2021-12-17,5408.32 
2021-12-20,5351.29 
2021-12-21,5408.32 
2021-12-22,5444.26 
2021-12-23,5482.54 
2021-12-24,5448.94 
2021-12-27,5431.76 
2021-12-28,5503.63 
2021-12-29,5484.10 
2021-12-30,5469.26 
2021-12-31,5498.16 
