日期,国债到期收益率:1年
2009-01-05,0.4801
2009-01-06,0.7691
2009-01-07,0.7797
2009-01-08,0.4944
2009-01-09,0.7908
2009-01-12,0.6272
2009-01-13,0.7195
2009-01-14,0.8436
2009-01-15,0.9496
2009-01-16,1.0386
2009-01-19,1.0846
2009-01-20,1.1978
2009-01-21,1.2411
2009-01-22,1.1704
2009-01-23,1.1301
2009-02-02,1.1447
2009-02-03,1.1868
2009-02-04,1.3097
2009-02-05,1.3627
2009-02-06,1.3806
2009-02-09,1.3305
2009-02-10,1.3124
2009-02-11,1.3145
2009-02-12,1.2630
2009-02-13,1.2517
2009-02-16,1.2688
2009-02-17,1.2716
2009-02-18,1.2798
2009-02-19,1.2309
2009-02-20,1.2339
2009-02-23,1.2094
2009-02-24,1.2034
2009-02-25,1.1362
2009-02-26,1.1909
2009-02-27,1.1967
2009-03-02,1.1935
2009-03-03,1.1759
2009-03-04,1.2323
2009-03-05,1.1618
2009-03-06,1.1335
2009-03-09,1.1421
2009-03-10,1.1346
2009-03-11,1.1517
2009-03-12,1.1739
2009-03-13,1.1670
2009-03-16,1.1225
2009-03-17,1.1783
2009-03-18,1.1645
2009-03-19,1.1397
2009-03-20,1.1569
2009-03-23,1.1597
2009-03-24,1.1664
2009-03-25,1.1807
2009-03-26,1.0263
2009-03-27,1.1007
2009-03-30,1.1328
2009-03-31,1.1579
2009-04-01,1.1420
2009-04-02,1.2178
2009-04-03,1.1579
2009-04-07,1.1427
2009-04-08,1.2197
2009-04-09,1.2243
2009-04-10,1.2085
2009-04-13,1.2701
2009-04-14,1.2371
2009-04-15,1.2707
2009-04-16,1.2728
2009-04-17,1.2687
2009-04-20,1.2648
2009-04-21,1.2456
2009-04-22,1.2823
2009-04-23,1.2980
2009-04-24,1.3262
2009-04-27,1.3054
2009-04-28,1.2785
2009-04-29,1.3447
2009-04-30,1.3238
2009-05-04,1.3101
2009-05-05,1.3559
2009-05-06,1.2978
2009-05-07,1.2805
2009-05-08,1.2532
2009-05-11,1.2439
2009-05-12,1.2501
2009-05-13,1.2373
2009-05-14,1.1232
2009-05-15,1.2489
2009-05-18,1.2122
2009-05-19,1.1959
2009-05-20,1.1424
2009-05-21,1.1454
2009-05-22,1.2030
2009-05-25,1.2320
2009-05-26,1.2990
2009-05-27,1.2082
2009-06-01,1.2133
2009-06-02,1.2997
2009-06-03,1.2872
2009-06-04,1.2956
2009-06-05,1.2346
2009-06-08,1.2476
2009-06-09,1.2664
2009-06-10,1.2682
2009-06-11,1.2676
2009-06-12,1.2847
2009-06-15,1.2971
2009-06-16,1.3023
2009-06-17,1.3225
2009-06-18,1.3125
2009-06-19,1.2654
2009-06-22,1.3084
2009-06-23,1.2921
2009-06-24,1.3101
2009-06-25,1.4170
2009-06-26,1.4112
2009-06-29,1.3425
2009-06-30,1.2714
2009-07-01,1.2581
2009-07-02,1.3694
2009-07-03,1.3145
2009-07-06,1.3412
2009-07-07,1.3394
2009-07-08,1.3103
2009-07-09,1.4212
2009-07-10,1.5318
2009-07-13,1.5195
2009-07-14,1.5573
2009-07-15,1.6305
2009-07-16,1.7371
2009-07-17,1.7833
2009-07-20,1.8833
2009-07-21,1.8401
2009-07-22,1.8229
2009-07-23,1.8526
2009-07-24,1.8160
2009-07-27,1.8588
2009-07-28,1.8582
2009-07-29,1.7887
2009-07-30,1.8480
2009-07-31,1.8469
2009-08-03,1.8417
2009-08-04,1.8961
2009-08-05,1.8707
2009-08-06,1.8431
2009-08-07,1.8274
2009-08-10,1.8918
2009-08-11,1.8253
2009-08-12,1.8593
2009-08-13,1.8544
2009-08-14,1.8089
2009-08-17,1.8049
2009-08-18,1.8448
2009-08-19,1.8132
2009-08-20,1.8517
2009-08-21,1.8038
2009-08-24,1.8189
2009-08-25,1.8174
2009-08-26,1.7515
2009-08-27,1.7644
2009-08-28,1.8019
2009-08-31,1.7541
2009-09-01,1.8547
2009-09-02,1.8367
2009-09-03,1.7090
2009-09-04,1.7627
2009-09-07,1.7993
2009-09-08,1.7452
2009-09-09,1.6997
2009-09-10,1.7149
2009-09-11,1.7020
2009-09-14,1.7356
2009-09-15,1.7227
2009-09-16,1.7153
2009-09-17,1.7583
2009-09-18,1.7864
2009-09-21,1.6799
2009-09-22,1.7137
2009-09-23,1.6533
2009-09-24,1.6688
2009-09-25,1.6452
2009-09-28,1.6229
2009-09-29,1.6264
2009-09-30,1.6465
2009-10-09,1.6633
2009-10-12,1.7676
2009-10-13,1.7443
2009-10-14,1.7235
2009-10-15,1.8348
2009-10-16,1.8831
2009-10-19,1.8121
2009-10-20,1.8741
2009-10-21,1.8387
2009-10-22,1.9260
2009-10-23,1.7911
2009-10-26,1.9005
2009-10-27,1.8059
2009-10-28,1.8251
2009-10-29,1.9459
2009-10-30,1.8674
2009-11-02,1.8042
2009-11-03,1.8290
2009-11-04,1.8572
2009-11-05,1.8165
2009-11-06,1.8488
2009-11-09,1.8681
2009-11-10,1.8742
2009-11-11,1.8953
2009-11-12,1.8616
2009-11-13,1.9596
2009-11-16,1.9251
2009-11-17,1.8685
2009-11-18,1.8052
2009-11-19,1.8239
2009-11-20,1.8762
2009-11-23,1.7932
2009-11-24,1.7812
2009-11-25,1.8474
2009-11-26,1.7250
2009-11-27,1.7473
2009-11-30,1.8169
2009-12-01,1.7586
2009-12-02,1.8458
2009-12-03,1.7027
2009-12-04,1.6411
2009-12-07,1.6595
2009-12-08,1.6965
2009-12-09,1.6886
2009-12-10,1.7724
2009-12-11,1.8129
2009-12-14,1.7128
2009-12-15,1.7293
2009-12-16,1.7484
2009-12-17,1.7364
2009-12-18,1.8268
2009-12-21,1.7235
2009-12-22,1.7328
2009-12-23,1.8351
2009-12-24,1.7667
2009-12-25,1.7421
2009-12-28,1.7575
2009-12-29,1.7637
2009-12-30,1.7181
2009-12-31,1.7595
2010-01-04,1.7780
2010-01-05,1.7519
2010-01-06,1.8036
2010-01-07,1.7627
2010-01-08,1.7229
2010-01-11,1.8076
2010-01-12,1.8712
2010-01-13,1.8638
2010-01-14,1.8154
2010-01-15,1.8915
2010-01-18,1.9146
2010-01-19,1.8539
2010-01-20,1.8724
2010-01-21,1.8028
2010-01-22,1.9019
2010-01-25,1.8999
2010-01-26,1.8965
2010-01-27,1.9190
2010-01-28,1.9027
2010-01-29,1.8881
2010-02-01,1.8635
2010-02-02,1.9339
2010-02-03,1.8878
2010-02-04,1.9060
2010-02-05,1.9712
2010-02-08,1.9153
2010-02-09,1.8769
2010-02-10,1.8751
2010-02-11,1.8668
2010-02-12,1.8622
2010-02-20,1.9725
2010-02-22,1.9524
2010-02-23,1.9397
2010-02-24,1.9399
2010-02-25,1.9556
2010-02-26,1.9138
2010-03-01,1.9379
2010-03-02,1.8933
2010-03-03,1.8283
2010-03-04,1.7949
2010-03-05,1.7746
2010-03-08,1.7932
2010-03-09,1.7919
2010-03-10,1.7707
2010-03-11,1.7893
2010-03-12,1.7997
2010-03-15,1.7850
2010-03-16,1.7730
2010-03-17,1.7447
2010-03-18,1.7331
2010-03-19,1.7115
2010-03-22,1.7263
2010-03-23,1.7400
2010-03-24,1.7535
2010-03-25,1.7430
2010-03-26,1.7461
2010-03-29,1.7669
2010-03-30,1.7723
2010-03-31,1.7930
2010-04-01,1.7702
2010-04-02,1.8331
2010-04-06,1.7814
2010-04-07,1.8065
2010-04-08,1.8276
2010-04-09,1.8413
2010-04-12,1.9427
2010-04-13,1.9037
2010-04-14,1.9464
2010-04-15,1.9516
2010-04-16,1.9027
2010-04-19,1.9051
2010-04-20,1.9232
2010-04-21,1.8367
2010-04-22,1.8318
2010-04-23,1.8447
2010-04-26,1.8471
2010-04-27,1.8137
2010-04-28,1.8175
2010-04-29,1.7996
2010-04-30,1.7835
2010-05-04,1.7858
2010-05-05,1.8215
2010-05-06,1.7755
2010-05-07,1.7797
2010-05-10,1.7915
2010-05-11,1.7825
2010-05-12,1.7818
2010-05-13,1.7901
2010-05-14,1.7926
2010-05-17,1.8006
2010-05-18,1.7968
2010-05-19,1.7479
2010-05-20,1.7883
2010-05-21,1.7699
2010-05-24,1.7712
2010-05-25,1.8281
2010-05-26,1.7889
2010-05-27,1.7786
2010-05-28,1.8120
2010-05-31,1.8861
2010-06-01,1.8556
2010-06-02,1.9037
2010-06-03,1.8688
2010-06-04,1.8686
2010-06-07,1.8863
2010-06-08,1.8838
2010-06-09,1.9509
2010-06-10,1.9421
2010-06-11,1.9432
2010-06-17,1.9792
2010-06-18,1.9650
2010-06-21,2.0366
2010-06-22,2.0835
2010-06-23,2.0957
2010-06-24,2.0481
2010-06-25,2.0774
2010-06-28,2.1421
2010-06-29,2.1138
2010-06-30,2.0879
2010-07-01,2.0420
2010-07-02,2.0866
2010-07-05,2.0899
2010-07-06,2.0910
2010-07-07,2.0094
2010-07-08,2.0293
2010-07-09,2.0321
2010-07-12,2.0391
2010-07-13,2.0896
2010-07-14,1.9643
2010-07-15,1.9845
2010-07-16,2.0240
2010-07-19,2.0187
2010-07-20,2.0373
2010-07-21,2.0049
2010-07-22,2.0155
2010-07-23,1.9734
2010-07-26,2.0325
2010-07-27,2.0294
2010-07-28,2.0565
2010-07-29,2.0650
2010-07-30,2.0415
2010-08-02,2.0108
2010-08-03,2.0444
2010-08-04,1.9717
2010-08-05,1.9424
2010-08-06,1.9910
2010-08-09,1.9997
2010-08-10,2.0018
2010-08-11,1.9570
2010-08-12,1.9865
2010-08-13,1.9800
2010-08-16,2.0297
2010-08-17,1.9618
2010-08-18,1.9835
2010-08-19,2.0144
2010-08-20,1.9990
2010-08-23,2.0561
2010-08-24,2.0614
2010-08-25,2.0123
2010-08-26,2.0064
2010-08-27,1.9986
2010-08-30,2.0014
2010-08-31,2.0599
2010-09-01,2.0296
2010-09-02,2.0264
2010-09-03,2.0758
2010-09-06,2.0460
2010-09-07,2.0859
2010-09-08,2.0484
2010-09-09,2.0778
2010-09-10,2.0629
2010-09-13,2.0577
2010-09-14,2.1045
2010-09-15,2.1293
2010-09-16,2.1471
2010-09-17,2.1140
2010-09-20,2.1393
2010-09-21,2.1581
2010-09-27,2.1135
2010-09-28,2.1853
2010-09-29,2.1136
2010-09-30,2.1248
2010-10-08,2.1878
2010-10-11,2.1358
2010-10-12,2.1305
2010-10-13,2.1305
2010-10-14,2.1487
2010-10-15,2.1374
2010-10-18,2.1471
2010-10-19,2.1675
2010-10-20,2.1787
2010-10-21,2.0862
2010-10-22,2.1076
2010-10-25,2.1505
2010-10-26,2.1145
2010-10-27,2.1823
2010-10-28,2.1388
2010-10-29,2.1348
2010-11-01,2.1429
2010-11-02,2.1533
2010-11-03,2.1697
2010-11-04,2.1972
2010-11-05,2.2381
2010-11-08,2.2258
2010-11-09,2.2445
2010-11-10,2.2759
2010-11-11,2.3903
2010-11-12,2.4477
2010-11-15,2.4708
2010-11-16,2.4833
2010-11-17,2.4590
2010-11-18,2.5238
2010-11-19,2.3539
2010-11-22,2.5491
2010-11-23,2.6002
2010-11-24,2.6673
2010-11-25,2.6459
2010-11-26,2.8270
2010-11-29,2.8708
2010-11-30,2.8524
2010-12-01,2.9148
2010-12-02,2.9170
2010-12-03,2.7480
2010-12-06,2.7472
2010-12-07,2.7275
2010-12-08,2.7209
2010-12-09,2.7253
2010-12-10,2.7580
2010-12-13,2.7532
2010-12-14,2.8505
2010-12-15,2.8662
2010-12-16,2.8955
2010-12-17,2.8896
2010-12-20,2.8963
2010-12-22,3.0814
2010-12-23,3.1367
2010-12-24,3.1978
2010-12-27,3.3130
2010-12-28,3.4262
2010-12-30,3.1647
2010-12-31,3.2608
2011-01-04,3.2206
2011-01-05,3.0766
2011-01-06,2.9956
2011-01-07,2.9726
2011-01-10,2.9216
2011-01-11,2.9615
2011-01-12,2.9230
2011-01-13,2.8650
2011-01-14,2.8822
2011-01-17,2.8865
2011-01-18,2.9082
2011-01-19,2.9320
2011-01-20,2.9699
2011-01-21,3.0363
2011-01-24,3.1183
2011-01-25,3.1380
2011-01-26,3.1620
2011-01-27,3.1945
2011-01-28,3.2069
2011-01-31,3.2048
2011-02-01,3.2390
2011-02-09,3.1948
2011-02-10,3.2054
2011-02-11,3.1925
2011-02-14,3.1767
2011-02-15,3.1513
2011-02-16,3.1399
2011-02-17,3.1535
2011-02-18,3.0221
2011-02-21,3.0822
2011-02-22,3.1432
2011-02-23,3.0736
2011-02-24,3.0306
2011-02-25,3.0225
2011-02-28,3.0296
2011-03-01,3.0049
2011-03-02,2.9431
2011-03-03,2.9475
2011-03-04,2.9284
2011-03-07,2.9732
2011-03-08,2.9240
2011-03-09,2.9247
2011-03-10,2.9409
2011-03-11,2.8985
2011-03-14,2.8896
2011-03-15,2.8974
2011-03-16,2.8845
2011-03-17,2.8796
2011-03-18,2.8875
2011-03-21,2.9266
2011-03-22,2.8943
2011-03-23,2.8222
2011-03-24,2.8515
2011-03-25,2.8283
2011-03-28,2.8525
2011-03-29,2.8501
2011-03-30,2.9125
2011-03-31,2.8880
2011-04-01,2.8823
2011-04-06,2.8592
2011-04-07,2.8688
2011-04-08,2.8542
2011-04-11,2.8558
2011-04-12,2.8521
2011-04-13,2.8201
2011-04-14,2.8253
2011-04-15,2.8192
2011-04-18,2.8410
2011-04-19,2.8211
2011-04-20,2.8175
2011-04-21,2.8287
2011-04-22,2.8331
2011-04-25,2.8391
2011-04-26,2.8462
2011-04-27,2.8267
2011-04-28,2.8105
2011-04-29,2.8116
2011-05-03,2.8396
2011-05-04,2.8442
2011-05-05,2.8498
2011-05-06,2.8552
2011-05-09,2.8526
2011-05-10,2.8666
2011-05-11,2.8665
2011-05-12,2.8667
2011-05-13,2.9391
2011-05-16,2.9718
2011-05-17,2.9700
2011-05-18,2.9447
2011-05-19,2.9538
2011-05-20,2.9777
2011-05-23,3.0351
2011-05-24,3.0546
2011-05-25,3.0577
2011-05-26,3.0520
2011-05-27,3.0118
2011-05-30,3.0193
2011-05-31,3.0276
2011-06-01,3.0391
2011-06-02,3.0455
2011-06-03,3.0308
2011-06-07,3.0397
2011-06-08,3.0682
2011-06-09,3.0639
2011-06-10,3.0692
2011-06-13,3.0885
2011-06-14,3.1571
2011-06-15,3.3382
2011-06-16,3.5091
2011-06-17,3.6015
2011-06-20,3.5467
2011-06-21,3.5707
2011-06-22,3.5959
2011-06-23,3.6159
2011-06-24,3.5714
2011-06-27,3.4105
2011-06-28,3.4680
2011-06-29,3.4624
2011-06-30,3.4521
2011-07-01,3.3817
2011-07-04,3.3319
2011-07-05,3.3409
2011-07-06,3.3478
2011-07-07,3.3833
2011-07-08,3.3855
2011-07-11,3.3275
2011-07-12,3.3606
2011-07-13,3.5503
2011-07-14,3.5612
2011-07-15,3.5541
2011-07-18,3.5448
2011-07-19,3.6398
2011-07-20,3.7102
2011-07-21,3.8349
2011-07-22,3.8055
2011-07-25,3.7954
2011-07-26,3.7806
2011-07-27,3.7877
2011-07-28,3.7546
2011-07-29,3.7228
2011-08-01,3.7106
2011-08-02,3.6940
2011-08-03,3.7030
2011-08-04,3.7024
2011-08-05,3.6642
2011-08-08,3.5460
2011-08-09,3.6017
2011-08-10,3.5420
2011-08-11,3.5320
2011-08-12,3.5759
2011-08-15,3.5782
2011-08-16,3.6261
2011-08-17,3.6660
2011-08-18,3.6593
2011-08-19,3.6527
2011-08-22,3.6456
2011-08-23,3.6516
2011-08-24,3.6301
2011-08-25,3.6886
2011-08-26,3.6735
2011-08-29,3.8573
2011-08-30,3.9505
2011-08-31,3.8957
2011-09-01,3.8590
2011-09-02,3.8768
2011-09-05,3.8602
2011-09-06,3.8268
2011-09-07,3.8613
2011-09-08,3.8642
2011-09-09,3.8722
2011-09-13,3.8429
2011-09-14,3.9163
2011-09-15,3.8827
2011-09-16,3.9233
2011-09-19,3.9228
2011-09-20,3.8627
2011-09-21,3.8879
2011-09-22,3.8529
2011-09-23,3.6466
2011-09-26,3.5375
2011-09-27,3.5762
2011-09-28,3.6120
2011-09-29,3.5484
2011-09-30,3.5899
2011-10-10,3.4287
2011-10-11,3.3911
2011-10-12,3.1998
2011-10-13,3.0143
2011-10-14,3.0156
2011-10-17,3.0328
2011-10-18,3.0451
2011-10-19,3.1106
2011-10-20,3.0942
2011-10-21,3.1095
2011-10-24,3.0957
2011-10-25,3.1657
2011-10-26,3.1786
2011-10-27,3.1878
2011-10-28,3.1378
2011-10-31,3.0898
2011-11-01,3.0505
2011-11-02,3.0356
2011-11-03,2.9708
2011-11-04,2.9785
2011-11-07,3.0176
2011-11-08,2.9287
2011-11-09,2.5868
2011-11-10,2.5673
2011-11-11,2.5845
2011-11-14,2.5765
2011-11-15,2.5623
2011-11-16,2.5706
2011-11-17,2.5870
2011-11-18,2.5878
2011-11-21,2.6255
2011-11-22,2.6240
2011-11-23,2.6369
2011-11-24,2.5990
2011-11-25,2.6128
2011-11-28,2.6648
2011-11-29,2.6723
2011-11-30,2.6689
2011-12-01,2.3729
2011-12-02,2.4849
2011-12-05,2.4030
2011-12-06,2.5515
2011-12-07,2.5379
2011-12-08,2.5545
2011-12-09,2.5477
2011-12-12,2.5659
2011-12-13,2.5518
2011-12-14,2.5712
2011-12-15,2.5274
2011-12-16,2.4886
2011-12-19,2.5206
2011-12-20,2.5027
2011-12-21,2.4891
2011-12-22,2.5177
2011-12-23,2.5177
2011-12-26,2.6106
2011-12-27,2.6593
2011-12-28,2.7046
2011-12-29,2.7124
2011-12-30,2.7063
2012-01-04,2.7006
2012-01-05,2.7609
2012-01-06,2.6833
2012-01-09,2.7647
2012-01-10,2.7650
2012-01-11,2.7646
2012-01-12,2.7616
2012-01-13,2.7834
2012-01-16,2.8082
2012-01-17,2.8229
2012-01-18,2.8960
2012-01-19,2.8488
2012-01-20,2.8106
2012-01-30,2.7777
2012-01-31,2.7704
2012-02-01,2.7787
2012-02-02,2.7706
2012-02-03,2.7779
2012-02-06,2.8019
2012-02-07,2.8092
2012-02-08,2.9316
2012-02-09,2.9501
2012-02-10,2.9496
2012-02-13,2.9041
2012-02-14,2.9384
2012-02-15,2.9450
2012-02-16,2.9730
2012-02-17,2.9884
2012-02-20,2.9418
2012-02-21,2.9447
2012-02-22,2.9453
2012-02-23,2.9453
2012-02-24,2.9354
2012-02-27,2.9435
2012-02-28,2.9430
2012-02-29,2.9422
2012-03-01,2.9355
2012-03-02,2.9415
2012-03-05,2.9400
2012-03-06,2.9432
2012-03-07,2.9221
2012-03-08,2.9109
2012-03-09,2.8927
2012-03-12,2.8585
2012-03-13,2.8592
2012-03-14,2.8665
2012-03-15,2.8650
2012-03-16,2.8690
2012-03-19,2.8232
2012-03-20,2.8005
2012-03-21,2.8779
2012-03-22,2.8780
2012-03-23,2.8742
2012-03-26,2.8638
2012-03-27,2.8601
2012-03-28,2.8634
2012-03-29,2.8281
2012-03-30,2.8181
2012-04-05,2.8461
2012-04-06,2.8656
2012-04-09,2.8634
2012-04-10,2.8522
2012-04-11,2.8546
2012-04-12,2.9101
2012-04-13,2.8895
2012-04-16,2.8850
2012-04-17,2.8518
2012-04-18,2.8277
2012-04-19,2.8268
2012-04-20,2.8160
2012-04-23,2.8225
2012-04-24,2.8178
2012-04-25,2.8264
2012-04-26,2.8264
2012-04-27,2.8306
2012-05-02,2.8085
2012-05-03,2.8075
2012-05-04,2.8251
2012-05-07,2.8171
2012-05-08,2.8072
2012-05-09,2.7743
2012-05-10,2.7339
2012-05-11,2.6700
2012-05-14,2.3996
2012-05-15,2.3148
2012-05-16,2.3245
2012-05-17,2.3583
2012-05-18,2.3319
2012-05-21,2.3543
2012-05-22,2.3606
2012-05-23,2.3612
2012-05-24,2.4275
2012-05-25,2.2291
2012-05-28,2.2471
2012-05-29,2.4077
2012-05-30,2.2463
2012-05-31,2.2348
2012-06-01,2.2058
2012-06-04,2.2238
2012-06-05,2.2265
2012-06-06,2.2314
2012-06-07,2.2547
2012-06-08,2.1754
2012-06-11,2.2134
2012-06-12,2.2208
2012-06-13,2.2385
2012-06-14,2.2217
2012-06-15,2.2213
2012-06-18,2.2320
2012-06-19,2.3222
2012-06-20,2.3372
2012-06-21,2.3231
2012-06-25,2.3039
2012-06-26,2.3082
2012-06-27,2.2918
2012-06-28,2.3398
2012-06-29,2.3280
2012-07-02,2.2959
2012-07-03,2.3362
2012-07-04,2.3173
2012-07-05,2.2949
2012-07-06,2.1974
2012-07-09,2.2031
2012-07-10,2.1567
2012-07-11,2.1717
2012-07-12,2.1618
2012-07-13,2.1516
2012-07-16,2.2169
2012-07-17,2.1918
2012-07-18,2.2312
2012-07-19,2.2205
2012-07-20,2.2292
2012-07-23,2.2134
2012-07-24,2.2346
2012-07-25,2.2354
2012-07-26,2.2246
2012-07-27,2.3014
2012-07-30,2.2588
2012-07-31,2.1710
2012-08-01,2.2360
2012-08-02,2.3021
2012-08-03,2.2536
2012-08-06,2.2587
2012-08-07,2.3560
2012-08-08,2.2768
2012-08-09,2.3750
2012-08-10,2.4625
2012-08-13,2.4132
2012-08-14,2.4661
2012-08-15,2.3698
2012-08-16,2.5747
2012-08-17,2.5615
2012-08-20,2.7153
2012-08-21,2.7161
2012-08-22,2.6320
2012-08-23,2.6900
2012-08-24,2.7551
2012-08-27,2.8254
2012-08-28,2.7640
2012-08-29,2.6999
2012-08-30,2.6894
2012-08-31,2.7076
2012-09-03,2.6581
2012-09-04,2.6127
2012-09-05,2.6248
2012-09-06,2.6370
2012-09-07,2.6384
2012-09-10,2.6573
2012-09-11,2.6814
2012-09-12,2.8331
2012-09-13,2.8589
2012-09-14,2.8728
2012-09-17,2.8508
2012-09-18,2.8283
2012-09-19,2.8263
2012-09-20,2.8582
2012-09-21,2.8323
2012-09-24,2.8623
2012-09-25,2.8277
2012-09-26,2.7963
2012-09-27,2.7732
2012-09-28,2.7865
2012-10-08,2.7801
2012-10-09,2.7557
2012-10-10,2.7555
2012-10-11,2.7450
2012-10-12,2.7702
2012-10-15,2.7426
2012-10-16,2.7978
2012-10-17,2.8449
2012-10-18,2.8341
2012-10-19,2.9067
2012-10-22,2.9230
2012-10-23,2.9142
2012-10-24,2.9946
2012-10-25,2.9797
2012-10-26,2.9798
2012-10-29,2.9841
2012-10-30,2.9503
2012-10-31,2.9278
2012-11-01,2.9417
2012-11-02,2.9472
2012-11-05,2.9362
2012-11-06,2.9309
2012-11-07,2.9226
2012-11-08,2.9322
2012-11-09,2.9272
2012-11-12,2.9309
2012-11-13,2.9098
2012-11-14,2.9067
2012-11-15,2.9047
2012-11-16,2.8722
2012-11-19,2.8467
2012-11-20,2.8101
2012-11-21,2.8190
2012-11-22,2.8264
2012-11-23,2.8237
2012-11-26,2.8469
2012-11-27,2.8505
2012-11-28,2.8415
2012-11-29,2.8760
2012-11-30,2.8799
2012-12-03,2.8781
2012-12-04,2.8802
2012-12-05,2.9125
2012-12-06,2.9012
2012-12-07,2.9041
2012-12-10,2.9137
2012-12-11,2.9138
2012-12-12,2.9204
2012-12-13,2.9178
2012-12-14,2.8900
2012-12-17,2.9064
2012-12-18,2.9093
2012-12-19,2.8999
2012-12-20,2.9301
2012-12-21,2.9369
2012-12-24,2.9268
2012-12-25,2.9213
2012-12-26,2.9271
2012-12-27,2.9146
2012-12-28,2.9110
2012-12-31,2.8932
2013-01-04,2.8987
2013-01-07,2.8657
2013-01-08,2.8471
2013-01-09,2.8297
2013-01-10,2.8298
2013-01-11,2.8807
2013-01-14,2.8502
2013-01-15,2.8192
2013-01-16,2.8526
2013-01-17,2.8457
2013-01-18,2.8088
2013-01-21,2.7929
2013-01-22,2.7899
2013-01-23,2.7939
2013-01-24,2.8513
2013-01-25,2.8299
2013-01-28,2.8533
2013-01-29,2.8964
2013-01-30,2.8512
2013-01-31,2.8216
2013-02-01,2.8166
2013-02-04,2.8052
2013-02-05,2.7859
2013-02-06,2.7775
2013-02-07,2.7704
2013-02-08,2.7574
2013-02-18,2.7477
2013-02-19,2.7269
2013-02-20,2.7465
2013-02-21,2.7141
2013-02-22,2.7340
2013-02-25,2.7438
2013-02-26,2.7724
2013-02-27,2.7692
2013-02-28,2.7715
2013-03-01,2.7746
2013-03-04,2.7729
2013-03-05,2.7789
2013-03-06,2.7723
2013-03-07,2.7775
2013-03-08,2.7764
2013-03-11,2.7753
2013-03-12,2.7776
2013-03-13,2.7668
2013-03-14,2.7630
2013-03-15,2.7721
2013-03-18,2.7516
2013-03-19,2.7439
2013-03-20,2.7516
2013-03-21,2.7504
2013-03-22,2.7453
2013-03-25,2.7334
2013-03-26,2.7315
2013-03-27,2.7237
2013-03-28,2.7040
2013-03-29,2.6861
2013-04-01,2.6827
2013-04-02,2.7030
2013-04-03,2.6880
2013-04-08,2.6793
2013-04-09,2.6568
2013-04-10,2.6556
2013-04-11,2.6588
2013-04-12,2.6640
2013-04-15,2.6620
2013-04-16,2.6598
2013-04-17,2.6737
2013-04-18,2.7002
2013-04-19,2.7394
2013-04-22,2.8013
2013-04-23,2.8478
2013-04-24,2.8409
2013-04-25,2.8358
2013-04-26,2.8303
2013-05-02,2.7763
2013-05-03,2.7784
2013-05-06,2.7949
2013-05-07,2.8024
2013-05-08,2.8289
2013-05-09,2.8295
2013-05-10,2.8373
2013-05-13,2.8396
2013-05-14,2.8439
2013-05-15,2.8415
2013-05-16,2.8479
2013-05-17,2.8599
2013-05-20,2.8705
2013-05-21,2.8811
2013-05-22,2.8739
2013-05-23,2.8625
2013-05-24,2.8510
2013-05-27,2.8536
2013-05-28,2.8588
2013-05-29,2.8750
2013-05-30,2.8793
2013-05-31,2.8798
2013-06-03,2.8907
2013-06-04,2.8907
2013-06-05,2.9121
2013-06-06,2.9372
2013-06-07,2.9868
2013-06-13,3.1365
2013-06-14,3.1299
2013-06-17,3.1223
2013-06-18,3.1703
2013-06-19,3.2988
2013-06-20,3.7739
2013-06-21,3.7831
2013-06-24,3.7276
2013-06-25,3.6686
2013-06-26,3.6272
2013-06-27,3.5042
2013-06-28,3.4640
2013-07-01,3.4344
2013-07-02,3.4085
2013-07-03,3.3959
2013-07-04,3.3735
2013-07-05,3.3749
2013-07-08,3.3993
2013-07-09,3.3997
2013-07-10,3.4708
2013-07-11,3.5216
2013-07-12,3.4965
2013-07-15,3.4960
2013-07-16,3.4349
2013-07-17,3.4088
2013-07-18,3.4165
2013-07-19,3.4621
2013-07-22,3.5010
2013-07-23,3.5415
2013-07-24,3.5720
2013-07-25,3.5422
2013-07-26,3.5110
2013-07-29,3.5108
2013-07-30,3.5067
2013-07-31,3.4903
2013-08-01,3.4542
2013-08-02,3.4069
2013-08-05,3.4156
2013-08-06,3.4207
2013-08-07,3.4356
2013-08-08,3.4359
2013-08-09,3.4340
2013-08-12,3.4636
2013-08-13,3.4931
2013-08-14,3.5877
2013-08-15,3.5616
2013-08-16,3.5825
2013-08-19,3.6214
2013-08-20,3.6281
2013-08-21,3.6206
2013-08-22,3.6409
2013-08-23,3.6639
2013-08-26,3.6753
2013-08-27,3.6217
2013-08-28,3.6482
2013-08-29,3.6559
2013-08-30,3.6242
2013-09-02,3.6323
2013-09-03,3.6338
2013-09-04,3.6378
2013-09-05,3.6429
2013-09-06,3.6473
2013-09-09,3.6390
2013-09-10,3.6580
2013-09-11,3.6632
2013-09-12,3.6879
2013-09-13,3.6472
2013-09-16,3.6335
2013-09-17,3.5905
2013-09-18,3.5924
2013-09-23,3.5802
2013-09-24,3.5777
2013-09-25,3.5804
2013-09-26,3.5312
2013-09-27,3.5096
2013-09-30,3.5095
2013-10-08,3.5250
2013-10-09,3.5120
2013-10-10,3.5484
2013-10-11,3.5471
2013-10-14,3.5490
2013-10-15,3.5362
2013-10-16,3.5406
2013-10-17,3.5290
2013-10-18,3.5416
2013-10-21,3.5495
2013-10-22,3.5486
2013-10-23,3.5537
2013-10-24,3.6304
2013-10-25,3.6596
2013-10-28,3.7441
2013-10-29,3.7947
2013-10-30,3.9801
2013-10-31,3.9305
2013-11-01,3.9149
2013-11-04,3.9133
2013-11-05,3.9138
2013-11-06,3.9904
2013-11-07,4.0103
2013-11-08,4.0231
2013-11-11,4.0943
2013-11-12,4.1045
2013-11-13,4.1030
2013-11-14,4.0970
2013-11-15,4.1260
2013-11-18,4.1413
2013-11-19,4.1453
2013-11-20,4.1592
2013-11-21,4.1622
2013-11-22,4.1626
2013-11-25,4.1327
2013-11-26,4.1192
2013-11-27,4.1031
2013-11-28,4.0574
2013-11-29,3.9910
2013-12-02,3.9989
2013-12-03,4.0295
2013-12-04,3.9894
2013-12-05,4.0213
2013-12-06,4.0213
2013-12-09,4.0501
2013-12-10,4.0397
2013-12-11,4.0618
2013-12-12,4.0571
2013-12-13,4.0615
2013-12-16,4.0709
2013-12-17,4.0744
2013-12-18,4.0814
2013-12-19,4.0953
2013-12-20,4.1272
2013-12-23,4.1339
2013-12-24,4.0726
2013-12-25,4.0860
2013-12-26,4.1040
2013-12-27,4.1149
2013-12-30,4.0856
2013-12-31,4.1785
2014-01-02,4.1979
2014-01-03,4.2109
2014-01-06,4.1878
2014-01-07,4.2052
2014-01-08,4.1829
2014-01-09,4.1661
2014-01-10,4.1452
2014-01-13,4.1189
2014-01-14,4.0698
2014-01-15,4.0825
2014-01-16,3.9401
2014-01-17,3.9428
2014-01-20,3.9310
2014-01-21,3.8238
2014-01-22,3.7996
2014-01-23,3.6912
2014-01-24,3.6613
2014-01-27,3.6312
2014-01-28,3.5623
2014-01-29,3.5610
2014-01-30,3.5532
2014-02-07,3.5719
2014-02-10,3.5077
2014-02-11,3.5622
2014-02-12,3.5633
2014-02-13,3.5099
2014-02-14,3.4484
2014-02-17,3.4736
2014-02-18,3.4698
2014-02-19,3.4245
2014-02-20,3.4329
2014-02-21,3.3986
2014-02-24,3.3898
2014-02-25,3.3528
2014-02-26,3.3001
2014-02-27,3.2782
2014-02-28,3.2401
2014-03-03,3.2760
2014-03-04,3.3020
2014-03-05,3.3218
2014-03-06,3.3077
2014-03-07,3.3174
2014-03-10,3.3012
2014-03-11,3.1847
2014-03-12,3.2110
2014-03-13,3.1999
2014-03-14,3.1877
2014-03-17,3.1883
2014-03-18,3.0805
2014-03-19,3.0886
2014-03-20,3.1183
2014-03-21,3.0888
2014-03-24,3.0526
2014-03-25,3.0351
2014-03-26,3.0679
2014-03-27,2.9131
2014-03-28,3.1056
2014-03-31,3.1132
2014-04-01,3.0953
2014-04-02,3.0962
2014-04-03,3.0956
2014-04-04,3.0984
2014-04-08,3.1228
2014-04-09,3.1612
2014-04-10,3.3109
2014-04-11,3.3290
2014-04-14,3.5026
2014-04-15,3.5006
2014-04-16,3.4734
2014-04-17,3.4867
2014-04-18,3.6109
2014-04-21,3.6208
2014-04-22,3.6226
2014-04-23,3.6140
2014-04-24,3.6220
2014-04-25,3.6243
2014-04-28,3.6222
2014-04-29,3.6105
2014-04-30,3.6017
2014-05-05,3.5664
2014-05-06,3.5621
2014-05-07,3.5679
2014-05-08,3.5618
2014-05-09,3.5072
2014-05-12,3.5318
2014-05-13,3.5350
2014-05-14,3.5531
2014-05-15,3.5292
2014-05-16,3.5489
2014-05-19,3.5094
2014-05-20,3.5235
2014-05-21,3.4935
2014-05-22,3.4723
2014-05-23,3.4918
2014-05-26,3.4917
2014-05-27,3.4813
2014-05-28,3.4058
2014-05-29,3.4072
2014-05-30,3.3746
2014-06-03,3.3686
2014-06-04,3.3484
2014-06-05,3.2426
2014-06-06,3.1541
2014-06-09,3.1408
2014-06-10,3.1432
2014-06-11,3.1352
2014-06-12,3.2547
2014-06-13,3.2811
2014-06-16,3.2614
2014-06-17,3.2843
2014-06-18,3.4006
2014-06-19,3.3892
2014-06-20,3.4175
2014-06-23,3.4025
2014-06-24,3.3884
2014-06-25,3.3727
2014-06-26,3.3752
2014-06-27,3.3471
2014-06-30,3.3439
2014-07-01,3.3864
2014-07-02,3.4170
2014-07-03,3.4215
2014-07-04,3.4281
2014-07-07,3.4439
2014-07-08,3.4091
2014-07-09,3.4471
2014-07-10,3.4814
2014-07-11,3.5162
2014-07-14,3.5373
2014-07-15,3.5457
2014-07-16,3.5907
2014-07-17,3.6755
2014-07-18,3.7798
2014-07-21,3.8357
2014-07-22,3.7911
2014-07-23,3.7831
2014-07-24,3.7297
2014-07-25,3.7445
2014-07-28,3.7491
2014-07-29,3.7423
2014-07-30,3.7627
2014-07-31,3.7534
2014-08-01,3.7277
2014-08-04,3.7325
2014-08-05,3.7218
2014-08-06,3.7293
2014-08-07,3.7158
2014-08-08,3.7084
2014-08-11,3.7158
2014-08-12,3.7369
2014-08-13,3.7634
2014-08-14,3.7342
2014-08-15,3.7540
2014-08-18,3.7582
2014-08-19,3.7515
2014-08-20,3.7524
2014-08-21,3.7910
2014-08-22,3.8065
2014-08-25,3.8229
2014-08-26,3.8153
2014-08-27,3.8335
2014-08-28,3.8122
2014-08-29,3.8089
2014-09-01,3.7956
2014-09-02,3.8027
2014-09-03,3.8014
2014-09-04,3.7964
2014-09-05,3.8027
2014-09-09,3.7934
2014-09-10,3.8012
2014-09-11,3.8137
2014-09-12,3.8500
2014-09-15,3.8334
2014-09-16,3.8316
2014-09-17,3.8259
2014-09-18,3.8063
2014-09-19,3.7736
2014-09-22,3.7713
2014-09-23,3.7921
2014-09-24,3.7757
2014-09-25,3.7897
2014-09-26,3.7466
2014-09-29,3.7512
2014-09-30,3.7356
2014-10-08,3.7360
2014-10-09,3.7271
2014-10-10,3.7430
2014-10-13,3.7293
2014-10-14,3.6912
2014-10-15,3.6531
2014-10-16,3.5678
2014-10-17,3.5602
2014-10-20,3.5405
2014-10-21,3.5024
2014-10-22,3.4924
2014-10-23,3.4944
2014-10-24,3.4919
2014-10-27,3.4913
2014-10-28,3.4552
2014-10-29,3.4000
2014-10-30,3.3818
2014-10-31,3.3931
2014-11-03,3.3718
2014-11-04,3.3023
2014-11-05,3.2463
2014-11-06,3.2427
2014-11-07,3.2191
2014-11-10,3.1945
2014-11-11,3.1800
2014-11-12,3.1432
2014-11-13,3.1492
2014-11-14,3.1620
2014-11-17,3.1542
2014-11-18,3.1532
2014-11-19,3.1844
2014-11-20,3.2017
2014-11-21,3.2716
2014-11-24,3.1539
2014-11-25,3.0734
2014-11-26,3.0272
2014-11-27,3.0352
2014-11-28,3.0367
2014-12-01,3.0240
2014-12-02,3.0617
2014-12-03,3.0705
2014-12-04,3.0850
2014-12-05,3.1102
2014-12-08,3.1664
2014-12-09,3.2131
2014-12-10,3.5120
2014-12-11,3.3030
2014-12-12,3.4088
2014-12-15,3.4435
2014-12-16,3.2614
2014-12-17,3.5161
2014-12-18,3.4395
2014-12-19,3.5361
2014-12-22,3.5554
2014-12-23,3.4942
2014-12-24,3.4367
2014-12-25,3.3408
2014-12-26,3.3195
2014-12-29,3.3114
2014-12-30,3.2536
2014-12-31,3.2554
2015-01-05,3.2953
2015-01-06,3.2470
2015-01-07,3.1897
2015-01-08,3.1676
2015-01-09,3.1886
2015-01-12,3.1976
2015-01-13,3.2104
2015-01-14,3.2561
2015-01-15,3.2009
2015-01-16,3.2256
2015-01-19,3.1884
2015-01-20,3.2149
2015-01-21,3.1985
2015-01-22,3.1735
2015-01-23,3.1701
2015-01-26,3.1580
2015-01-27,3.1190
2015-01-28,3.0947
2015-01-29,3.1021
2015-01-30,3.1132
2015-02-02,3.1059
2015-02-03,3.1001
2015-02-04,3.0889
2015-02-05,3.0765
2015-02-06,3.0710
2015-02-09,3.0960
2015-02-10,3.0767
2015-02-11,3.0911
2015-02-12,3.0927
2015-02-13,3.1012
2015-02-16,3.1214
2015-02-17,3.1148
2015-02-25,3.0751
2015-02-26,3.0471
2015-02-27,3.0541
2015-03-02,3.0689
2015-03-03,3.0581
2015-03-04,3.0773
2015-03-05,3.0985
2015-03-06,3.1140
2015-03-09,3.0883
2015-03-10,3.1613
2015-03-11,3.1266
2015-03-12,3.1025
2015-03-13,3.1352
2015-03-16,3.1484
2015-03-17,3.1559
2015-03-18,3.1399
2015-03-19,3.1498
2015-03-20,3.1682
2015-03-23,3.1673
2015-03-24,3.1424
2015-03-25,3.1745
2015-03-26,3.1644
2015-03-27,3.1832
2015-03-30,3.2161
2015-03-31,3.2599
2015-04-01,3.2051
2015-04-02,3.1662
2015-04-03,3.1425
2015-04-07,3.1610
2015-04-08,3.1746
2015-04-09,3.1262
2015-04-10,3.1626
2015-04-13,3.1085
2015-04-14,3.1214
2015-04-15,3.1123
2015-04-16,3.0720
2015-04-17,3.1223
2015-04-20,3.1142
2015-04-21,3.0537
2015-04-22,3.0169
2015-04-23,2.9785
2015-04-24,2.9556
2015-04-27,2.9075
2015-04-28,2.8533
2015-04-29,2.8190
2015-04-30,2.7614
2015-05-04,2.7248
2015-05-05,2.7378
2015-05-06,2.7795
2015-05-07,2.7261
2015-05-08,2.6915
2015-05-11,2.6806
2015-05-12,2.6096
2015-05-13,2.5452
2015-05-14,2.4320
2015-05-15,2.3385
2015-05-18,2.4254
2015-05-19,2.4257
2015-05-20,2.4616
2015-05-21,2.4419
2015-05-22,2.3971
2015-05-25,2.3207
2015-05-26,2.1330
2015-05-27,1.9024
2015-05-28,1.8863
2015-05-29,1.9799
2015-06-01,2.0180
2015-06-02,2.0129
2015-06-03,1.9634
2015-06-04,1.9407
2015-06-05,1.8974
2015-06-08,1.8755
2015-06-09,1.7989
2015-06-10,1.6846
2015-06-11,1.7707
2015-06-12,1.7550
2015-06-15,1.6915
2015-06-16,1.7312
2015-06-17,1.7147
2015-06-18,1.7141
2015-06-19,1.7158
2015-06-23,1.7854
2015-06-24,1.7378
2015-06-25,1.8174
2015-06-26,1.8102
2015-06-29,1.7798
2015-06-30,1.6801
2015-07-01,1.7028
2015-07-02,1.7985
2015-07-03,1.9050
2015-07-06,1.8240
2015-07-07,1.8754
2015-07-08,2.1318
2015-07-09,2.1879
2015-07-10,2.3128
2015-07-13,2.3341
2015-07-14,2.5158
2015-07-15,2.4486
2015-07-16,2.4313
2015-07-17,2.4584
2015-07-20,2.4618
2015-07-21,2.4553
2015-07-22,2.4488
2015-07-23,2.3853
2015-07-24,2.3135
2015-07-27,2.3168
2015-07-28,2.2930
2015-07-29,2.2764
2015-07-30,2.2689
2015-07-31,2.2562
2015-08-03,2.2683
2015-08-04,2.3283
2015-08-05,2.3019
2015-08-06,2.2391
2015-08-07,2.2893
2015-08-10,2.2377
2015-08-11,2.2499
2015-08-12,2.3595
2015-08-13,2.3842
2015-08-14,2.2584
2015-08-17,2.2755
2015-08-18,2.2768
2015-08-19,2.2738
2015-08-20,2.2838
2015-08-21,2.2805
2015-08-24,2.2913
2015-08-25,2.2885
2015-08-26,2.2918
2015-08-27,2.2893
2015-08-28,2.2679
2015-08-31,2.3713
2015-09-01,2.2785
2015-09-02,2.2688
2015-09-07,2.2681
2015-09-08,2.2662
2015-09-09,2.2636
2015-09-10,2.2808
2015-09-11,2.2685
2015-09-14,2.2701
2015-09-15,2.3156
2015-09-16,2.3322
2015-09-17,2.3142
2015-09-18,2.3032
2015-09-21,2.3281
2015-09-22,2.3418
2015-09-23,2.3088
2015-09-24,2.3222
2015-09-25,2.3982
2015-09-28,2.3831
2015-09-29,2.3916
2015-09-30,2.3713
2015-10-08,2.3752
2015-10-09,2.3854
2015-10-12,2.4162
2015-10-13,2.3959
2015-10-14,2.4061
2015-10-15,2.4004
2015-10-16,2.4026
2015-10-19,2.4481
2015-10-20,2.4433
2015-10-21,2.4521
2015-10-22,2.4418
2015-10-23,2.4649
2015-10-26,2.4484
2015-10-27,2.4167
2015-10-28,2.3930
2015-10-29,2.3994
2015-10-30,2.3967
2015-11-02,2.4033
2015-11-03,2.4158
2015-11-04,2.4282
2015-11-05,2.4367
2015-11-06,2.4482
2015-11-09,2.4973
2015-11-10,2.5413
2015-11-11,2.5617
2015-11-12,2.5614
2015-11-13,2.5443
2015-11-16,2.5641
2015-11-17,2.5809
2015-11-18,2.5861
2015-11-19,2.5908
2015-11-20,2.5922
2015-11-23,2.5847
2015-11-24,2.5820
2015-11-25,2.5804
2015-11-26,2.5887
2015-11-27,2.5820
2015-11-30,2.5595
2015-12-01,2.5798
2015-12-02,2.5677
2015-12-03,2.5732
2015-12-04,2.5581
2015-12-07,2.5396
2015-12-08,2.5265
2015-12-09,2.5060
2015-12-10,2.5035
2015-12-11,2.4838
2015-12-14,2.4614
2015-12-15,2.4717
2015-12-16,2.4398
2015-12-17,2.4308
2015-12-18,2.4096
2015-12-21,2.3795
2015-12-22,2.3634
2015-12-23,2.3824
2015-12-24,2.3549
2015-12-25,2.3017
2015-12-28,2.3470
2015-12-29,2.3242
2015-12-30,2.3072
2015-12-31,2.3682
2016-01-04,2.3418
2016-01-05,2.3898
2016-01-06,2.3849
2016-01-07,2.3974
2016-01-08,2.3773
2016-01-11,2.3830
2016-01-12,2.3540
2016-01-13,2.2907
2016-01-14,2.2896
2016-01-15,2.2804
2016-01-18,2.2680
2016-01-19,2.2949
2016-01-20,2.3018
2016-01-21,2.3445
2016-01-22,2.3259
2016-01-25,2.3458
2016-01-26,2.3491
2016-01-27,2.3330
2016-01-28,2.3520
2016-01-29,2.3462
2016-02-01,2.3348
2016-02-02,2.3296
2016-02-03,2.3492
2016-02-04,2.3523
2016-02-05,2.3392
2016-02-15,2.3391
2016-02-16,2.3317
2016-02-17,2.3248
2016-02-18,2.3072
2016-02-19,2.3077
2016-02-22,2.2955
2016-02-23,2.2864
2016-02-24,2.2941
2016-02-25,2.2825
2016-02-26,2.2846
2016-02-29,2.2688
2016-03-01,2.2220
2016-03-02,2.2251
2016-03-03,2.2057
2016-03-04,2.1937
2016-03-07,2.2097
2016-03-08,2.2082
2016-03-09,2.2094
2016-03-10,2.1977
2016-03-11,2.1897
2016-03-14,2.1945
2016-03-15,2.1792
2016-03-16,2.1688
2016-03-17,2.1405
2016-03-18,2.1086
2016-03-21,2.0968
2016-03-22,2.0931
2016-03-23,2.1071
2016-03-24,2.1001
2016-03-25,2.1019
2016-03-28,2.1144
2016-03-29,2.1094
2016-03-30,2.1096
2016-03-31,2.0947
2016-04-01,2.1090
2016-04-05,2.1124
2016-04-06,2.1128
2016-04-07,2.1340
2016-04-08,2.1637
2016-04-11,2.1805
2016-04-12,2.2065
2016-04-13,2.2255
2016-04-14,2.2430
2016-04-15,2.2469
2016-04-18,2.2435
2016-04-19,2.2307
2016-04-20,2.2471
2016-04-21,2.2638
2016-04-22,2.2866
2016-04-25,2.2954
2016-04-26,2.3429
2016-04-27,2.3375
2016-04-28,2.3447
2016-04-29,2.3407
2016-05-03,2.3063
2016-05-04,2.3072
2016-05-05,2.3048
2016-05-06,2.3264
2016-05-09,2.3594
2016-05-10,2.3265
2016-05-11,2.3107
2016-05-12,2.3391
2016-05-13,2.2956
2016-05-16,2.2955
2016-05-17,2.3050
2016-05-18,2.3111
2016-05-19,2.3166
2016-05-20,2.3203
2016-05-23,2.3061
2016-05-24,2.3113
2016-05-25,2.3132
2016-05-26,2.3159
2016-05-27,2.3280
2016-05-30,2.3176
2016-05-31,2.3255
2016-06-01,2.3205
2016-06-02,2.3340
2016-06-03,2.3746
2016-06-06,2.3767
2016-06-07,2.3854
2016-06-08,2.3918
2016-06-13,2.4081
2016-06-14,2.3943
2016-06-15,2.3804
2016-06-16,2.3910
2016-06-17,2.3920
2016-06-20,2.3993
2016-06-21,2.3990
2016-06-22,2.4028
2016-06-23,2.3988
2016-06-24,2.3951
2016-06-27,2.3960
2016-06-28,2.4033
2016-06-29,2.3969
2016-06-30,2.3963
2016-07-01,2.3914
2016-07-04,2.3887
2016-07-05,2.3846
2016-07-06,2.3800
2016-07-07,2.3510
2016-07-08,2.3508
2016-07-11,2.3412
2016-07-12,2.3291
2016-07-13,2.3183
2016-07-14,2.3295
2016-07-15,2.3254
2016-07-18,2.3113
2016-07-19,2.2930
2016-07-20,2.2638
2016-07-21,2.2620
2016-07-22,2.2570
2016-07-25,2.2638
2016-07-26,2.2724
2016-07-27,2.2540
2016-07-28,2.2432
2016-07-29,2.2423
2016-08-01,2.2495
2016-08-02,2.2357
2016-08-03,2.2316
2016-08-04,2.2211
2016-08-05,2.2058
2016-08-08,2.1941
2016-08-09,2.1863
2016-08-10,2.1716
2016-08-11,2.1627
2016-08-12,2.1543
2016-08-15,2.1358
2016-08-16,2.1106
2016-08-17,2.1137
2016-08-18,2.1074
2016-08-19,2.1175
2016-08-22,2.1144
2016-08-23,2.1097
2016-08-24,2.1210
2016-08-25,2.1339
2016-08-26,2.1299
2016-08-29,2.1383
2016-08-30,2.1418
2016-08-31,2.1417
2016-09-01,2.1338
2016-09-02,2.1310
2016-09-05,2.1458
2016-09-06,2.1466
2016-09-07,2.1484
2016-09-08,2.1505
2016-09-09,2.1611
2016-09-12,2.1732
2016-09-13,2.1688
2016-09-14,2.1761
2016-09-19,2.1815
2016-09-20,2.1838
2016-09-21,2.1900
2016-09-22,2.2165
2016-09-23,2.1881
2016-09-26,2.1789
2016-09-27,2.1882
2016-09-28,2.1686
2016-09-29,2.1805
2016-09-30,2.1598
2016-10-10,2.1773
2016-10-11,2.1923
2016-10-12,2.2178
2016-10-13,2.1754
2016-10-14,2.1621
2016-10-17,2.1608
2016-10-18,2.1818
2016-10-19,2.1677
2016-10-20,2.1720
2016-10-21,2.1553
2016-10-24,2.1578
2016-10-25,2.1500
2016-10-26,2.1641
2016-10-27,2.1818
2016-10-28,2.1934
2016-10-31,2.1907
2016-11-01,2.1843
2016-11-02,2.1836
2016-11-03,2.1884
2016-11-04,2.1555
2016-11-07,2.1492
2016-11-08,2.1639
2016-11-09,2.1626
2016-11-10,2.1604
2016-11-11,2.1455
2016-11-14,2.1499
2016-11-15,2.1975
2016-11-16,2.1708
2016-11-17,2.1754
2016-11-18,2.1876
2016-11-21,2.2142
2016-11-22,2.1917
2016-11-23,2.2163
2016-11-24,2.2299
2016-11-25,2.2225
2016-11-28,2.2188
2016-11-29,2.2437
2016-11-30,2.2430
2016-12-01,2.2541
2016-12-02,2.4297
2016-12-05,2.3630
2016-12-06,2.3533
2016-12-07,2.4595
2016-12-08,2.4707
2016-12-09,2.4788
2016-12-12,2.5361
2016-12-13,2.5496
2016-12-14,2.6637
2016-12-15,2.9827
2016-12-16,2.8177
2016-12-19,3.0878
2016-12-20,3.0382
2016-12-21,3.0418
2016-12-22,3.0164
2016-12-23,2.9183
2016-12-26,2.8048
2016-12-27,2.6897
2016-12-28,2.7257
2016-12-29,2.7218
2016-12-30,2.6934
2017-01-03,2.7158
2017-01-04,2.7446
2017-01-05,2.7676
2017-01-06,2.7941
2017-01-09,2.7530
2017-01-10,2.7219
2017-01-11,2.7316
2017-01-12,2.7131
2017-01-13,2.6916
2017-01-16,2.6356
2017-01-17,2.6545
2017-01-18,2.6699
2017-01-19,2.6575
2017-01-20,2.6886
2017-01-23,2.6204
2017-01-24,2.6092
2017-01-25,2.6621
2017-01-26,2.7352
2017-02-03,2.6903
2017-02-06,2.8012
2017-02-07,2.9035
2017-02-08,2.8856
2017-02-09,2.8154
2017-02-10,2.8293
2017-02-13,2.8351
2017-02-14,2.8262
2017-02-15,2.8370
2017-02-16,2.8148
2017-02-17,2.7869
2017-02-20,2.7378
2017-02-21,2.7239
2017-02-22,2.7062
2017-02-23,2.7049
2017-02-24,2.6981
2017-02-27,2.7136
2017-02-28,2.7178
2017-03-01,2.7301
2017-03-02,2.7039
2017-03-03,2.7746
2017-03-06,2.7769
2017-03-07,2.7755
2017-03-08,2.8145
2017-03-09,2.8452
2017-03-10,2.8365
2017-03-13,2.8301
2017-03-14,2.7888
2017-03-15,2.8223
2017-03-16,2.8312
2017-03-17,2.8533
2017-03-20,2.8539
2017-03-21,2.8604
2017-03-22,2.8691
2017-03-23,2.8995
2017-03-24,2.9011
2017-03-27,2.8739
2017-03-28,2.8495
2017-03-29,2.8420
2017-03-30,2.8620
2017-03-31,2.8455
2017-04-05,2.9115
2017-04-06,2.9862
2017-04-07,2.9792
2017-04-10,3.0051
2017-04-11,3.0091
2017-04-12,3.0114
2017-04-13,2.9973
2017-04-14,2.9844
2017-04-17,3.0512
2017-04-18,3.0889
2017-04-19,3.1016
2017-04-20,3.1159
2017-04-21,3.1231
2017-04-24,3.1132
2017-04-25,3.1277
2017-04-26,3.1024
2017-04-27,3.1495
2017-04-28,3.1754
2017-05-02,3.1649
2017-05-03,3.2761
2017-05-04,3.3299
2017-05-05,3.3582
2017-05-08,3.3879
2017-05-09,3.4008
2017-05-10,3.4254
2017-05-11,3.4446
2017-05-12,3.4315
2017-05-15,3.4674
2017-05-16,3.4773
2017-05-17,3.4708
2017-05-18,3.4668
2017-05-19,3.5014
2017-05-22,3.5076
2017-05-23,3.4798
2017-05-24,3.4889
2017-05-25,3.4772
2017-05-26,3.4755
2017-05-31,3.4525
2017-06-01,3.4718
2017-06-02,3.5134
2017-06-05,3.5172
2017-06-06,3.5138
2017-06-07,3.5083
2017-06-08,3.6083
2017-06-09,3.6447
2017-06-12,3.6091
2017-06-13,3.6222
2017-06-14,3.6213
2017-06-15,3.6320
2017-06-16,3.5714
2017-06-19,3.5244
2017-06-20,3.5281
2017-06-21,3.4829
2017-06-22,3.4893
2017-06-23,3.4867
2017-06-26,3.4722
2017-06-27,3.4238
2017-06-28,3.4278
2017-06-29,3.4198
2017-06-30,3.4568
2017-07-03,3.4519
2017-07-04,3.4836
2017-07-05,3.4780
2017-07-06,3.4752
2017-07-07,3.4606
2017-07-10,3.4647
2017-07-11,3.4463
2017-07-12,3.4542
2017-07-13,3.4541
2017-07-14,3.4377
2017-07-17,3.4362
2017-07-18,3.4513
2017-07-19,3.4355
2017-07-20,3.4056
2017-07-21,3.3976
2017-07-24,3.3877
2017-07-25,3.3837
2017-07-26,3.3958
2017-07-27,3.3970
2017-07-28,3.3791
2017-07-31,3.3864
2017-08-01,3.3920
2017-08-02,3.3932
2017-08-03,3.3830
2017-08-04,3.3563
2017-08-07,3.3687
2017-08-08,3.3592
2017-08-09,3.3544
2017-08-10,3.3392
2017-08-11,3.3476
2017-08-14,3.3321
2017-08-15,3.3371
2017-08-16,3.3373
2017-08-17,3.3395
2017-08-18,3.3406
2017-08-21,3.3472
2017-08-22,3.3380
2017-08-23,3.3445
2017-08-24,3.3498
2017-08-25,3.3700
2017-08-28,3.3673
2017-08-29,3.3907
2017-08-30,3.3882
2017-08-31,3.4154
2017-09-01,3.4119
2017-09-04,3.3903
2017-09-05,3.4152
2017-09-06,3.4713
2017-09-07,3.4724
2017-09-08,3.4760
2017-09-11,3.4572
2017-09-12,3.4833
2017-09-13,3.4824
2017-09-14,3.4811
2017-09-15,3.4731
2017-09-18,3.4689
2017-09-19,3.4566
2017-09-20,3.4438
2017-09-21,3.4565
2017-09-22,3.4443
2017-09-25,3.4337
2017-09-26,3.4407
2017-09-27,3.4574
2017-09-28,3.4249
2017-09-29,3.4486
2017-10-09,3.4704
2017-10-10,3.4842
2017-10-11,3.4798
2017-10-12,3.4828
2017-10-13,3.4870
2017-10-16,3.4918
2017-10-17,3.5054
2017-10-18,3.4863
2017-10-19,3.5014
2017-10-20,3.4989
2017-10-23,3.4779
2017-10-24,3.4840
2017-10-25,3.4525
2017-10-26,3.5034
2017-10-27,3.5021
2017-10-30,3.4918
2017-10-31,3.5699
2017-11-01,3.5565
2017-11-02,3.5613
2017-11-03,3.5582
2017-11-06,3.5946
2017-11-07,3.5994
2017-11-08,3.5587
2017-11-09,3.5777
2017-11-10,3.5876
2017-11-13,3.5571
2017-11-14,3.6214
2017-11-15,3.6015
2017-11-16,3.6046
2017-11-17,3.5925
2017-11-20,3.6130
2017-11-21,3.6114
2017-11-22,3.5634
2017-11-23,3.6387
2017-11-24,3.6277
2017-11-27,3.6730
2017-11-28,3.6783
2017-11-29,3.6716
2017-11-30,3.6341
2017-12-01,3.6303
2017-12-04,3.6204
2017-12-05,3.6317
2017-12-06,3.6328
2017-12-07,3.7411
2017-12-08,3.7353
2017-12-11,3.7648
2017-12-12,3.7557
2017-12-13,3.7780
2017-12-14,3.7803
2017-12-15,3.7693
2017-12-18,3.7594
2017-12-19,3.7638
2017-12-20,3.7898
2017-12-21,3.7740
2017-12-22,3.7821
2017-12-25,3.7818
2017-12-26,3.7849
2017-12-27,3.7903
2017-12-28,3.8004
2017-12-29,3.7984
2018-01-02,3.6958
2018-01-03,3.6691
2018-01-04,3.6575
2018-01-05,3.5537
2018-01-08,3.5344
2018-01-09,3.5374
2018-01-10,3.5535
2018-01-11,3.5820
2018-01-12,3.5563
2018-01-15,3.5703
2018-01-16,3.5800
2018-01-17,3.5599
2018-01-18,3.5704
2018-01-19,3.5639
2018-01-22,3.5272
2018-01-23,3.5329
2018-01-24,3.5409
2018-01-25,3.5393
2018-01-26,3.5066
2018-01-29,3.5051
2018-01-30,3.5079
2018-01-31,3.4984
2018-02-01,3.4784
2018-02-02,3.4476
2018-02-05,3.4625
2018-02-06,3.4064
2018-02-07,3.3916
2018-02-08,3.3940
2018-02-09,3.3913
2018-02-12,3.3992
2018-02-13,3.4110
2018-02-14,3.3976
2018-02-22,3.3898
2018-02-23,3.3957
2018-02-26,3.3038
2018-02-27,3.2104
2018-02-28,3.2438
2018-03-01,3.2630
2018-03-02,3.2644
2018-03-05,3.3184
2018-03-06,3.2921
2018-03-07,3.2924
2018-03-08,3.2763
2018-03-09,3.2839
2018-03-12,3.2810
2018-03-13,3.2952
2018-03-14,3.2740
2018-03-15,3.2896
2018-03-16,3.3146
2018-03-19,3.2952
2018-03-20,3.3179
2018-03-21,3.2628
2018-03-22,3.2714
2018-03-23,3.2468
2018-03-26,3.2643
2018-03-27,3.3128
2018-03-28,3.3234
2018-03-29,3.3153
2018-03-30,3.3387
2018-04-02,3.3001
2018-04-03,3.3159
2018-04-04,3.2560
2018-04-09,3.2632
2018-04-10,3.2448
2018-04-11,3.2382
2018-04-12,3.2700
2018-04-13,3.1696
2018-04-16,3.1666
2018-04-17,3.1584
2018-04-18,3.0059
2018-04-19,2.9901
2018-04-20,3.0180
2018-04-23,3.0584
2018-04-24,3.0205
2018-04-25,3.0363
2018-04-26,2.9960
2018-04-27,3.0215
2018-05-02,3.0350
2018-05-03,2.9910
2018-05-04,2.9563
2018-05-07,2.9543
2018-05-08,2.9423
2018-05-09,2.9415
2018-05-10,2.9209
2018-05-11,2.9710
2018-05-14,2.9922
2018-05-15,2.9919
2018-05-16,3.0538
2018-05-17,3.0338
2018-05-18,3.0210
2018-05-21,3.0401
2018-05-22,3.1221
2018-05-23,3.1179
2018-05-24,3.1280
2018-05-25,3.1009
2018-05-28,3.1287
2018-05-29,3.1187
2018-05-30,3.1089
2018-05-31,3.1391
2018-06-01,3.1383
2018-06-04,3.1503
2018-06-05,3.1796
2018-06-06,3.1827
2018-06-07,3.2061
2018-06-08,3.2034
2018-06-11,3.2010
2018-06-12,3.2280
2018-06-13,3.2218
2018-06-14,3.2135
2018-06-15,3.2027
2018-06-19,3.1810
2018-06-20,3.2467
2018-06-21,3.2585
2018-06-22,3.2690
2018-06-25,3.2441
2018-06-26,3.2709
2018-06-27,3.2761
2018-06-28,3.2180
2018-06-29,3.1342
2018-07-02,3.0992
2018-07-03,3.1475
2018-07-04,3.0889
2018-07-05,3.0567
2018-07-06,3.0361
2018-07-09,3.0676
2018-07-10,3.0935
2018-07-11,3.0956
2018-07-12,3.0736
2018-07-13,3.0771
2018-07-16,3.0447
2018-07-17,3.0315
2018-07-18,3.0580
2018-07-19,3.0719
2018-07-20,3.0626
2018-07-23,3.0698
2018-07-24,3.0701
2018-07-25,3.0361
2018-07-26,3.0225
2018-07-27,2.9356
2018-07-30,2.9105
2018-07-31,2.9711
2018-08-01,2.8491
2018-08-02,2.8061
2018-08-03,2.7859
2018-08-06,2.7157
2018-08-07,2.5715
2018-08-08,2.6047
2018-08-09,2.6927
2018-08-10,2.7471
2018-08-13,2.8933
2018-08-14,2.8236
2018-08-15,2.8068
2018-08-16,2.8481
2018-08-17,2.8442
2018-08-20,2.9222
2018-08-21,2.9332
2018-08-22,2.9158
2018-08-23,2.9124
2018-08-24,2.8357
2018-08-27,2.8561
2018-08-28,2.8698
2018-08-29,2.8498
2018-08-30,2.8586
2018-08-31,2.8406
2018-09-03,2.8417
2018-09-04,2.8432
2018-09-05,2.8513
2018-09-06,2.8578
2018-09-07,2.8510
2018-09-10,2.8523
2018-09-11,2.8540
2018-09-12,2.8739
2018-09-13,2.8577
2018-09-14,2.8732
2018-09-17,2.8664
2018-09-18,2.8734
2018-09-19,2.8972
2018-09-20,3.0092
2018-09-21,3.0076
2018-09-25,3.0331
2018-09-26,3.0096
2018-09-27,3.0081
2018-09-28,2.9865
2018-10-08,2.9696
2018-10-09,2.9453
2018-10-10,2.9516
2018-10-11,2.8809
2018-10-12,2.8908
2018-10-15,2.8812
2018-10-16,2.8968
2018-10-17,2.8700
2018-10-18,2.8828
2018-10-19,2.9144
2018-10-22,2.9500
2018-10-23,2.9439
2018-10-24,2.9221
2018-10-25,2.9177
2018-10-26,2.9015
2018-10-29,2.8793
2018-10-30,2.8821
2018-10-31,2.8379
2018-11-01,2.8027
2018-11-02,2.8031
2018-11-05,2.7752
2018-11-06,2.7502
2018-11-07,2.7377
2018-11-08,2.7062
2018-11-09,2.6574
2018-11-12,2.6299
2018-11-13,2.6078
2018-11-14,2.5323
2018-11-15,2.5313
2018-11-16,2.4928
2018-11-19,2.4914
2018-11-20,2.5062
2018-11-21,2.5291
2018-11-22,2.4835
2018-11-23,2.5075
2018-11-26,2.5152
2018-11-27,2.5020
2018-11-28,2.4885
2018-11-29,2.4839
2018-11-30,2.4707
2018-12-03,2.4837
2018-12-04,2.4603
2018-12-05,2.4615
2018-12-06,2.4696
2018-12-07,2.4430
2018-12-10,2.4823
2018-12-11,2.4869
2018-12-12,2.4541
2018-12-13,2.4743
2018-12-14,2.4716
2018-12-17,2.4733
2018-12-18,2.5292
2018-12-19,2.6111
2018-12-20,2.6818
2018-12-21,2.6929
2018-12-24,2.6881
2018-12-25,2.7047
2018-12-26,2.6811
2018-12-27,2.6812
2018-12-28,2.6437
2019-01-02,2.5659
2019-01-03,2.5143
2019-01-04,2.4899
2019-01-07,2.4340
2019-01-08,2.3548
2019-01-09,2.3580
2019-01-10,2.3644
2019-01-11,2.4167
2019-01-14,2.4238
2019-01-15,2.4538
2019-01-16,2.4570
2019-01-17,2.4212
2019-01-18,2.4225
2019-01-21,2.4266
2019-01-22,2.4442
2019-01-23,2.4053
2019-01-24,2.4089
2019-01-25,2.4040
2019-01-28,2.4106
2019-01-29,2.4032
2019-01-30,2.3850
2019-01-31,2.4080
2019-02-01,2.3637
2019-02-11,2.3427
2019-02-12,2.3060
2019-02-13,2.3219
2019-02-14,2.3275
2019-02-15,2.3116
2019-02-18,2.2980
2019-02-19,2.3189
2019-02-20,2.3180
2019-02-21,2.3240
2019-02-22,2.3400
2019-02-25,2.3513
2019-02-26,2.3756
2019-02-27,2.3697
2019-02-28,2.3993
2019-03-01,2.4176
2019-03-04,2.4404
2019-03-05,2.4390
2019-03-06,2.4247
2019-03-07,2.4364
2019-03-08,2.4281
2019-03-11,2.4298
2019-03-12,2.4346
2019-03-13,2.4481
2019-03-14,2.4480
2019-03-15,2.4280
2019-03-18,2.4406
2019-03-19,2.4279
2019-03-20,2.4435
2019-03-21,2.4219
2019-03-22,2.4117
2019-03-25,2.4518
2019-03-26,2.4374
2019-03-27,2.4085
2019-03-28,2.4033
2019-03-29,2.3968
2019-04-01,2.3950
2019-04-02,2.4394
2019-04-03,2.5181
2019-04-04,2.3995
2019-04-08,2.4452
2019-04-09,2.4553
2019-04-10,2.4664
2019-04-11,2.4077
2019-04-12,2.4460
2019-04-15,2.5265
2019-04-16,2.5410
2019-04-17,2.5999
2019-04-18,2.7615
2019-04-19,2.6634
2019-04-22,2.6797
2019-04-23,2.6880
2019-04-24,2.6766
2019-04-25,2.6780
2019-04-26,2.6445
2019-04-29,2.6904
2019-04-30,2.6895
2019-05-06,2.6487
2019-05-07,2.6728
2019-05-08,2.6688
2019-05-09,2.6403
2019-05-10,2.6502
2019-05-13,2.6896
2019-05-14,2.6682
2019-05-15,2.6696
2019-05-16,2.6584
2019-05-17,2.6657
2019-05-20,2.6492
2019-05-21,2.6600
2019-05-22,2.6608
2019-05-23,2.6739
2019-05-24,2.6737
2019-05-27,2.7086
2019-05-28,2.7485
2019-05-29,2.6974
2019-05-30,2.6915
2019-05-31,2.6773
2019-06-03,2.6848
2019-06-04,2.6645
2019-06-05,2.6558
2019-06-06,2.6500
2019-06-10,2.6532
2019-06-11,2.6624
2019-06-12,2.6683
2019-06-13,2.6807
2019-06-14,2.7286
2019-06-17,2.7128
2019-06-18,2.7141
2019-06-19,2.7135
2019-06-20,2.6618
2019-06-21,2.6298
2019-06-24,2.6472
2019-06-25,2.6532
2019-06-26,2.6434
2019-06-27,2.6494
2019-06-28,2.6370
2019-07-01,2.6363
2019-07-02,2.6206
2019-07-03,2.5817
2019-07-04,2.5634
2019-07-05,2.5953
2019-07-08,2.6266
2019-07-09,2.6224
2019-07-10,2.6109
2019-07-11,2.5924
2019-07-12,2.6084
2019-07-15,2.6170
2019-07-16,2.6148
2019-07-17,2.6421
2019-07-18,2.6366
2019-07-19,2.6321
2019-07-22,2.6324
2019-07-23,2.6184
2019-07-24,2.6279
2019-07-25,2.6281
2019-07-26,2.6193
2019-07-29,2.6175
2019-07-30,2.6227
2019-07-31,2.6191
2019-08-01,2.5984
2019-08-02,2.5710
2019-08-05,2.5554
2019-08-06,2.5588
2019-08-07,2.5635
2019-08-08,2.5620
2019-08-09,2.5319
2019-08-12,2.5717
2019-08-13,2.5885
2019-08-14,2.5780
2019-08-15,2.5680
2019-08-16,2.5896
2019-08-19,2.5731
2019-08-20,2.5896
2019-08-21,2.6283
2019-08-22,2.6285
2019-08-23,2.6217
2019-08-26,2.6058
2019-08-27,2.5852
2019-08-28,2.6343
2019-08-29,2.6047
2019-08-30,2.6283
2019-09-02,2.6088
2019-09-03,2.6297
2019-09-04,2.6195
2019-09-05,2.6177
2019-09-06,2.6088
2019-09-09,2.5999
2019-09-10,2.6298
2019-09-11,2.6058
2019-09-12,2.6099
2019-09-16,2.6000
2019-09-17,2.5892
2019-09-18,2.5997
2019-09-19,2.5829
2019-09-20,2.5633
2019-09-23,2.5693
2019-09-24,2.5662
2019-09-25,2.5574
2019-09-26,2.5587
2019-09-27,2.5476
2019-09-30,2.5229
2019-10-08,2.5562
2019-10-09,2.5547
2019-10-10,2.5660
2019-10-11,2.5572
2019-10-14,2.5524
2019-10-15,2.5313
2019-10-16,2.5503
2019-10-17,2.5607
2019-10-18,2.5579
2019-10-21,2.5636
2019-10-22,2.5911
2019-10-23,2.6002
2019-10-24,2.6257
2019-10-25,2.6187
2019-10-28,2.6252
2019-10-29,2.6371
2019-10-30,2.6967
2019-10-31,2.6664
2019-11-01,2.6763
2019-11-04,2.6568
2019-11-05,2.6291
2019-11-06,2.6706
2019-11-07,2.6473
2019-11-08,2.6658
2019-11-11,2.6590
2019-11-12,2.6824
2019-11-13,2.6711
2019-11-14,2.7051
2019-11-15,2.6733
2019-11-18,2.6827
2019-11-19,2.6411
2019-11-20,2.6520
2019-11-21,2.6347
2019-11-22,2.6465
2019-11-25,2.6632
2019-11-26,2.6472
2019-11-27,2.6548
2019-11-28,2.6441
2019-11-29,2.6514
2019-12-02,2.6615
2019-12-03,2.6491
2019-12-04,2.6353
2019-12-05,2.6239
2019-12-06,2.6281
2019-12-09,2.6387
2019-12-10,2.5982
2019-12-11,2.6271
2019-12-12,2.5902
2019-12-13,2.6053
2019-12-16,2.6070
2019-12-17,2.6288
2019-12-18,2.6139
2019-12-19,2.6129
2019-12-20,2.5907
2019-12-23,2.5588
2019-12-24,2.5204
2019-12-25,2.4935
2019-12-26,2.4587
2019-12-27,2.3844
2019-12-30,2.3581
2019-12-31,2.3598
2020-01-02,2.3630
2020-01-03,2.3648
2020-01-06,2.3635
2020-01-07,2.3469
2020-01-08,2.3314
2020-01-09,2.3344
2020-01-10,2.3229
2020-01-13,2.2983
2020-01-14,2.2939
2020-01-15,2.2904
2020-01-16,2.2704
2020-01-17,2.2721
2020-01-20,2.2447
2020-01-21,2.2043
2020-01-22,2.2568
2020-01-23,2.2615
2020-02-03,1.9520
2020-02-04,2.0431
2020-02-05,2.0826
2020-02-06,2.0139
2020-02-07,2.0376
2020-02-10,1.9661
2020-02-11,1.9905
2020-02-12,2.0002
2020-02-13,2.0153
2020-02-14,2.0147
2020-02-17,2.0057
2020-02-18,1.9863
2020-02-19,1.9956
2020-02-20,1.9706
2020-02-21,1.9820
2020-02-24,1.9647
2020-02-25,1.9894
2020-02-26,1.9750
2020-02-27,1.9953
2020-02-28,1.9154
2020-03-02,2.0146
2020-03-03,2.0113
2020-03-04,1.9602
2020-03-05,2.0072
2020-03-06,1.9675
2020-03-09,1.9671
2020-03-10,1.9783
2020-03-11,1.9740
2020-03-12,1.9831
2020-03-13,2.0373
2020-03-16,1.9709
2020-03-17,1.9837
2020-03-18,1.9638
2020-03-19,1.9201
2020-03-20,1.9300
2020-03-23,1.8702
2020-03-24,1.8113
2020-03-25,1.7708
2020-03-26,1.7033
2020-03-27,1.7317
2020-03-30,1.7541
2020-03-31,1.7039
2020-04-01,1.6219
2020-04-02,1.6420
2020-04-03,1.6201
2020-04-07,1.3522
2020-04-08,1.2007
2020-04-09,1.1507
2020-04-10,1.2023
2020-04-13,1.2319
2020-04-14,1.2018
2020-04-15,1.1915
2020-04-16,1.1807
2020-04-17,1.2001
2020-04-20,1.1807
2020-04-21,1.1751
2020-04-22,1.1818
2020-04-23,1.1204
2020-04-24,1.1512
2020-04-27,1.1229
2020-04-28,1.1306
2020-04-29,1.1412
2020-04-30,1.1309
2020-05-06,1.1518
2020-05-07,1.1512
2020-05-08,1.1916
2020-05-11,1.2631
2020-05-12,1.2205
2020-05-13,1.2323
2020-05-14,1.2114
2020-05-15,1.2606
2020-05-18,1.2006
2020-05-19,1.2331
2020-05-20,1.3607
2020-05-21,1.3669
2020-05-22,1.3108
2020-05-25,1.3431
2020-05-26,1.4679
2020-05-27,1.5988
2020-05-28,1.5827
2020-05-29,1.5673
2020-06-01,1.5863
2020-06-02,1.7682
2020-06-03,1.9012
2020-06-04,1.9647
2020-06-05,2.0537
2020-06-08,2.0199
2020-06-09,2.0793
2020-06-10,2.0831
2020-06-11,2.0429
2020-06-12,1.9818
2020-06-15,1.9128
2020-06-16,2.0358
2020-06-17,2.1776
2020-06-18,2.1656
2020-06-19,2.2092
2020-06-22,2.2068
2020-06-23,2.1942
2020-06-24,2.1930
2020-06-29,2.1357
2020-06-30,2.1354
2020-07-01,2.0879
2020-07-02,2.0781
2020-07-03,2.0714
2020-07-06,2.0949
2020-07-07,2.0960
2020-07-08,2.1047
2020-07-09,2.1737
2020-07-10,2.2564
2020-07-13,2.2337
2020-07-14,2.2034
2020-07-15,2.2267
2020-07-16,2.2062
2020-07-17,2.1860
2020-07-20,2.2497
2020-07-21,2.2424
2020-07-22,2.2532
2020-07-23,2.2522
2020-07-24,2.2422
2020-07-27,2.2443
2020-07-28,2.2570
2020-07-29,2.2509
2020-07-30,2.2529
2020-07-31,2.2541
2020-08-03,2.1977
2020-08-04,2.1914
2020-08-05,2.2054
2020-08-06,2.2521
2020-08-07,2.2189
2020-08-10,2.2039
2020-08-11,2.2230
2020-08-12,2.2550
2020-08-13,2.2716
2020-08-14,2.2663
2020-08-17,2.2711
2020-08-18,2.2823
2020-08-19,2.3675
2020-08-20,2.4369
2020-08-21,2.4386
2020-08-24,2.4474
2020-08-25,2.4811
2020-08-26,2.4859
2020-08-27,2.4969
2020-08-28,2.4884
2020-08-31,2.4604
2020-09-01,2.5085
2020-09-02,2.5294
2020-09-03,2.5659
2020-09-04,2.6058
2020-09-07,2.6133
2020-09-08,2.5933
2020-09-09,2.5830
2020-09-10,2.5685
2020-09-11,2.5904
2020-09-14,2.6018
2020-09-15,2.5941
2020-09-16,2.6087
2020-09-17,2.6183
2020-09-18,2.6121
2020-09-21,2.6152
2020-09-22,2.6108
2020-09-23,2.5876
2020-09-24,2.5865
2020-09-25,2.5939
2020-09-28,2.6025
2020-09-29,2.6411
2020-09-30,2.6025
2020-10-09,2.6345
2020-10-12,2.6666
2020-10-13,2.6611
2020-10-14,2.6475
2020-10-15,2.6962
2020-10-16,2.7047
2020-10-19,2.6946
2020-10-20,2.6911
2020-10-21,2.6731
2020-10-22,2.6545
2020-10-23,2.6656
2020-10-26,2.6729
2020-10-27,2.6875
2020-10-28,2.7269
2020-10-29,2.7279
2020-10-30,2.7323
2020-11-02,2.7547
2020-11-03,2.7329
2020-11-04,2.7300
2020-11-05,2.7417
2020-11-06,2.7740
2020-11-09,2.7859
2020-11-10,2.7847
2020-11-11,2.8105
2020-11-12,2.8273
2020-11-13,2.8489
2020-11-16,2.8521
2020-11-17,2.8651
2020-11-18,2.9381
2020-11-19,2.9766
2020-11-20,3.0110
2020-11-23,2.9714
2020-11-24,2.9684
2020-11-25,2.9503
2020-11-26,2.9306
2020-11-27,2.9106
2020-11-30,2.8257
2020-12-01,2.8529
2020-12-02,2.8612
2020-12-03,2.8887
2020-12-04,2.8710
2020-12-07,2.8635
2020-12-08,2.8430
2020-12-09,2.8413
2020-12-10,2.7862
2020-12-11,2.8387
2020-12-14,2.8307
2020-12-15,2.7947
2020-12-16,2.7333
2020-12-17,2.7343
2020-12-18,2.7326
2020-12-21,2.7029
2020-12-22,2.6633
2020-12-23,2.6628
2020-12-24,2.6556
2020-12-25,2.6251
2020-12-28,2.5817
2020-12-29,2.5549
2020-12-30,2.5261
2020-12-31,2.4797
2021-01-04,2.5229
2021-01-05,2.5048
2021-01-06,2.4161
2021-01-07,2.3538
2021-01-08,2.3185
2021-01-11,2.2614
2021-01-12,2.2115
2021-01-13,2.1572
2021-01-14,2.2383
2021-01-15,2.3277
2021-01-18,2.4147
2021-01-19,2.4606
2021-01-20,2.4384
2021-01-21,2.4162
2021-01-22,2.4294
2021-01-25,2.4877
2021-01-26,2.5430
2021-01-27,2.5845
2021-01-28,2.6443
2021-01-29,2.7027
2021-02-01,2.6251
2021-02-02,2.6075
2021-02-03,2.6703
2021-02-04,2.6985
2021-02-05,2.6919
2021-02-08,2.6924
2021-02-09,2.6559
2021-02-10,2.6432
2021-02-18,2.6801
2021-02-19,2.6738
2021-02-22,2.6326
2021-02-23,2.6103
2021-02-24,2.5856
2021-02-25,2.5783
2021-02-26,2.5942
2021-03-01,2.5953
2021-03-02,2.5895
2021-03-03,2.6035
2021-03-04,2.6100
2021-03-05,2.6261
2021-03-08,2.6178
2021-03-09,2.6236
2021-03-10,2.6298
2021-03-11,2.6297
2021-03-12,2.6343
2021-03-15,2.6484
2021-03-16,2.6426
2021-03-17,2.6448
2021-03-18,2.6413
2021-03-19,2.6326
2021-03-22,2.6441
2021-03-23,2.6340
2021-03-24,2.5968
2021-03-25,2.6013
2021-03-26,2.6135
2021-03-29,2.6217
2021-03-30,2.6142
2021-03-31,2.5816
2021-04-01,2.5927
2021-04-02,2.5792
2021-04-06,2.5670
2021-04-07,2.5900
2021-04-08,2.5893
2021-04-09,2.5882
2021-04-12,2.5669
2021-04-13,2.5536
2021-04-14,2.5589
2021-04-15,2.5504
2021-04-16,2.5465
2021-04-19,2.5417
2021-04-20,2.5177
2021-04-21,2.5162
2021-04-22,2.5160
2021-04-23,2.4602
2021-04-26,2.4909
2021-04-27,2.4330
2021-04-28,2.3997
2021-04-29,2.3760
2021-04-30,2.3731
2021-05-06,2.3355
2021-05-07,2.3161
2021-05-10,2.3247
2021-05-11,2.3003
2021-05-12,2.2994
2021-05-13,2.2911
2021-05-14,2.3331
2021-05-17,2.3363
2021-05-18,2.3420
2021-05-19,2.3405
2021-05-20,2.3379
2021-05-21,2.3394
2021-05-24,2.3217
2021-05-25,2.3358
2021-05-26,2.3196
2021-05-27,2.3319
2021-05-28,2.3875
2021-05-31,2.4148
2021-06-01,2.3871
2021-06-02,2.3888
2021-06-03,2.3342
2021-06-04,2.3651
2021-06-07,2.4000
2021-06-08,2.4234
2021-06-09,2.4302
2021-06-10,2.4329
2021-06-11,2.4400
2021-06-15,2.4550
2021-06-16,2.4672
2021-06-17,2.4979
2021-06-18,2.5299
2021-06-21,2.5338
2021-06-22,2.5323
2021-06-23,2.5230
2021-06-24,2.5001
2021-06-25,2.4759
2021-06-28,2.4501
2021-06-29,2.4797
2021-06-30,2.4500
2021-07-01,2.4200
2021-07-02,2.4022
2021-07-05,2.3987
2021-07-06,2.3998
2021-07-07,2.3999
2021-07-08,2.3539
2021-07-09,2.3401
2021-07-12,2.3130
2021-07-13,2.3001
2021-07-14,2.2868
2021-07-15,2.2799
2021-07-16,2.2871
2021-07-19,2.2600
2021-07-20,2.2561
2021-07-21,2.2101
2021-07-22,2.1998
2021-07-23,2.1600
2021-07-26,2.1198
2021-07-27,2.1723
2021-07-28,2.2078
2021-07-29,2.1692
2021-07-30,2.1489
2021-08-02,2.1211
2021-08-03,2.1166
2021-08-04,2.1398
2021-08-05,2.1392
2021-08-06,2.1416
2021-08-09,2.1837
2021-08-10,2.2257
2021-08-11,2.1905
2021-08-12,2.1974
2021-08-13,2.2096
2021-08-16,2.2019
2021-08-17,2.1968
2021-08-18,2.2091
2021-08-19,2.2089
2021-08-20,2.2393
2021-08-23,2.2865
2021-08-24,2.2712
2021-08-25,2.2766
2021-08-26,2.2906
2021-08-27,2.2996
2021-08-30,2.2769
2021-08-31,2.2706
2021-09-01,2.2515
2021-09-02,2.2564
2021-09-03,2.2695
2021-09-06,2.2677
2021-09-07,2.2999
2021-09-08,2.3100
2021-09-09,2.3198
2021-09-10,2.3500
2021-09-13,2.3649
2021-09-14,2.3900
2021-09-15,2.3900
2021-09-16,2.3999
2021-09-17,2.3901
2021-09-22,2.3799
2021-09-23,2.3400
2021-09-24,2.3300
2021-09-27,2.3700
2021-09-28,2.3900
2021-09-29,2.3740
2021-09-30,2.3501
2021-10-08,2.3743
2021-10-11,2.3829
2021-10-12,2.3806
2021-10-13,2.3499
2021-10-14,2.3360
2021-10-15,2.3371
2021-10-18,2.3761
2021-10-19,2.3819
2021-10-20,2.3767
2021-10-21,2.3683
2021-10-22,2.3553
2021-10-25,2.3463
2021-10-26,2.3499
2021-10-27,2.3418
2021-10-28,2.3346
2021-10-29,2.3364
2021-11-01,2.3554
2021-11-02,2.3056
2021-11-03,2.3010
2021-11-04,2.3003
2021-11-05,2.2939
2021-11-08,2.2821
2021-11-09,2.2938
2021-11-10,2.2812
2021-11-11,2.2857
2021-11-12,2.2760
2021-11-15,2.2741
2021-11-16,2.2666
2021-11-17,2.2857
2021-11-18,2.2957
2021-11-19,2.2619
2021-11-22,2.2574
2021-11-23,2.2797
2021-11-24,2.2659
2021-11-25,2.2528
2021-11-26,2.2383
2021-11-29,2.2437
2021-11-30,2.2182
2021-12-01,2.2445
2021-12-02,2.2473
2021-12-03,2.2552
2021-12-06,2.2463
2021-12-07,2.2555
2021-12-08,2.2657
2021-12-09,2.2768
2021-12-10,2.3008
2021-12-13,2.2813
2021-12-14,2.2771
2021-12-15,2.3007
2021-12-16,2.2957
2021-12-17,2.3052
2021-12-20,2.3354
2021-12-21,2.3794
2021-12-22,2.3603
2021-12-23,2.3372
2021-12-24,2.3390
2021-12-27,2.3548
2021-12-28,2.3466
2021-12-29,2.3158
2021-12-30,2.2918
2021-12-31,2.2321
