日期,螺纹钢
2009-03-27,3577.00 
2009-03-30,3548.00 
2009-03-31,3549.00 
2009-04-01,3549.00 
2009-04-02,3481.00 
2009-04-03,3456.00 
2009-04-07,3482.00 
2009-04-08,3469.00 
2009-04-09,3472.00 
2009-04-10,3485.00 
2009-04-13,3481.00 
2009-04-14,3558.00 
2009-04-15,3566.00 
2009-04-16,3597.00 
2009-04-17,3622.00 
2009-04-20,3632.00 
2009-04-21,3539.00 
2009-04-22,3536.00 
2009-04-23,3507.00 
2009-04-24,3506.00 
2009-04-27,3505.00 
2009-04-28,3507.00 
2009-04-29,3511.00 
2009-04-30,3543.00 
2009-05-04,3624.00 
2009-05-05,3588.00 
2009-05-06,3591.00 
2009-05-07,3608.00 
2009-05-08,3602.00 
2009-05-11,3649.00 
2009-05-12,3647.00 
2009-05-13,3646.00 
2009-05-14,3598.00 
2009-05-15,3606.00 
2009-05-18,3596.00 
2009-05-19,3617.00 
2009-05-20,3624.00 
2009-05-21,3629.00 
2009-05-22,3617.00 
2009-05-25,3607.00 
2009-05-26,3606.00 
2009-05-27,3610.00 
2009-06-01,3643.00 
2009-06-02,3663.00 
2009-06-03,3665.00 
2009-06-04,3693.00 
2009-06-05,3754.00 
2009-06-08,3770.00 
2009-06-09,3782.00 
2009-06-10,3797.00 
2009-06-11,3869.00 
2009-06-12,3893.00 
2009-06-15,3850.00 
2009-06-16,3864.00 
2009-06-17,3857.00 
2009-06-18,3845.00 
2009-06-19,3891.00 
2009-06-22,3917.00 
2009-06-23,3868.00 
2009-06-24,3874.00 
2009-06-25,3871.00 
2009-06-26,3860.00 
2009-06-29,3838.00 
2009-06-30,3828.00 
2009-07-01,3835.00 
2009-07-02,3864.00 
2009-07-03,3869.00 
2009-07-06,3866.00 
2009-07-07,3869.00 
2009-07-08,3851.00 
2009-07-09,3852.00 
2009-07-10,3878.00 
2009-07-13,3894.00 
2009-07-14,3898.00 
2009-07-15,3941.00 
2009-07-16,4002.00 
2009-07-17,3985.00 
2009-07-20,3991.00 
2009-07-21,4010.00 
2009-07-22,4042.00 
2009-07-23,4088.00 
2009-07-24,4149.00 
2009-07-27,4245.00 
2009-07-28,4264.00 
2009-07-29,4338.00 
2009-07-30,4361.00 
2009-07-31,4490.00 
2009-08-03,4799.00 
2009-08-04,4826.00 
2009-08-05,4843.00 
2009-08-06,4917.00 
2009-08-07,4883.00 
2009-08-10,4834.00 
2009-08-11,4886.00 
2009-08-12,4815.00 
2009-08-13,4751.00 
2009-08-14,4632.00 
2009-08-17,4596.00 
2009-08-18,4603.00 
2009-08-19,4457.00 
2009-08-20,4377.00 
2009-08-21,4511.00 
2009-08-24,4538.00 
2009-08-25,4425.00 
2009-08-26,4399.00 
2009-08-27,4387.00 
2009-08-28,4324.00 
2009-08-31,4154.00 
2009-09-01,3996.00 
2009-09-02,3917.00 
2009-09-03,3913.00 
2009-09-04,3906.00 
2009-09-07,3813.00 
2009-09-08,3726.00 
2009-09-09,3748.00 
2009-09-10,3742.00 
2009-09-11,3736.00 
2009-09-14,3658.00 
2009-09-15,3634.00 
2009-09-16,3769.00 
2009-09-17,3750.00 
2009-09-18,3689.00 
2009-09-21,3674.00 
2009-09-22,3652.00 
2009-09-23,3654.00 
2009-09-24,3636.00 
2009-09-25,3582.00 
2009-09-28,3471.00 
2009-09-29,3439.00 
2009-09-30,3483.00 
2009-10-09,3449.00 
2009-10-12,3436.00 
2009-10-13,3442.00 
2009-10-14,3503.00 
2009-10-15,3479.00 
2009-10-16,3617.00 
2009-10-19,3683.00 
2009-10-20,3673.00 
2009-10-21,3691.00 
2009-10-22,3696.00 
2009-10-23,3669.00 
2009-10-26,3681.00 
2009-10-27,3681.00 
2009-10-28,3633.00 
2009-10-29,3608.00 
2009-10-30,3619.00 
2009-11-02,3600.00 
2009-11-03,3610.00 
2009-11-04,3609.00 
2009-11-05,3607.00 
2009-11-06,3609.00 
2009-11-09,3639.00 
2009-11-10,3626.00 
2009-11-11,3630.00 
2009-11-12,3640.00 
2009-11-13,3624.00 
2009-11-16,3644.00 
2009-11-17,3731.00 
2009-11-18,3717.00 
2009-11-19,3736.00 
2009-11-20,3744.00 
2009-11-23,3747.00 
2009-11-24,3739.00 
2009-11-25,3729.00 
2009-11-26,3730.00 
2009-11-27,3683.00 
2009-11-30,3663.00 
2009-12-01,3634.00 
2009-12-02,3668.00 
2009-12-03,3666.00 
2009-12-04,3682.00 
2009-12-07,3675.00 
2009-12-08,3664.00 
2009-12-09,3666.00 
2009-12-10,3671.00 
2009-12-11,3674.00 
2009-12-14,3703.00 
2009-12-15,3702.00 
2009-12-16,3771.00 
2009-12-17,3781.00 
2009-12-18,3771.00 
2009-12-21,3782.00 
2009-12-22,3817.00 
2009-12-23,3863.00 
2009-12-24,3859.00 
2009-12-25,3882.00 
2009-12-28,3902.00 
2009-12-29,3908.00 
2009-12-30,3889.00 
2009-12-31,3896.00 
2010-01-04,3942.00 
2010-01-05,3958.00 
2010-01-06,4003.00 
2010-01-07,4013.00 
2010-01-08,3968.00 
2010-01-11,4006.00 
2010-01-12,3998.00 
2010-01-13,3995.00 
2010-01-14,3993.00 
2010-01-15,3969.00 
2010-01-18,4005.00 
2010-01-19,4004.00 
2010-01-20,3981.00 
2010-01-21,3953.00 
2010-01-22,3898.00 
2010-01-25,3874.00 
2010-01-26,3877.00 
2010-01-27,3886.00 
2010-01-28,3882.00 
2010-01-29,3884.00 
2010-02-01,3875.00 
2010-02-02,3820.00 
2010-02-03,3793.00 
2010-02-04,3782.00 
2010-02-05,3788.00 
2010-02-08,3823.00 
2010-02-09,3820.00 
2010-02-10,3915.00 
2010-02-11,3926.00 
2010-02-12,3974.00 
2010-02-22,3968.00 
2010-02-23,3965.00 
2010-02-24,3944.00 
2010-02-25,3930.00 
2010-02-26,3891.00 
2010-03-01,3877.00 
2010-03-02,3863.00 
2010-03-03,3857.00 
2010-03-04,3858.00 
2010-03-05,3861.00 
2010-03-08,3884.00 
2010-03-09,3885.00 
2010-03-10,3919.00 
2010-03-11,3957.00 
2010-03-12,3969.00 
2010-03-15,4002.00 
2010-03-16,4196.00 
2010-03-17,4243.00 
2010-03-18,4216.00 
2010-03-19,4225.00 
2010-03-22,4259.00 
2010-03-23,4258.00 
2010-03-24,4292.00 
2010-03-25,4310.00 
2010-03-26,4354.00 
2010-03-29,4365.00 
2010-03-30,4358.00 
2010-03-31,4328.00 
2010-04-01,4305.00 
2010-04-02,4305.00 
2010-04-06,4307.00 
2010-04-07,4331.00 
2010-04-08,4330.00 
2010-04-09,4317.00 
2010-04-12,4381.00 
2010-04-13,4441.00 
2010-04-14,4455.00 
2010-04-15,4419.00 
2010-04-16,4497.00 
2010-04-19,4478.00 
2010-04-20,4469.00 
2010-04-21,4452.00 
2010-04-22,4445.00 
2010-04-23,4426.00 
2010-04-26,4408.00 
2010-04-27,4357.00 
2010-04-28,4296.00 
2010-04-29,4289.00 
2010-04-30,4274.00 
2010-05-04,4305.00 
2010-05-05,4293.00 
2010-05-06,4301.00 
2010-05-07,4271.00 
2010-05-10,4259.00 
2010-05-11,4231.00 
2010-05-12,4068.00 
2010-05-13,4077.00 
2010-05-14,4066.00 
2010-05-17,3941.00 
2010-05-18,3954.00 
2010-05-19,3968.00 
2010-05-20,4049.00 
2010-05-21,4024.00 
2010-05-24,4064.00 
2010-05-25,4075.00 
2010-05-26,4072.00 
2010-05-27,4053.00 
2010-05-28,4066.00 
2010-05-31,4026.00 
2010-06-01,3993.00 
2010-06-02,3988.00 
2010-06-03,3998.00 
2010-06-04,3998.00 
2010-06-07,3939.00 
2010-06-08,3929.00 
2010-06-09,3932.00 
2010-06-10,3921.00 
2010-06-11,3933.00 
2010-06-17,3996.00 
2010-06-18,3956.00 
2010-06-21,3965.00 
2010-06-22,3971.00 
2010-06-23,3951.00 
2010-06-24,3947.00 
2010-06-25,3940.00 
2010-06-28,3953.00 
2010-06-29,3865.00 
2010-06-30,3826.00 
2010-07-01,3823.00 
2010-07-02,3803.00 
2010-07-05,3828.00 
2010-07-06,3810.00 
2010-07-07,3807.00 
2010-07-08,3802.00 
2010-07-09,3750.00 
2010-07-12,3736.00 
2010-07-13,3715.00 
2010-07-14,3741.00 
2010-07-15,3748.00 
2010-07-16,3765.00 
2010-07-19,3802.00 
2010-07-20,3840.00 
2010-07-21,3898.00 
2010-07-22,3890.00 
2010-07-23,3941.00 
2010-07-26,3938.00 
2010-07-27,3898.00 
2010-07-28,3894.00 
2010-07-29,3903.00 
2010-07-30,3956.00 
2010-08-02,4024.00 
2010-08-03,4019.00 
2010-08-04,4009.00 
2010-08-05,4069.00 
2010-08-06,4022.00 
2010-08-09,4082.00 
2010-08-10,4092.00 
2010-08-11,4130.00 
2010-08-12,4089.00 
2010-08-13,4076.00 
2010-08-16,4108.00 
2010-08-17,4134.00 
2010-08-18,4164.00 
2010-08-19,4170.00 
2010-08-20,4157.00 
2010-08-23,4123.00 
2010-08-24,4116.00 
2010-08-25,4108.00 
2010-08-26,4123.00 
2010-08-27,4130.00 
2010-08-30,4143.00 
2010-08-31,4177.00 
2010-09-01,4223.00 
2010-09-02,4248.00 
2010-09-03,4250.00 
2010-09-06,4428.00 
2010-09-07,4448.00 
2010-09-08,4444.00 
2010-09-09,4415.00 
2010-09-10,4435.00 
2010-09-13,4450.00 
2010-09-14,4450.00 
2010-09-15,4413.00 
2010-09-16,4369.00 
2010-09-17,4357.00 
2010-09-20,4367.00 
2010-09-21,4326.00 
2010-09-27,4275.00 
2010-09-28,4217.00 
2010-09-29,4179.00 
2010-09-30,4168.00 
2010-10-08,4229.00 
2010-10-11,4320.00 
2010-10-12,4304.00 
2010-10-13,4290.00 
2010-10-14,4289.00 
2010-10-15,4317.00 
2010-10-18,4313.00 
2010-10-19,4320.00 
2010-10-20,4314.00 
2010-10-21,4300.00 
2010-10-22,4292.00 
2010-10-25,4303.00 
2010-10-26,4300.00 
2010-10-27,4300.00 
2010-10-28,4316.00 
2010-10-29,4334.00 
2010-11-01,4265.00 
2010-11-02,4361.00 
2010-11-03,4390.00 
2010-11-04,4485.00 
2010-11-05,4589.00 
2010-11-08,4570.00 
2010-11-09,4712.00 
2010-11-10,4650.00 
2010-11-11,4650.00 
2010-11-12,4568.00 
2010-11-15,4641.00 
2010-11-16,4561.00 
2010-11-17,4484.00 
2010-11-18,4554.00 
2010-11-19,4613.00 
2010-11-22,4623.00 
2010-11-23,4646.00 
2010-11-24,4668.00 
2010-11-25,4712.00 
2010-11-26,4678.00 
2010-11-29,4694.00 
2010-11-30,4734.00 
2010-12-01,4751.00 
2010-12-02,4751.00 
2010-12-03,4760.00 
2010-12-06,4780.00 
2010-12-07,4798.00 
2010-12-08,4829.00 
2010-12-09,4850.00 
2010-12-10,4850.00 
2010-12-13,4840.00 
2010-12-14,4866.00 
2010-12-15,4852.00 
2010-12-16,4763.00 
2010-12-17,4775.00 
2010-12-20,4797.00 
2010-12-21,4822.00 
2010-12-22,4827.00 
2010-12-23,4829.00 
2010-12-24,4828.00 
2010-12-27,4836.00 
2010-12-28,4841.00 
2010-12-29,4849.00 
2010-12-30,4865.00 
2010-12-31,4901.00 
2011-01-04,4933.00 
2011-01-05,4936.00 
2011-01-06,4943.00 
2011-01-07,4930.00 
2011-01-10,4930.00 
2011-01-11,4909.00 
2011-01-12,4954.00 
2011-01-13,4909.00 
2011-01-14,4909.00 
2011-01-17,4875.00 
2011-01-18,4926.00 
2011-01-19,4935.00 
2011-01-20,4953.00 
2011-01-21,5003.00 
2011-01-24,5008.00 
2011-01-25,5017.00 
2011-01-26,5010.00 
2011-01-27,5000.00 
2011-01-28,5030.00 
2011-01-31,5171.00 
2011-02-01,5171.00 
2011-02-09,5171.00 
2011-02-10,5090.00 
2011-02-11,5090.00 
2011-02-14,5090.00 
2011-02-15,5090.00 
2011-02-16,5088.00 
2011-02-17,5076.00 
2011-02-18,5061.00 
2011-02-21,5032.00 
2011-02-22,5035.00 
2011-02-23,4964.00 
2011-02-24,4951.00 
2011-02-25,4902.00 
2011-02-28,4950.00 
2011-03-01,4950.00 
2011-03-02,4930.00 
2011-03-03,4930.00 
2011-03-04,4930.00 
2011-03-07,4680.00 
2011-03-08,4690.00 
2011-03-09,4690.00 
2011-03-10,4690.00 
2011-03-11,4500.00 
2011-03-14,4500.00 
2011-03-15,4500.00 
2011-03-16,4730.00 
2011-03-17,4772.00 
2011-03-18,4738.00 
2011-03-21,4667.00 
2011-03-22,4662.00 
2011-03-23,4718.00 
2011-03-24,4749.00 
2011-03-25,4713.00 
2011-03-28,4700.00 
2011-03-29,4709.00 
2011-03-30,4666.00 
2011-03-31,4709.00 
2011-04-01,4700.00 
2011-04-06,4750.00 
2011-04-07,4755.00 
2011-04-08,4755.00 
2011-04-11,4755.00 
2011-04-12,4755.00 
2011-04-13,4755.00 
2011-04-14,4755.00 
2011-04-15,4755.00 
2011-04-18,4804.00 
2011-04-19,4777.00 
2011-04-20,4798.00 
2011-04-21,4816.00 
2011-04-22,4807.00 
2011-04-25,4819.00 
2011-04-26,4836.00 
2011-04-27,4869.00 
2011-04-28,4893.00 
2011-04-29,4914.00 
2011-05-03,4940.00 
2011-05-04,4940.00 
2011-05-05,5030.00 
2011-05-06,4980.00 
2011-05-09,4920.00 
2011-05-10,5080.00 
2011-05-11,4947.00 
2011-05-12,5039.00 
2011-05-13,5039.00 
2011-05-16,5039.00 
2011-05-17,4880.00 
2011-05-18,4906.00 
2011-05-19,4911.00 
2011-05-20,4942.00 
2011-05-23,4951.00 
2011-05-24,4953.00 
2011-05-25,4975.00 
2011-05-26,4985.00 
2011-05-27,4981.00 
2011-05-30,5068.00 
2011-05-31,4988.00 
2011-06-01,4988.00 
2011-06-02,4988.00 
2011-06-03,4988.00 
2011-06-07,4988.00 
2011-06-08,4988.00 
2011-06-09,4988.00 
2011-06-10,4988.00 
2011-06-13,4988.00 
2011-06-14,4988.00 
2011-06-15,4988.00 
2011-06-16,5056.00 
2011-06-17,5045.00 
2011-06-20,4994.00 
2011-06-21,4972.00 
2011-06-22,4985.00 
2011-06-23,4998.00 
2011-06-24,5002.00 
2011-06-27,5007.00 
2011-06-28,5027.00 
2011-06-29,5052.00 
2011-06-30,5182.00 
2011-07-01,5232.00 
2011-07-04,5160.00 
2011-07-05,5160.00 
2011-07-06,5160.00 
2011-07-07,5160.00 
2011-07-08,5160.00 
2011-07-11,5160.00 
2011-07-12,5160.00 
2011-07-13,5160.00 
2011-07-14,5450.00 
2011-07-15,5450.00 
2011-07-18,5082.00 
2011-07-19,5082.00 
2011-07-20,5078.00 
2011-07-21,5078.00 
2011-07-22,5072.00 
2011-07-25,5039.00 
2011-07-26,5000.00 
2011-07-27,4917.00 
2011-07-28,4999.00 
2011-07-29,4994.00 
2011-08-01,4994.00 
2011-08-02,4994.00 
2011-08-03,4994.00 
2011-08-04,4994.00 
2011-08-05,4994.00 
2011-08-08,4994.00 
2011-08-09,4994.00 
2011-08-10,4994.00 
2011-08-11,4994.00 
2011-08-12,4994.00 
2011-08-15,4994.00 
2011-08-16,4996.00 
2011-08-17,4938.00 
2011-08-18,4972.00 
2011-08-19,4942.00 
2011-08-22,4949.00 
2011-08-23,4949.00 
2011-08-24,4910.00 
2011-08-25,4934.00 
2011-08-26,4934.00 
2011-08-29,4852.00 
2011-08-30,4818.00 
2011-08-31,4705.00 
2011-09-01,4705.00 
2011-09-02,4705.00 
2011-09-05,4705.00 
2011-09-06,4705.00 
2011-09-07,4710.00 
2011-09-08,4780.00 
2011-09-09,4780.00 
2011-09-13,4780.00 
2011-09-14,4780.00 
2011-09-15,4780.00 
2011-09-16,4864.00 
2011-09-19,4831.00 
2011-09-20,4803.00 
2011-09-21,4825.00 
2011-09-22,4837.00 
2011-09-23,4787.00 
2011-09-26,4752.00 
2011-09-27,4735.00 
2011-09-28,4700.00 
2011-09-29,4613.00 
2011-09-30,4589.00 
2011-10-10,4474.00 
2011-10-11,4494.00 
2011-10-12,4361.00 
2011-10-13,4361.00 
2011-10-14,4426.00 
2011-10-17,4510.00 
2011-10-18,4273.00 
2011-10-19,4200.00 
2011-10-20,4038.00 
2011-10-21,4060.00 
2011-10-24,4138.00 
2011-10-25,4155.00 
2011-10-26,4176.00 
2011-10-27,4348.00 
2011-10-28,4423.00 
2011-10-31,4560.00 
2011-11-01,4560.00 
2011-11-02,4560.00 
2011-11-03,4560.00 
2011-11-04,4560.00 
2011-11-07,4560.00 
2011-11-08,4560.00 
2011-11-09,4560.00 
2011-11-10,4560.00 
2011-11-11,4560.00 
2011-11-14,4560.00 
2011-11-15,4560.00 
2011-11-16,4375.00 
2011-11-17,4341.00 
2011-11-18,4322.00 
2011-11-21,4283.00 
2011-11-22,4255.00 
2011-11-23,4326.00 
2011-11-24,4278.00 
2011-11-25,4273.00 
2011-11-28,4431.00 
2011-11-29,4458.00 
2011-11-30,4416.00 
2011-12-01,4416.00 
2011-12-02,4416.00 
2011-12-05,4570.00 
2011-12-06,4570.00 
2011-12-07,4570.00 
2011-12-08,4570.00 
2011-12-09,4570.00 
2011-12-12,4570.00 
2011-12-13,4570.00 
2011-12-14,4570.00 
2011-12-15,4570.00 
2011-12-16,4393.00 
2011-12-19,4405.00 
2011-12-20,4409.00 
2011-12-21,4418.00 
2011-12-22,4425.00 
2011-12-23,4439.00 
2011-12-26,4446.00 
2011-12-27,4449.00 
2011-12-28,4491.00 
2011-12-29,4430.00 
2011-12-30,4344.00 
2012-01-04,4314.00 
2012-01-05,4206.00 
2012-01-06,4220.00 
2012-01-09,4279.00 
2012-01-10,4387.00 
2012-01-11,4435.00 
2012-01-12,4404.00 
2012-01-13,4404.00 
2012-01-16,4262.00 
2012-01-17,4241.00 
2012-01-18,4235.00 
2012-01-19,4230.00 
2012-01-20,4226.00 
2012-01-30,4278.00 
2012-01-31,4225.00 
2012-02-01,4234.00 
2012-02-02,4234.00 
2012-02-03,4234.00 
2012-02-06,4234.00 
2012-02-07,4234.00 
2012-02-08,4236.00 
2012-02-09,4236.00 
2012-02-10,4355.00 
2012-02-13,4355.00 
2012-02-14,4355.00 
2012-02-15,4355.00 
2012-02-16,4246.00 
2012-02-17,4246.00 
2012-02-20,4292.00 
2012-02-21,4282.00 
2012-02-22,4315.00 
2012-02-23,4278.00 
2012-02-24,4259.00 
2012-02-27,4277.00 
2012-02-28,4252.00 
2012-02-29,4222.00 
2012-03-01,4200.00 
2012-03-02,4200.00 
2012-03-05,4200.00 
2012-03-06,4200.00 
2012-03-07,4200.00 
2012-03-08,4200.00 
2012-03-09,4200.00 
2012-03-12,4200.00 
2012-03-13,4200.00 
2012-03-14,4200.00 
2012-03-15,4200.00 
2012-03-16,4290.00 
2012-03-19,4245.00 
2012-03-20,4272.00 
2012-03-21,4285.00 
2012-03-22,4272.00 
2012-03-23,4248.00 
2012-03-26,4233.00 
2012-03-27,4223.00 
2012-03-28,4236.00 
2012-03-29,4230.00 
2012-03-30,4239.00 
2012-04-05,4239.00 
2012-04-06,4240.00 
2012-04-09,4240.00 
2012-04-10,4240.00 
2012-04-11,4240.00 
2012-04-12,4330.00 
2012-04-13,4300.00 
2012-04-16,4340.00 
2012-04-17,4326.00 
2012-04-18,4317.00 
2012-04-19,4311.00 
2012-04-20,4306.00 
2012-04-23,4295.00 
2012-04-24,4275.00 
2012-04-25,4266.00 
2012-04-26,4277.00 
2012-04-27,4283.00 
2012-05-02,4273.00 
2012-05-03,4260.00 
2012-05-04,4266.00 
2012-05-07,4255.00 
2012-05-08,4253.00 
2012-05-09,4219.00 
2012-05-10,4231.00 
2012-05-11,4203.00 
2012-05-14,4211.00 
2012-05-15,4126.00 
2012-05-16,4148.00 
2012-05-17,4090.00 
2012-05-18,4084.00 
2012-05-21,4094.00 
2012-05-22,4097.00 
2012-05-23,4054.00 
2012-05-24,4057.00 
2012-05-25,4070.00 
2012-05-28,4117.00 
2012-05-29,4101.00 
2012-05-30,4040.00 
2012-05-31,4046.00 
2012-06-01,4046.00 
2012-06-04,4046.00 
2012-06-05,4046.00 
2012-06-06,4046.00 
2012-06-07,4050.00 
2012-06-08,4050.00 
2012-06-11,4050.00 
2012-06-12,4050.00 
2012-06-13,4050.00 
2012-06-14,4050.00 
2012-06-15,4050.00 
2012-06-18,4196.00 
2012-06-19,4199.00 
2012-06-20,4200.00 
2012-06-21,4194.00 
2012-06-25,4195.00 
2012-06-26,4195.00 
2012-06-27,4195.00 
2012-06-28,4237.00 
2012-06-29,4358.00 
2012-07-02,4150.00 
2012-07-03,4150.00 
2012-07-04,4150.00 
2012-07-05,4209.00 
2012-07-06,4150.00 
2012-07-09,4140.00 
2012-07-10,4140.00 
2012-07-11,4080.00 
2012-07-12,4080.00 
2012-07-13,4047.00 
2012-07-16,3960.00 
2012-07-17,3894.00 
2012-07-18,3894.00 
2012-07-19,3871.00 
2012-07-20,3844.00 
2012-07-23,3815.00 
2012-07-24,3847.00 
2012-07-25,3752.00 
2012-07-26,3865.00 
2012-07-27,3800.00 
2012-07-30,3735.00 
2012-07-31,3708.00 
2012-08-01,3681.00 
2012-08-02,3681.00 
2012-08-03,3681.00 
2012-08-06,3681.00 
2012-08-07,3660.00 
2012-08-08,3660.00 
2012-08-09,3660.00 
2012-08-10,3660.00 
2012-08-13,3660.00 
2012-08-14,3660.00 
2012-08-15,3660.00 
2012-08-16,3656.00 
2012-08-17,3635.00 
2012-08-20,3635.00 
2012-08-21,3583.00 
2012-08-22,3599.00 
2012-08-23,3600.00 
2012-08-24,3581.00 
2012-08-27,3570.00 
2012-08-28,3492.00 
2012-08-29,3460.00 
2012-08-30,3459.00 
2012-08-31,3458.00 
2012-09-03,3458.00 
2012-09-04,3401.00 
2012-09-05,3351.00 
2012-09-06,3400.00 
2012-09-07,3400.00 
2012-09-10,3400.00 
2012-09-11,3400.00 
2012-09-12,3400.00 
2012-09-13,3400.00 
2012-09-14,3400.00 
2012-09-17,3400.00 
2012-09-18,3570.00 
2012-09-19,3622.00 
2012-09-20,3635.00 
2012-09-21,3605.00 
2012-09-24,3629.00 
2012-09-25,3677.00 
2012-09-26,3660.00 
2012-09-27,3659.00 
2012-09-28,3668.00 
2012-10-08,3680.00 
2012-10-09,3838.00 
2012-10-10,3845.00 
2012-10-11,3845.00 
2012-10-12,3845.00 
2012-10-15,3748.00 
2012-10-16,3653.00 
2012-10-17,3680.00 
2012-10-18,3705.00 
2012-10-19,3743.00 
2012-10-22,3778.00 
2012-10-23,3775.00 
2012-10-24,3782.00 
2012-10-25,3767.00 
2012-10-26,3801.00 
2012-10-29,3807.00 
2012-10-30,3755.00 
2012-10-31,3733.00 
2012-11-01,3776.00 
2012-11-02,3776.00 
2012-11-05,3776.00 
2012-11-06,3776.00 
2012-11-07,3776.00 
2012-11-08,3900.00 
2012-11-09,3762.00 
2012-11-12,3800.00 
2012-11-13,3800.00 
2012-11-14,3788.00 
2012-11-15,3830.00 
2012-11-16,3780.00 
2012-11-19,3720.00 
2012-11-20,3717.00 
2012-11-21,3764.00 
2012-11-22,3731.00 
2012-11-23,3750.00 
2012-11-26,3717.00 
2012-11-27,3707.00 
2012-11-28,3682.00 
2012-11-29,3655.00 
2012-11-30,3603.00 
2012-12-03,3603.00 
2012-12-04,3603.00 
2012-12-05,3603.00 
2012-12-06,3603.00 
2012-12-07,3603.00 
2012-12-10,3603.00 
2012-12-11,3603.00 
2012-12-12,3603.00 
2012-12-13,3603.00 
2012-12-14,3619.00 
2012-12-17,3720.00 
2012-12-18,3819.00 
2012-12-19,3803.00 
2012-12-20,3755.00 
2012-12-21,3746.00 
2012-12-24,3743.00 
2012-12-25,3797.00 
2012-12-26,3815.00 
2012-12-27,3806.00 
2012-12-28,3784.00 
2012-12-31,3824.00 
2013-01-04,3867.00 
2013-01-07,3877.00 
2013-01-08,3842.00 
2013-01-09,3860.00 
2013-01-10,3849.00 
2013-01-11,3819.00 
2013-01-14,3828.00 
2013-01-15,3854.00 
2013-01-16,3813.00 
2013-01-17,3820.00 
2013-01-18,3823.00 
2013-01-21,3825.00 
2013-01-22,3820.00 
2013-01-23,3829.00 
2013-01-24,3823.00 
2013-01-25,3833.00 
2013-01-28,3841.00 
2013-01-29,3848.00 
2013-01-30,3882.00 
2013-01-31,3881.00 
2013-02-01,3896.00 
2013-02-04,3955.00 
2013-02-05,3918.00 
2013-02-06,3892.00 
2013-02-07,3892.00 
2013-02-08,3892.00 
2013-02-18,3881.00 
2013-02-19,3907.00 
2013-02-20,3907.00 
2013-02-21,3865.00 
2013-02-22,3848.00 
2013-02-25,3823.00 
2013-02-26,3804.00 
2013-02-27,3800.00 
2013-02-28,3791.00 
2013-03-01,3770.00 
2013-03-04,3700.00 
2013-03-05,3730.00 
2013-03-06,3730.00 
2013-03-07,3731.00 
2013-03-08,3720.00 
2013-03-11,3720.00 
2013-03-12,3706.00 
2013-03-13,3620.00 
2013-03-14,3550.00 
2013-03-15,3674.00 
2013-03-18,3786.00 
2013-03-19,3794.00 
2013-03-20,3809.00 
2013-03-21,3825.00 
2013-03-22,3788.00 
2013-03-25,3809.00 
2013-03-26,3788.00 
2013-03-27,3773.00 
2013-03-28,3755.00 
2013-03-29,3734.00 
2013-04-01,3631.00 
2013-04-02,3650.00 
2013-04-03,3710.00 
2013-04-08,3720.00 
2013-04-09,3735.00 
2013-04-10,3735.00 
2013-04-11,3735.00 
2013-04-12,3705.00 
2013-04-15,3638.00 
2013-04-16,3579.00 
2013-04-17,3567.00 
2013-04-18,3490.00 
2013-04-19,3511.00 
2013-04-22,3522.00 
2013-04-23,3473.00 
2013-04-24,3474.00 
2013-04-25,3472.00 
2013-04-26,3451.00 
2013-05-02,3443.00 
2013-05-03,3461.00 
2013-05-06,3448.00 
2013-05-07,3475.00 
2013-05-08,3478.00 
2013-05-09,3458.00 
2013-05-10,3439.00 
2013-05-13,3440.00 
2013-05-14,3427.00 
2013-05-15,3400.00 
2013-05-16,3418.00 
2013-05-17,3450.00 
2013-05-20,3454.00 
2013-05-21,3511.00 
2013-05-22,3478.00 
2013-05-23,3443.00 
2013-05-24,3428.00 
2013-05-27,3454.00 
2013-05-28,3391.00 
2013-05-29,3386.00 
2013-05-30,3355.00 
2013-05-31,3244.00 
2013-06-03,3177.00 
2013-06-04,3224.00 
2013-06-05,3239.00 
2013-06-06,3235.00 
2013-06-07,3231.00 
2013-06-13,3230.00 
2013-06-14,3210.00 
2013-06-17,3210.00 
2013-06-18,3304.00 
2013-06-19,3314.00 
2013-06-20,3305.00 
2013-06-21,3296.00 
2013-06-24,3196.00 
2013-06-25,3209.00 
2013-06-26,3199.00 
2013-06-27,3201.00 
2013-06-28,3165.00 
2013-07-01,3162.00 
2013-07-02,3162.00 
2013-07-03,3162.00 
2013-07-04,3162.00 
2013-07-05,3162.00 
2013-07-08,3162.00 
2013-07-09,3162.00 
2013-07-10,3162.00 
2013-07-11,3162.00 
2013-07-12,3162.00 
2013-07-15,3162.00 
2013-07-16,3431.00 
2013-07-17,3490.00 
2013-07-18,3494.00 
2013-07-19,3536.00 
2013-07-22,3526.00 
2013-07-23,3509.00 
2013-07-24,3479.00 
2013-07-25,3450.00 
2013-07-26,3428.00 
2013-07-29,3412.00 
2013-07-30,3405.00 
2013-07-31,3381.00 
2013-08-01,3381.00 
2013-08-02,3381.00 
2013-08-05,3381.00 
2013-08-06,3381.00 
2013-08-07,3381.00 
2013-08-08,3381.00 
2013-08-09,3381.00 
2013-08-12,3381.00 
2013-08-13,3381.00 
2013-08-14,3381.00 
2013-08-15,3381.00 
2013-08-16,3505.00 
2013-08-19,3523.00 
2013-08-20,3523.00 
2013-08-21,3505.00 
2013-08-22,3467.00 
2013-08-23,3454.00 
2013-08-26,3443.00 
2013-08-27,3438.00 
2013-08-28,3434.00 
2013-08-29,3385.00 
2013-08-30,3392.00 
2013-09-02,3470.00 
2013-09-03,3411.00 
2013-09-04,3407.00 
2013-09-05,3418.00 
2013-09-06,3418.00 
2013-09-09,3411.00 
2013-09-10,3405.00 
2013-09-11,3404.00 
2013-09-12,3403.00 
2013-09-13,3394.00 
2013-09-16,3389.00 
2013-09-17,3508.00 
2013-09-18,3506.00 
2013-09-23,3510.00 
2013-09-24,3505.00 
2013-09-25,3498.00 
2013-09-26,3486.00 
2013-09-27,3461.00 
2013-09-30,3450.00 
2013-10-08,3419.00 
2013-10-09,3395.00 
2013-10-10,3385.00 
2013-10-11,3396.00 
2013-10-14,3386.00 
2013-10-15,3371.00 
2013-10-16,3363.00 
2013-10-17,3327.00 
2013-10-18,3301.00 
2013-10-21,3304.00 
2013-10-22,3285.00 
2013-10-23,3262.00 
2013-10-24,3253.00 
2013-10-25,3233.00 
2013-10-28,3203.00 
2013-10-29,3205.00 
2013-10-30,3218.00 
2013-10-31,3296.00 
2013-11-01,3296.00 
2013-11-04,3296.00 
2013-11-05,3309.00 
2013-11-06,3313.00 
2013-11-07,3400.00 
2013-11-08,3400.00 
2013-11-11,3400.00 
2013-11-12,3400.00 
2013-11-13,3400.00 
2013-11-14,3400.00 
2013-11-15,3400.00 
2013-11-18,3440.00 
2013-11-19,3448.00 
2013-11-20,3452.00 
2013-11-21,3458.00 
2013-11-22,3464.00 
2013-11-25,3477.00 
2013-11-26,3500.00 
2013-11-27,3493.00 
2013-11-28,3524.00 
2013-11-29,3487.00 
2013-12-02,3487.00 
2013-12-03,3549.00 
2013-12-04,3567.00 
2013-12-05,3500.00 
2013-12-06,3500.00 
2013-12-09,3500.00 
2013-12-10,3500.00 
2013-12-11,3500.00 
2013-12-12,3500.00 
2013-12-13,3500.00 
2013-12-16,3400.00 
2013-12-17,3545.00 
2013-12-18,3530.00 
2013-12-19,3540.00 
2013-12-20,3537.00 
2013-12-23,3506.00 
2013-12-24,3498.00 
2013-12-25,3465.00 
2013-12-26,3435.00 
2013-12-27,3439.00 
2013-12-30,3417.00 
2013-12-31,3344.00 
2014-01-02,3326.00 
2014-01-03,3315.00 
2014-01-06,3288.00 
2014-01-07,3220.00 
2014-01-08,3208.00 
2014-01-09,3228.00 
2014-01-10,3222.00 
2014-01-13,3225.00 
2014-01-14,3245.00 
2014-01-15,3267.00 
2014-01-16,3245.00 
2014-01-17,3267.00 
2014-01-20,3266.00 
2014-01-21,3232.00 
2014-01-22,3237.00 
2014-01-23,3255.00 
2014-01-24,3269.00 
2014-01-27,3239.00 
2014-01-28,3215.00 
2014-01-29,3215.00 
2014-01-30,3245.00 
2014-02-07,3195.00 
2014-02-10,3196.00 
2014-02-11,3196.00 
2014-02-12,3138.00 
2014-02-13,3140.00 
2014-02-14,3165.00 
2014-02-17,3190.00 
2014-02-18,3234.00 
2014-02-19,3229.00 
2014-02-20,3198.00 
2014-02-21,3176.00 
2014-02-24,3127.00 
2014-02-25,3130.00 
2014-02-26,3128.00 
2014-02-27,3125.00 
2014-02-28,3038.00 
2014-03-03,3038.00 
2014-03-04,3038.00 
2014-03-05,3099.00 
2014-03-06,3132.00 
2014-03-07,3132.00 
2014-03-10,3132.00 
2014-03-11,3046.00 
2014-03-12,3046.00 
2014-03-13,3100.00 
2014-03-14,3100.00 
2014-03-17,3100.00 
2014-03-18,3131.00 
2014-03-19,3160.00 
2014-03-20,3211.00 
2014-03-21,3227.00 
2014-03-24,3195.00 
2014-03-25,3214.00 
2014-03-26,3220.00 
2014-03-27,3231.00 
2014-03-28,3264.00 
2014-03-31,3318.00 
2014-04-01,3251.00 
2014-04-02,3251.00 
2014-04-03,3300.00 
2014-04-04,3300.00 
2014-04-08,3300.00 
2014-04-09,3300.00 
2014-04-10,3300.00 
2014-04-11,3300.00 
2014-04-14,3300.00 
2014-04-15,3300.00 
2014-04-16,3288.00 
2014-04-17,3279.00 
2014-04-18,3233.00 
2014-04-21,3230.00 
2014-04-22,3215.00 
2014-04-23,3246.00 
2014-04-24,3282.00 
2014-04-25,3277.00 
2014-04-28,3258.00 
2014-04-29,3315.00 
2014-04-30,3317.00 
2014-05-05,3308.00 
2014-05-06,3321.00 
2014-05-07,3321.00 
2014-05-08,3320.00 
2014-05-09,3324.00 
2014-05-12,3350.00 
2014-05-13,3354.00 
2014-05-14,3350.00 
2014-05-15,3352.00 
2014-05-16,3184.00 
2014-05-19,3141.00 
2014-05-20,3050.00 
2014-05-21,3033.00 
2014-05-22,3011.00 
2014-05-23,2995.00 
2014-05-26,3001.00 
2014-05-27,3022.00 
2014-05-28,3003.00 
2014-05-29,2995.00 
2014-05-30,2983.00 
2014-06-03,2894.00 
2014-06-04,2894.00 
2014-06-05,2894.00 
2014-06-06,2894.00 
2014-06-09,2780.00 
2014-06-10,2850.00 
2014-06-11,2850.00 
2014-06-12,2850.00 
2014-06-13,2850.00 
2014-06-16,2850.00 
2014-06-17,2830.00 
2014-06-18,2834.00 
2014-06-19,2853.00 
2014-06-20,2867.00 
2014-06-23,2896.00 
2014-06-24,2859.00 
2014-06-25,2878.00 
2014-06-26,2908.00 
2014-06-27,2866.00 
2014-06-30,2811.00 
2014-07-01,2750.00 
2014-07-02,2856.00 
2014-07-03,2856.00 
2014-07-04,2856.00 
2014-07-07,2856.00 
2014-07-08,2950.00 
2014-07-09,2940.00 
2014-07-10,2940.00 
2014-07-11,2900.00 
2014-07-14,2900.00 
2014-07-15,2920.00 
2014-07-16,3147.00 
2014-07-17,3189.00 
2014-07-18,3239.00 
2014-07-21,3200.00 
2014-07-22,3210.00 
2014-07-23,3202.00 
2014-07-24,3202.00 
2014-07-25,3238.00 
2014-07-28,3366.00 
2014-07-29,3229.00 
2014-07-30,3161.00 
2014-07-31,3053.00 
2014-08-01,3053.00 
2014-08-04,3060.00 
2014-08-05,3060.00 
2014-08-06,3060.00 
2014-08-07,3060.00 
2014-08-08,3060.00 
2014-08-11,3060.00 
2014-08-12,3060.00 
2014-08-13,3060.00 
2014-08-14,3060.00 
2014-08-15,3060.00 
2014-08-18,3053.00 
2014-08-19,3046.00 
2014-08-20,3033.00 
2014-08-21,3029.00 
2014-08-22,3036.00 
2014-08-25,3017.00 
2014-08-26,3010.00 
2014-08-27,3005.00 
2014-08-28,2921.00 
2014-08-29,2900.00 
2014-09-01,2824.00 
2014-09-02,2828.00 
2014-09-03,2828.00 
2014-09-04,2828.00 
2014-09-05,2828.00 
2014-09-09,2715.00 
2014-09-10,2707.00 
2014-09-11,2810.00 
2014-09-12,2855.00 
2014-09-15,2805.00 
2014-09-16,2706.00 
2014-09-17,2693.00 
2014-09-18,2672.00 
2014-09-19,2611.00 
2014-09-22,2535.00 
2014-09-23,2495.00 
2014-09-24,2516.00 
2014-09-25,2503.00 
2014-09-26,2533.00 
2014-09-29,2523.00 
2014-09-30,2502.00 
2014-10-08,2495.00 
2014-10-09,2497.00 
2014-10-10,2489.00 
2014-10-13,2544.00 
2014-10-14,2597.00 
2014-10-15,2572.00 
2014-10-16,2595.00 
2014-10-17,2585.00 
2014-10-20,2587.00 
2014-10-21,2595.00 
2014-10-22,2589.00 
2014-10-23,2571.00 
2014-10-24,2597.00 
2014-10-27,2621.00 
2014-10-28,2641.00 
2014-10-29,2649.00 
2014-10-30,2636.00 
2014-10-31,2654.00 
2014-11-03,2622.00 
2014-11-04,2622.00 
2014-11-05,2622.00 
2014-11-06,2650.00 
2014-11-07,2652.00 
2014-11-10,2645.00 
2014-11-11,2630.00 
2014-11-12,2642.00 
2014-11-13,2650.00 
2014-11-14,2650.00 
2014-11-17,2650.00 
2014-11-18,2623.00 
2014-11-19,2609.00 
2014-11-20,2590.00 
2014-11-21,2597.00 
2014-11-24,2606.00 
2014-11-25,2597.00 
2014-11-26,2597.00 
2014-11-27,2620.00 
2014-11-28,2644.00 
2014-12-01,2628.00 
2014-12-02,2657.00 
2014-12-03,2670.00 
2014-12-04,2670.00 
2014-12-05,2670.00 
2014-12-08,2670.00 
2014-12-09,2630.00 
2014-12-10,2630.00 
2014-12-11,2630.00 
2014-12-12,2630.00 
2014-12-15,2630.00 
2014-12-16,2643.00 
2014-12-17,2641.00 
2014-12-18,2643.00 
2014-12-19,2644.00 
2014-12-22,2600.00 
2014-12-23,2552.00 
2014-12-24,2563.00 
2014-12-25,2575.00 
2014-12-26,2574.00 
2014-12-29,2589.00 
2014-12-30,2636.00 
2014-12-31,2607.00 
2015-01-05,2569.00 
2015-01-06,2589.00 
2015-01-07,2577.00 
2015-01-08,2575.00 
2015-01-09,2564.00 
2015-01-12,2518.00 
2015-01-13,2471.00 
2015-01-14,2457.00 
2015-01-15,2370.00 
2015-01-16,2388.00 
2015-01-19,2341.00 
2015-01-20,2330.00 
2015-01-21,2323.00 
2015-01-22,2300.00 
2015-01-23,2296.00 
2015-01-26,2238.00 
2015-01-27,2220.00 
2015-01-28,2204.00 
2015-01-29,2212.00 
2015-01-30,2188.00 
2015-02-02,2175.00 
2015-02-03,2197.00 
2015-02-04,2208.00 
2015-02-05,2174.00 
2015-02-06,2173.00 
2015-02-09,2201.00 
2015-02-10,2200.00 
2015-02-11,2242.00 
2015-02-12,2233.00 
2015-02-13,2240.00 
2015-02-16,2247.00 
2015-02-17,2243.00 
2015-02-25,2217.00 
2015-02-26,2221.00 
2015-02-27,2208.00 
2015-03-02,2132.00 
2015-03-03,2141.00 
2015-03-04,2157.00 
2015-03-05,2148.00 
2015-03-06,2126.00 
2015-03-09,2139.00 
2015-03-10,2105.00 
2015-03-11,2111.00 
2015-03-12,2146.00 
2015-03-13,2160.00 
2015-03-16,2186.00 
2015-03-17,2295.00 
2015-03-18,2289.00 
2015-03-19,2296.00 
2015-03-20,2299.00 
2015-03-23,2344.00 
2015-03-24,2353.00 
2015-03-25,2382.00 
2015-03-26,2380.00 
2015-03-27,2355.00 
2015-03-30,2355.00 
2015-03-31,2287.00 
2015-04-01,2265.00 
2015-04-02,2300.00 
2015-04-03,2300.00 
2015-04-07,2202.00 
2015-04-08,2210.00 
2015-04-09,2210.00 
2015-04-10,2210.00 
2015-04-13,2259.00 
2015-04-14,2259.00 
2015-04-15,2259.00 
2015-04-16,2273.00 
2015-04-17,2290.00 
2015-04-20,2285.00 
2015-04-21,2249.00 
2015-04-22,2258.00 
2015-04-23,2266.00 
2015-04-24,2286.00 
2015-04-27,2285.00 
2015-04-28,2278.00 
2015-04-29,2247.00 
2015-04-30,2206.00 
2015-05-04,2203.00 
2015-05-05,2211.00 
2015-05-06,2208.00 
2015-05-07,2197.00 
2015-05-08,2174.00 
2015-05-11,2160.00 
2015-05-12,2084.00 
2015-05-13,2075.00 
2015-05-14,2080.00 
2015-05-15,2076.00 
2015-05-18,2154.00 
2015-05-19,2149.00 
2015-05-20,2121.00 
2015-05-21,2104.00 
2015-05-22,2102.00 
2015-05-25,2110.00 
2015-05-26,2100.00 
2015-05-27,2073.00 
2015-05-28,2054.00 
2015-05-29,2055.00 
2015-06-01,2072.00 
2015-06-02,2070.00 
2015-06-03,2042.00 
2015-06-04,2069.00 
2015-06-05,2097.00 
2015-06-08,2086.00 
2015-06-09,2047.00 
2015-06-10,2049.00 
2015-06-11,2032.00 
2015-06-12,2021.00 
2015-06-15,2000.00 
2015-06-16,2060.00 
2015-06-17,2032.00 
2015-06-18,2027.00 
2015-06-19,2028.00 
2015-06-23,2018.00 
2015-06-24,2017.00 
2015-06-25,2007.00 
2015-06-26,1963.00 
2015-06-29,1919.00 
2015-06-30,1877.00 
2015-07-01,1852.00 
2015-07-02,1852.00 
2015-07-03,1852.00 
2015-07-06,1800.00 
2015-07-07,1735.00 
2015-07-08,1711.00 
2015-07-09,1711.00 
2015-07-10,1720.00 
2015-07-13,1740.00 
2015-07-14,1740.00 
2015-07-15,1740.00 
2015-07-16,1918.00 
2015-07-17,1922.00 
2015-07-20,1942.00 
2015-07-21,1978.00 
2015-07-22,1969.00 
2015-07-23,1932.00 
2015-07-24,1937.00 
2015-07-27,1952.00 
2015-07-28,1978.00 
2015-07-29,2017.00 
2015-07-30,2027.00 
2015-07-31,2043.00 
2015-08-03,2033.00 
2015-08-04,2133.00 
2015-08-05,2222.00 
2015-08-06,2165.00 
2015-08-07,2233.00 
2015-08-10,2180.00 
2015-08-11,2072.00 
2015-08-12,2072.00 
2015-08-13,2100.00 
2015-08-14,2150.00 
2015-08-17,2150.00 
2015-08-18,2094.00 
2015-08-19,2082.00 
2015-08-20,2055.00 
2015-08-21,2040.00 
2015-08-24,1967.00 
2015-08-25,1963.00 
2015-08-26,1974.00 
2015-08-27,1960.00 
2015-08-28,1969.00 
2015-08-31,1935.00 
2015-09-01,2020.00 
2015-09-02,1980.00 
2015-09-07,1975.00 
2015-09-08,1978.00 
2015-09-09,1963.00 
2015-09-10,1971.00 
2015-09-11,1970.00 
2015-09-14,1970.00 
2015-09-15,1901.00 
2015-09-16,1959.00 
2015-09-17,1966.00 
2015-09-18,1964.00 
2015-09-21,1957.00 
2015-09-22,1951.00 
2015-09-23,1956.00 
2015-09-24,1944.00 
2015-09-25,1934.00 
2015-09-28,1886.00 
2015-09-29,1856.00 
2015-09-30,1796.00 
2015-10-08,1779.00 
2015-10-09,1783.00 
2015-10-12,1752.00 
2015-10-13,1746.00 
2015-10-14,1765.00 
2015-10-15,1753.00 
2015-10-16,1775.00 
2015-10-19,1768.00 
2015-10-20,1754.00 
2015-10-21,1752.00 
2015-10-22,1761.00 
2015-10-23,1766.00 
2015-10-26,1760.00 
2015-10-27,1770.00 
2015-10-28,1771.00 
2015-10-29,1772.00 
2015-10-30,1764.00 
2015-11-02,1777.00 
2015-11-03,1784.00 
2015-11-04,1806.00 
2015-11-05,1806.00 
2015-11-06,1806.00 
2015-11-09,1806.00 
2015-11-10,1806.00 
2015-11-11,1805.00 
2015-11-12,1751.00 
2015-11-13,1780.00 
2015-11-16,1780.00 
2015-11-17,1790.00 
2015-11-18,1767.00 
2015-11-19,1750.00 
2015-11-20,1760.00 
2015-11-23,1749.00 
2015-11-24,1751.00 
2015-11-25,1752.00 
2015-11-26,1751.00 
2015-11-27,1721.00 
2015-11-30,1687.00 
2015-12-01,1660.00 
2015-12-02,1660.00 
2015-12-03,1738.00 
2015-12-04,1680.00 
2015-12-07,1596.00 
2015-12-08,1580.00 
2015-12-09,1580.00 
2015-12-10,1580.00 
2015-12-11,1600.00 
2015-12-14,1600.00 
2015-12-15,1600.00 
2015-12-16,1641.00 
2015-12-17,1682.00 
2015-12-18,1700.00 
2015-12-21,1761.00 
2015-12-22,1809.00 
2015-12-23,1788.00 
2015-12-24,1813.00 
2015-12-25,1817.00 
2015-12-28,1810.00 
2015-12-29,1835.00 
2015-12-30,1848.00 
2015-12-31,1841.00 
2016-01-04,1856.00 
2016-01-05,1833.00 
2016-01-06,1855.00 
2016-01-07,1848.00 
2016-01-08,1829.00 
2016-01-11,1821.00 
2016-01-12,1775.00 
2016-01-13,1683.00 
2016-01-14,1739.00 
2016-01-15,1706.00 
2016-01-18,1774.00 
2016-01-19,1804.00 
2016-01-20,1805.00 
2016-01-21,1797.00 
2016-01-22,1803.00 
2016-01-25,1803.00 
2016-01-26,1800.00 
2016-01-27,1800.00 
2016-01-28,1777.00 
2016-01-29,1763.00 
2016-02-01,1792.00 
2016-02-02,1766.00 
2016-02-03,1767.00 
2016-02-04,1771.00 
2016-02-05,1773.00 
2016-02-15,1732.00 
2016-02-16,1801.00 
2016-02-17,1804.00 
2016-02-18,1811.00 
2016-02-19,1820.00 
2016-02-22,1873.00 
2016-02-23,1883.00 
2016-02-24,1872.00 
2016-02-25,1874.00 
2016-02-26,1844.00 
2016-02-29,1831.00 
2016-03-01,1833.00 
2016-03-02,1858.00 
2016-03-03,1844.00 
2016-03-04,1859.00 
2016-03-07,1884.00 
2016-03-08,1999.00 
2016-03-09,2010.00 
2016-03-10,2010.00 
2016-03-11,2008.00 
2016-03-14,2008.00 
2016-03-15,2008.00 
2016-03-16,2043.00 
2016-03-17,2086.00 
2016-03-18,2139.00 
2016-03-21,2165.00 
2016-03-22,2203.00 
2016-03-23,2266.00 
2016-03-24,2261.00 
2016-03-25,2295.00 
2016-03-28,2328.00 
2016-03-29,2300.00 
2016-03-30,2268.00 
2016-03-31,2275.00 
2016-04-01,2292.00 
2016-04-05,2328.00 
2016-04-06,2328.00 
2016-04-07,2427.00 
2016-04-08,2426.00 
2016-04-11,2482.00 
2016-04-12,2450.00 
2016-04-13,2490.00 
2016-04-14,2415.00 
2016-04-15,2450.00 
2016-04-18,2458.00 
2016-04-19,2551.00 
2016-04-20,2671.00 
2016-04-21,2838.00 
2016-04-22,2796.00 
2016-04-25,2802.00 
2016-04-26,2747.00 
2016-04-27,2664.00 
2016-04-28,2630.00 
2016-04-29,2727.00 
2016-05-03,2760.00 
2016-05-04,2687.00 
2016-05-05,2600.00 
2016-05-06,2527.00 
2016-05-09,2458.00 
2016-05-10,2454.00 
2016-05-11,2594.00 
2016-05-12,2737.00 
2016-05-13,2572.00 
2016-05-16,2340.00 
2016-05-17,2133.00 
2016-05-18,2139.00 
2016-05-19,2106.00 
2016-05-20,2107.00 
2016-05-23,2025.00 
2016-05-24,2011.00 
2016-05-25,2009.00 
2016-05-26,2004.00 
2016-05-27,2022.00 
2016-05-30,1970.00 
2016-05-31,1931.00 
2016-06-01,1904.00 
2016-06-02,1878.00 
2016-06-03,1904.00 
2016-06-06,1929.00 
2016-06-07,2000.00 
2016-06-08,2000.00 
2016-06-13,2000.00 
2016-06-14,2000.00 
2016-06-15,2000.00 
2016-06-16,2066.00 
2016-06-17,2046.00 
2016-06-20,2063.00 
2016-06-21,2083.00 
2016-06-22,2110.00 
2016-06-23,2111.00 
2016-06-24,2099.00 
2016-06-27,2138.00 
2016-06-28,2166.00 
2016-06-29,2151.00 
2016-06-30,2208.00 
2016-07-01,2208.00 
2016-07-04,2208.00 
2016-07-05,2210.00 
2016-07-06,2202.00 
2016-07-07,2202.00 
2016-07-08,2202.00 
2016-07-11,2191.00 
2016-07-12,2220.00 
2016-07-13,2266.00 
2016-07-14,2266.00 
2016-07-15,2266.00 
2016-07-18,2358.00 
2016-07-19,2262.00 
2016-07-20,2263.00 
2016-07-21,2336.00 
2016-07-22,2335.00 
2016-07-25,2323.00 
2016-07-26,2290.00 
2016-07-27,2314.00 
2016-07-28,2339.00 
2016-07-29,2343.00 
2016-08-01,2343.00 
2016-08-02,2343.00 
2016-08-03,2380.00 
2016-08-04,2380.00 
2016-08-05,2381.00 
2016-08-08,2381.00 
2016-08-09,2381.00 
2016-08-10,2420.00 
2016-08-11,2420.00 
2016-08-12,2509.00 
2016-08-15,2509.00 
2016-08-16,2605.00 
2016-08-17,2589.00 
2016-08-18,2544.00 
2016-08-19,2519.00 
2016-08-22,2487.00 
2016-08-23,2496.00 
2016-08-24,2502.00 
2016-08-25,2503.00 
2016-08-26,2501.00 
2016-08-29,2459.00 
2016-08-30,2448.00 
2016-08-31,2378.00 
2016-09-01,2409.00 
2016-09-02,2416.00 
2016-09-05,2398.00 
2016-09-06,2399.00 
2016-09-07,2370.00 
2016-09-08,2365.00 
2016-09-09,2301.00 
2016-09-12,2260.00 
2016-09-13,2204.00 
2016-09-14,2238.00 
2016-09-19,2287.00 
2016-09-20,2241.00 
2016-09-21,2249.00 
2016-09-22,2276.00 
2016-09-23,2279.00 
2016-09-26,2293.00 
2016-09-27,2235.00 
2016-09-28,2222.00 
2016-09-29,2230.00 
2016-09-30,2168.00 
2016-10-10,2169.00 
2016-10-11,2205.00 
2016-10-12,2237.00 
2016-10-13,2240.00 
2016-10-14,2260.00 
2016-10-17,2322.00 
2016-10-18,2364.00 
2016-10-19,2412.00 
2016-10-20,2404.00 
2016-10-21,2423.00 
2016-10-24,2403.00 
2016-10-25,2444.00 
2016-10-26,2425.00 
2016-10-27,2391.00 
2016-10-28,2398.00 
2016-10-31,2415.00 
2016-11-01,2432.00 
2016-11-02,2486.00 
2016-11-03,2493.00 
2016-11-04,2572.00 
2016-11-07,2665.00 
2016-11-08,2650.00 
2016-11-09,2731.00 
2016-11-10,2724.00 
2016-11-11,2790.00 
2016-11-14,2736.00 
2016-11-15,2614.00 
2016-11-16,2864.00 
2016-11-17,2884.00 
2016-11-18,2873.00 
2016-11-21,2831.00 
2016-11-22,2916.00 
2016-11-23,2970.00 
2016-11-24,3062.00 
2016-11-25,3119.00 
2016-11-28,3182.00 
2016-11-29,3209.00 
2016-11-30,3044.00 
2016-12-01,3032.00 
2016-12-02,3053.00 
2016-12-05,3111.00 
2016-12-06,3140.00 
2016-12-07,3177.00 
2016-12-08,3194.00 
2016-12-09,3198.00 
2016-12-12,3198.00 
2016-12-13,3198.00 
2016-12-14,3198.00 
2016-12-15,3301.00 
2016-12-16,3309.00 
2016-12-19,3210.00 
2016-12-20,3113.00 
2016-12-21,3134.00 
2016-12-22,3140.00 
2016-12-23,3099.00 
2016-12-26,3030.00 
2016-12-27,2977.00 
2016-12-28,3006.00 
2016-12-29,2966.00 
2016-12-30,2954.00 
2017-01-03,2954.00 
2017-01-04,2941.00 
2017-01-05,2985.00 
2017-01-06,2987.00 
2017-01-09,3008.00 
2017-01-10,3121.00 
2017-01-11,3181.00 
2017-01-12,3208.00 
2017-01-13,3165.00 
2017-01-16,3300.00 
2017-01-17,3313.00 
2017-01-18,3319.00 
2017-01-19,3282.00 
2017-01-20,3274.00 
2017-01-23,3182.00 
2017-01-24,3279.00 
2017-01-25,3368.00 
2017-01-26,3307.00 
2017-02-03,3250.00 
2017-02-06,3140.00 
2017-02-07,3082.00 
2017-02-08,3275.00 
2017-02-09,3275.00 
2017-02-10,3275.00 
2017-02-13,3400.00 
2017-02-14,3636.00 
2017-02-15,3386.00 
2017-02-16,3546.00 
2017-02-17,3571.00 
2017-02-20,3644.00 
2017-02-21,3706.00 
2017-02-22,3654.00 
2017-02-23,3655.00 
2017-02-24,3563.00 
2017-02-27,3715.00 
2017-02-28,3871.00 
2017-03-01,3845.00 
2017-03-02,3845.00 
2017-03-03,3715.00 
2017-03-06,3640.00 
2017-03-07,3652.00 
2017-03-08,3652.00 
2017-03-09,3652.00 
2017-03-10,3632.00 
2017-03-13,3650.00 
2017-03-14,3750.00 
2017-03-15,3750.00 
2017-03-16,3804.00 
2017-03-17,3779.00 
2017-03-20,3799.00 
2017-03-21,3714.00 
2017-03-22,3656.00 
2017-03-23,3631.00 
2017-03-24,3619.00 
2017-03-27,3513.00 
2017-03-28,3517.00 
2017-03-29,3538.00 
2017-03-30,3619.00 
2017-03-31,3774.00 
2017-04-05,3811.00 
2017-04-06,3691.00 
2017-04-07,3510.00 
2017-04-10,3530.00 
2017-04-11,3517.00 
2017-04-12,3480.00 
2017-04-13,3480.00 
2017-04-14,3480.00 
2017-04-17,3480.00 
2017-04-18,3131.00 
2017-04-19,3084.00 
2017-04-20,3083.00 
2017-04-21,3134.00 
2017-04-24,3131.00 
2017-04-25,3183.00 
2017-04-26,3248.00 
2017-04-27,3285.00 
2017-04-28,3375.00 
2017-05-02,3470.00 
2017-05-03,3486.00 
2017-05-04,3456.00 
2017-05-05,3483.00 
2017-05-08,3577.00 
2017-05-09,3650.00 
2017-05-10,3824.00 
2017-05-11,3816.00 
2017-05-12,3643.00 
2017-05-15,3570.00 
2017-05-16,3365.00 
2017-05-17,3395.00 
2017-05-18,3449.00 
2017-05-19,3516.00 
2017-05-22,3653.00 
2017-05-23,3693.00 
2017-05-24,3691.00 
2017-05-25,3691.00 
2017-05-26,3719.00 
2017-05-31,3865.00 
2017-06-01,3999.00 
2017-06-02,3800.00 
2017-06-05,3550.00 
2017-06-06,3550.00 
2017-06-07,3795.00 
2017-06-08,3795.00 
2017-06-09,3795.00 
2017-06-12,3795.00 
2017-06-13,3800.00 
2017-06-14,3800.00 
2017-06-15,3800.00 
2017-06-16,3598.00 
2017-06-19,3599.00 
2017-06-20,3588.00 
2017-06-21,3549.00 
2017-06-22,3584.00 
2017-06-23,3576.00 
2017-06-26,3573.00 
2017-06-27,3581.00 
2017-06-28,3622.00 
2017-06-29,3605.00 
2017-06-30,3692.00 
2017-07-03,3800.00 
2017-07-04,3780.00 
2017-07-05,3770.00 
2017-07-06,3700.00 
2017-07-07,3650.00 
2017-07-10,3650.00 
2017-07-11,3650.00 
2017-07-12,3650.00 
2017-07-13,3650.00 
2017-07-14,3650.00 
2017-07-17,3650.00 
2017-07-18,3796.00 
2017-07-19,3816.00 
2017-07-20,3797.00 
2017-07-21,3776.00 
2017-07-24,3803.00 
2017-07-25,3891.00 
2017-07-26,3919.00 
2017-07-27,3897.00 
2017-07-28,3901.00 
2017-07-31,3992.00 
2017-08-01,3947.00 
2017-08-02,3947.00 
2017-08-03,3947.00 
2017-08-04,3950.00 
2017-08-07,3950.00 
2017-08-08,3963.00 
2017-08-09,3963.00 
2017-08-10,4209.00 
2017-08-11,4209.00 
2017-08-14,4209.00 
2017-08-15,4209.00 
2017-08-16,4013.00 
2017-08-17,4060.00 
2017-08-18,4070.00 
2017-08-21,4114.00 
2017-08-22,4139.00 
2017-08-23,4065.00 
2017-08-24,4085.00 
2017-08-25,4150.00 
2017-08-28,4135.00 
2017-08-29,4150.00 
2017-08-30,4121.00 
2017-08-31,4151.00 
2017-09-01,4233.00 
2017-09-04,4300.00 
2017-09-05,4303.00 
2017-09-06,4303.00 
2017-09-07,4300.00 
2017-09-08,4300.00 
2017-09-11,4364.00 
2017-09-12,4467.00 
2017-09-13,4467.00 
2017-09-14,4467.00 
2017-09-15,4467.00 
2017-09-18,4019.00 
2017-09-19,4057.00 
2017-09-20,4038.00 
2017-09-21,4023.00 
2017-09-22,3936.00 
2017-09-25,3909.00 
2017-09-26,3942.00 
2017-09-27,3903.00 
2017-09-28,3905.00 
2017-09-29,3913.00 
2017-10-09,3944.00 
2017-10-10,3845.00 
2017-10-11,3787.00 
2017-10-12,3787.00 
2017-10-13,3871.00 
2017-10-16,3905.00 
2017-10-17,3802.00 
2017-10-18,3765.00 
2017-10-19,3700.00 
2017-10-20,3768.00 
2017-10-23,3768.00 
2017-10-24,3797.00 
2017-10-25,3803.00 
2017-10-26,3739.00 
2017-10-27,3680.00 
2017-10-30,3641.00 
2017-10-31,3682.00 
2017-11-01,3701.00 
2017-11-02,3701.00 
2017-11-03,3743.00 
2017-11-06,3834.00 
2017-11-07,3889.00 
2017-11-08,3817.00 
2017-11-09,3891.00 
2017-11-10,3891.00 
2017-11-13,3950.00 
2017-11-14,3895.00 
2017-11-15,3977.00 
2017-11-16,4005.00 
2017-11-17,4000.00 
2017-11-20,3990.00 
2017-11-21,4015.00 
2017-11-22,4025.00 
2017-11-23,4092.00 
2017-11-24,4068.00 
2017-11-27,4152.00 
2017-11-28,4138.00 
2017-11-29,4147.00 
2017-11-30,4370.00 
2017-12-01,4351.00 
2017-12-04,4400.00 
2017-12-05,4595.00 
2017-12-06,4550.00 
2017-12-07,4330.00 
2017-12-08,4330.00 
2017-12-11,4330.00 
2017-12-12,4460.00 
2017-12-13,4460.00 
2017-12-14,4772.00 
2017-12-15,4772.00 
2017-12-18,4237.00 
2017-12-19,4213.00 
2017-12-20,4170.00 
2017-12-21,4198.00 
2017-12-22,4241.00 
2017-12-25,4206.00 
2017-12-26,4105.00 
2017-12-27,4100.00 
2017-12-28,4116.00 
2017-12-29,4215.00 
2018-01-02,4286.00 
2018-01-03,4268.00 
2018-01-04,4232.00 
2018-01-05,4192.00 
2018-01-08,4171.00 
2018-01-09,4182.00 
2018-01-10,4291.00 
2018-01-11,4386.00 
2018-01-12,4392.00 
2018-01-15,4687.00 
2018-01-16,3868.00 
2018-01-17,3843.00 
2018-01-18,3855.00 
2018-01-19,3900.00 
2018-01-22,3945.00 
2018-01-23,3901.00 
2018-01-24,3906.00 
2018-01-25,3937.00 
2018-01-26,3956.00 
2018-01-29,3970.00 
2018-01-30,3887.00 
2018-01-31,3866.00 
2018-02-01,3928.00 
2018-02-02,3930.00 
2018-02-05,3930.00 
2018-02-06,3910.00 
2018-02-07,3920.00 
2018-02-08,3930.00 
2018-02-09,3970.00 
2018-02-12,3924.00 
2018-02-13,3923.00 
2018-02-14,3935.00 
2018-02-22,3884.00 
2018-02-23,3904.00 
2018-02-26,4062.00 
2018-02-27,4127.00 
2018-02-28,4135.00 
2018-03-01,4195.00 
2018-03-02,4119.00 
2018-03-05,4122.00 
2018-03-06,4122.00 
2018-03-07,4182.00 
2018-03-08,4000.00 
2018-03-09,3890.00 
2018-03-12,4158.00 
2018-03-13,3980.00 
2018-03-14,3983.00 
2018-03-15,3984.00 
2018-03-16,3842.00 
2018-03-19,3769.00 
2018-03-20,3740.00 
2018-03-21,3716.00 
2018-03-22,3691.00 
2018-03-23,3525.00 
2018-03-26,3410.00 
2018-03-27,3417.00 
2018-03-28,3433.00 
2018-03-29,3409.00 
2018-03-30,3530.00 
2018-04-02,3668.00 
2018-04-03,3656.00 
2018-04-04,3656.00 
2018-04-09,3656.00 
2018-04-10,3656.00 
2018-04-11,3700.00 
2018-04-12,3700.00 
2018-04-13,3700.00 
2018-04-16,3700.00 
2018-04-17,3686.00 
2018-04-18,3724.00 
2018-04-19,3760.00 
2018-04-20,3748.00 
2018-04-23,3783.00 
2018-04-24,3868.00 
2018-04-25,3889.00 
2018-04-26,3906.00 
2018-04-27,3938.00 
2018-05-02,4028.00 
2018-05-03,4057.00 
2018-05-04,4040.00 
2018-05-07,4087.00 
2018-05-08,4105.00 
2018-05-09,4072.00 
2018-05-10,4066.00 
2018-05-11,4010.00 
2018-05-14,4010.00 
2018-05-15,4007.00 
2018-05-16,4087.00 
2018-05-17,4082.00 
2018-05-18,4080.00 
2018-05-21,4083.00 
2018-05-22,4071.00 
2018-05-23,4035.00 
2018-05-24,4015.00 
2018-05-25,4029.00 
2018-05-28,4021.00 
2018-05-29,4019.00 
2018-05-30,4055.00 
2018-05-31,4130.00 
2018-06-01,4174.00 
2018-06-04,4199.00 
2018-06-05,4199.00 
2018-06-06,4255.00 
2018-06-07,4273.00 
2018-06-08,4273.00 
2018-06-11,4233.00 
2018-06-12,4500.00 
2018-06-13,4500.00 
2018-06-14,4500.00 
2018-06-15,4500.00 
2018-06-19,4145.00 
2018-06-20,4118.00 
2018-06-21,4155.00 
2018-06-22,4121.00 
2018-06-25,4108.00 
2018-06-26,4106.00 
2018-06-27,4126.00 
2018-06-28,4242.00 
2018-06-29,4184.00 
2018-07-02,4216.00 
2018-07-03,4134.00 
2018-07-04,4007.00 
2018-07-05,4030.00 
2018-07-06,4026.00 
2018-07-09,4026.00 
2018-07-10,3955.00 
2018-07-11,4030.00 
2018-07-12,4030.00 
2018-07-13,4030.00 
2018-07-16,4030.00 
2018-07-17,4082.00 
2018-07-18,4081.00 
2018-07-19,4087.00 
2018-07-20,4068.00 
2018-07-23,4092.00 
2018-07-24,4127.00 
2018-07-25,4140.00 
2018-07-26,4118.00 
2018-07-27,4164.00 
2018-07-30,4184.00 
2018-07-31,4157.00 
2018-08-01,4157.00 
2018-08-02,4157.00 
2018-08-03,4157.00 
2018-08-06,4157.00 
2018-08-07,4157.00 
2018-08-08,4200.00 
2018-08-09,4200.00 
2018-08-10,4200.00 
2018-08-13,4200.00 
2018-08-14,4200.00 
2018-08-15,4200.00 
2018-08-16,4392.00 
2018-08-17,4469.00 
2018-08-20,4523.00 
2018-08-21,4519.00 
2018-08-22,4485.00 
2018-08-23,4441.00 
2018-08-24,4438.00 
2018-08-27,4442.00 
2018-08-28,4478.00 
2018-08-29,4501.00 
2018-08-30,4498.00 
2018-08-31,4579.00 
2018-09-03,4694.00 
2018-09-04,4690.00 
2018-09-05,4685.00 
2018-09-06,4685.00 
2018-09-07,4777.00 
2018-09-10,4780.00 
2018-09-11,4661.00 
2018-09-12,4661.00 
2018-09-13,4661.00 
2018-09-14,4661.00 
2018-09-17,4661.00 
2018-09-18,4524.00 
2018-09-19,4549.00 
2018-09-20,4551.00 
2018-09-21,4564.00 
2018-09-25,4550.00 
2018-09-26,4541.00 
2018-09-27,4569.00 
2018-09-28,4527.00 
2018-10-08,4600.00 
2018-10-09,4645.00 
2018-10-10,4708.00 
2018-10-11,4729.00 
2018-10-12,4684.00 
2018-10-15,4743.00 
2018-10-16,4532.00 
2018-10-17,4546.00 
2018-10-18,4536.00 
2018-10-19,4508.00 
2018-10-22,4567.00 
2018-10-23,4563.00 
2018-10-24,4572.00 
2018-10-25,4566.00 
2018-10-26,4570.00 
2018-10-29,4574.00 
2018-10-30,4561.00 
2018-10-31,4612.00 
2018-11-01,4546.00 
2018-11-02,4540.00 
2018-11-05,4540.00 
2018-11-06,4509.00 
2018-11-07,4490.00 
2018-11-08,4490.00 
2018-11-09,4490.00 
2018-11-12,4356.00 
2018-11-13,4280.00 
2018-11-14,4280.00 
2018-11-15,4280.00 
2018-11-16,4317.00 
2018-11-19,4227.00 
2018-11-20,4074.00 
2018-11-21,3948.00 
2018-11-22,3987.00 
2018-11-23,3909.00 
2018-11-26,3723.00 
2018-11-27,3686.00 
2018-11-28,3658.00 
2018-11-29,3621.00 
2018-11-30,3512.00 
2018-12-03,3700.00 
2018-12-04,3720.00 
2018-12-05,3720.00 
2018-12-06,3699.00 
2018-12-07,3592.00 
2018-12-10,3542.00 
2018-12-11,3542.00 
2018-12-12,3542.00 
2018-12-13,3542.00 
2018-12-14,3542.00 
2018-12-17,3542.00 
2018-12-18,3752.00 
2018-12-19,3769.00 
2018-12-20,3782.00 
2018-12-21,3829.00 
2018-12-24,3816.00 
2018-12-25,3805.00 
2018-12-26,3836.00 
2018-12-27,3893.00 
2018-12-28,3870.00 
2019-01-02,3832.00 
2019-01-03,3851.00 
2019-01-04,3863.00 
2019-01-07,3856.00 
2019-01-08,3862.00 
2019-01-09,3814.00 
2019-01-10,3656.00 
2019-01-11,3644.00 
2019-01-14,3656.00 
2019-01-15,3611.00 
2019-01-16,3601.00 
2019-01-17,3631.00 
2019-01-18,3679.00 
2019-01-21,3702.00 
2019-01-22,3724.00 
2019-01-23,3695.00 
2019-01-24,3716.00 
2019-01-25,3766.00 
2019-01-28,3772.00 
2019-01-29,3759.00 
2019-01-30,3781.00 
2019-01-31,3821.00 
2019-02-01,3826.00 
2019-02-11,3906.00 
2019-02-12,3818.00 
2019-02-13,3818.00 
2019-02-14,3821.00 
2019-02-15,3721.00 
2019-02-18,3767.00 
2019-02-19,3756.00 
2019-02-20,3737.00 
2019-02-21,3771.00 
2019-02-22,3783.00 
2019-02-25,3800.00 
2019-02-26,3744.00 
2019-02-27,3787.00 
2019-02-28,3797.00 
2019-03-01,3837.00 
2019-03-04,3905.00 
2019-03-05,3860.00 
2019-03-06,3807.00 
2019-03-07,3834.00 
2019-03-08,3825.00 
2019-03-11,3795.00 
2019-03-12,3802.00 
2019-03-13,3846.00 
2019-03-14,3819.00 
2019-03-15,3837.00 
2019-03-18,3783.00 
2019-03-19,3807.00 
2019-03-20,3802.00 
2019-03-21,3812.00 
2019-03-22,3778.00 
2019-03-25,3749.00 
2019-03-26,3702.00 
2019-03-27,3724.00 
2019-03-28,3721.00 
2019-03-29,3732.00 
2019-04-01,3800.00 
2019-04-02,3813.00 
2019-04-03,3869.00 
2019-04-04,3841.00 
2019-04-08,4007.00 
2019-04-09,4007.00 
2019-04-10,4019.00 
2019-04-11,4019.00 
2019-04-12,4120.00 
2019-04-15,4120.00 
2019-04-16,4150.00 
2019-04-17,4152.00 
2019-04-18,4122.00 
2019-04-19,4108.00 
2019-04-22,4156.00 
2019-04-23,4157.00 
2019-04-24,4135.00 
2019-04-25,4143.00 
2019-04-26,4145.00 
2019-04-29,4179.00 
2019-04-30,4192.00 
2019-05-06,4151.00 
2019-05-07,4162.00 
2019-05-08,4139.00 
2019-05-09,4130.00 
2019-05-10,4139.00 
2019-05-13,4151.00 
2019-05-14,4190.00 
2019-05-15,4186.00 
2019-05-16,3941.00 
2019-05-17,3951.00 
2019-05-20,3928.00 
2019-05-21,3957.00 
2019-05-22,4006.00 
2019-05-23,3968.00 
2019-05-24,3963.00 
2019-05-27,3961.00 
2019-05-28,3942.00 
2019-05-29,3913.00 
2019-05-30,3888.00 
2019-05-31,3834.00 
2019-06-03,3768.00 
2019-06-04,3765.00 
2019-06-05,3765.00 
2019-06-06,3648.00 
2019-06-10,3680.00 
2019-06-11,3750.00 
2019-06-12,3760.00 
2019-06-13,3760.00 
2019-06-14,3730.00 
2019-06-17,3719.00 
2019-06-18,3703.00 
2019-06-19,3727.00 
2019-06-20,3760.00 
2019-06-21,3751.00 
2019-06-24,3791.00 
2019-06-25,3829.00 
2019-06-26,3811.00 
2019-06-27,3830.00 
2019-06-28,3780.00 
2019-07-01,3835.00 
2019-07-02,3830.00 
2019-07-03,3825.00 
2019-07-04,3850.00 
2019-07-05,3849.00 
2019-07-08,3777.00 
2019-07-09,3814.00 
2019-07-10,3792.00 
2019-07-11,3750.00 
2019-07-12,3760.00 
2019-07-15,3742.00 
2019-07-16,4122.00 
2019-07-17,4104.00 
2019-07-18,4089.00 
2019-07-19,4060.00 
2019-07-22,4060.00 
2019-07-23,4037.00 
2019-07-24,4031.00 
2019-07-25,4063.00 
2019-07-26,4085.00 
2019-07-29,4069.00 
2019-07-30,4063.00 
2019-07-31,4064.00 
2019-08-01,4064.00 
2019-08-02,4057.00 
2019-08-05,4003.00 
2019-08-06,3990.00 
2019-08-07,3990.00 
2019-08-08,3990.00 
2019-08-09,3990.00 
2019-08-12,3990.00 
2019-08-13,3990.00 
2019-08-14,3990.00 
2019-08-15,3990.00 
2019-08-16,3785.00 
2019-08-19,3785.00 
2019-08-20,3786.00 
2019-08-21,3726.00 
2019-08-22,3744.00 
2019-08-23,3770.00 
2019-08-26,3728.00 
2019-08-27,3682.00 
2019-08-28,3629.00 
2019-08-29,3632.00 
2019-08-30,3625.00 
2019-09-02,3700.00 
2019-09-03,3696.00 
2019-09-04,3696.00 
2019-09-05,3785.00 
2019-09-06,3770.00 
2019-09-09,3767.00 
2019-09-10,3781.00 
2019-09-11,3770.00 
2019-09-12,3789.00 
2019-09-16,3803.00 
2019-09-17,3827.00 
2019-09-18,3817.00 
2019-09-19,3777.00 
2019-09-20,3706.00 
2019-09-23,3722.00 
2019-09-24,3785.00 
2019-09-25,3771.00 
2019-09-26,3745.00 
2019-09-27,3692.00 
2019-09-30,3691.00 
2019-10-08,3660.00 
2019-10-09,3642.00 
2019-10-10,3607.00 
2019-10-11,3605.00 
2019-10-14,3620.00 
2019-10-15,3612.00 
2019-10-16,3480.00 
2019-10-17,3477.00 
2019-10-18,3440.00 
2019-10-21,3437.00 
2019-10-22,3449.00 
2019-10-23,3488.00 
2019-10-24,3466.00 
2019-10-25,3485.00 
2019-10-28,3470.00 
2019-10-29,3484.00 
2019-10-30,3468.00 
2019-10-31,3494.00 
2019-11-01,3494.00 
2019-11-04,3509.00 
2019-11-05,3600.00 
2019-11-06,3600.00 
2019-11-07,3700.00 
2019-11-08,3700.00 
2019-11-11,3690.00 
2019-11-12,3690.00 
2019-11-13,3690.00 
2019-11-14,3690.00 
2019-11-15,3700.00 
2019-11-18,3674.00 
2019-11-19,3720.00 
2019-11-20,3804.00 
2019-11-21,3807.00 
2019-11-22,3810.00 
2019-11-25,3886.00 
2019-11-26,3892.00 
2019-11-27,3913.00 
2019-11-28,3939.00 
2019-11-29,3938.00 
2019-12-02,3952.00 
2019-12-03,3760.00 
2019-12-04,3760.00 
2019-12-05,3800.00 
2019-12-06,3800.00 
2019-12-09,4000.00 
2019-12-10,4000.00 
2019-12-11,4000.00 
2019-12-12,4240.00 
2019-12-13,4240.00 
2019-12-16,3985.00 
2019-12-17,3689.00 
2019-12-18,3692.00 
2019-12-19,3703.00 
2019-12-20,3722.00 
2019-12-23,3739.00 
2019-12-24,3730.00 
2019-12-25,3714.00 
2019-12-26,3710.00 
2019-12-27,3748.00 
2019-12-30,3774.00 
2019-12-31,3796.00 
2020-01-02,3760.00 
2020-01-03,3747.00 
2020-01-06,3755.00 
2020-01-07,3748.00 
2020-01-08,3759.00 
2020-01-09,3764.00 
2020-01-10,3848.00 
2020-01-13,3837.00 
2020-01-14,3884.00 
2020-01-15,3875.00 
2020-01-16,3682.00 
2020-01-17,3686.00 
2020-01-20,3699.00 
2020-01-21,3685.00 
2020-01-22,3665.00 
2020-01-23,3626.00 
2020-02-03,3374.00 
2020-02-04,3352.00 
2020-02-05,3372.00 
2020-02-06,3368.00 
2020-02-07,3368.00 
2020-02-10,3380.00 
2020-02-11,3380.00 
2020-02-12,3380.00 
2020-02-13,3380.00 
2020-02-14,3378.00 
2020-02-17,3378.00 
2020-02-18,3385.00 
2020-02-19,3374.00 
2020-02-20,3399.00 
2020-02-21,3423.00 
2020-02-24,3451.00 
2020-02-25,3473.00 
2020-02-26,3461.00 
2020-02-27,3458.00 
2020-02-28,3390.00 
2020-03-02,3417.00 
2020-03-03,3431.00 
2020-03-04,3457.00 
2020-03-05,3471.00 
2020-03-06,3466.00 
2020-03-09,3437.00 
2020-03-10,3465.00 
2020-03-11,3452.00 
2020-03-12,3486.00 
2020-03-13,3452.00 
2020-03-16,3516.00 
2020-03-17,3512.00 
2020-03-18,3510.00 
2020-03-19,3432.00 
2020-03-20,3440.00 
2020-03-23,3392.00 
2020-03-24,3380.00 
2020-03-25,3422.00 
2020-03-26,3445.00 
2020-03-27,3438.00 
2020-03-30,3393.00 
2020-03-31,3431.00 
2020-04-01,3351.00 
2020-04-02,3300.00 
2020-04-03,3297.00 
2020-04-07,3322.00 
2020-04-08,3323.00 
2020-04-09,3326.00 
2020-04-10,3450.00 
2020-04-13,3450.00 
2020-04-14,3470.00 
2020-04-15,3420.00 
2020-04-16,3533.00 
2020-04-17,3556.00 
2020-04-20,3541.00 
2020-04-21,3503.00 
2020-04-22,3506.00 
2020-04-23,3525.00 
2020-04-24,3512.00 
2020-04-27,3517.00 
2020-04-28,3492.00 
2020-04-29,3490.00 
2020-04-30,3506.00 
2020-05-06,3544.00 
2020-05-07,3574.00 
2020-05-08,3575.00 
2020-05-11,3460.00 
2020-05-12,3400.00 
2020-05-13,3419.00 
2020-05-14,3415.00 
2020-05-15,3399.00 
2020-05-18,3534.00 
2020-05-19,3552.00 
2020-05-20,3530.00 
2020-05-21,3553.00 
2020-05-22,3599.00 
2020-05-25,3599.00 
2020-05-26,3568.00 
2020-05-27,3504.00 
2020-05-28,3428.00 
2020-05-29,3504.00 
2020-06-01,3504.00 
2020-06-02,3537.00 
2020-06-03,3537.00 
2020-06-04,3537.00 
2020-06-05,3537.00 
2020-06-08,3600.00 
2020-06-09,3600.00 
2020-06-10,3600.00 
2020-06-11,3600.00 
2020-06-12,3600.00 
2020-06-15,3600.00 
2020-06-16,3706.00 
2020-06-17,3693.00 
2020-06-18,3736.00 
2020-06-19,3720.00 
2020-06-22,3719.00 
2020-06-23,3724.00 
2020-06-24,3733.00 
2020-06-29,3675.00 
2020-06-30,3699.00 
2020-07-01,3655.00 
2020-07-02,3655.00 
2020-07-03,3655.00 
2020-07-06,3655.00 
2020-07-07,3655.00 
2020-07-08,3632.00 
2020-07-09,3660.00 
2020-07-10,3620.00 
2020-07-13,3651.00 
2020-07-14,3651.00 
2020-07-15,3651.00 
2020-07-16,3695.00 
2020-07-17,3675.00 
2020-07-20,3707.00 
2020-07-21,3718.00 
2020-07-22,3754.00 
2020-07-23,3796.00 
2020-07-24,3788.00 
2020-07-27,3809.00 
2020-07-28,3826.00 
2020-07-29,3831.00 
2020-07-30,3836.00 
2020-07-31,3802.00 
2020-08-03,3780.00 
2020-08-04,3771.00 
2020-08-05,3771.00 
2020-08-06,3771.00 
2020-08-07,3771.00 
2020-08-10,3771.00 
2020-08-11,3760.00 
2020-08-12,3718.00 
2020-08-13,3718.00 
2020-08-14,3718.00 
2020-08-17,3718.00 
2020-08-18,3791.00 
2020-08-19,3772.00 
2020-08-20,3728.00 
2020-08-21,3737.00 
2020-08-24,3748.00 
2020-08-25,3746.00 
2020-08-26,3734.00 
2020-08-27,3735.00 
2020-08-28,3726.00 
2020-08-31,3773.00 
2020-09-01,3760.00 
2020-09-02,3757.00 
2020-09-03,3815.00 
2020-09-04,3765.00 
2020-09-07,3778.00 
2020-09-08,3778.00 
2020-09-09,3771.00 
2020-09-10,3710.00 
2020-09-11,3728.00 
2020-09-14,3848.00 
2020-09-15,3705.00 
2020-09-16,3680.00 
2020-09-17,3662.00 
2020-09-18,3670.00 
2020-09-21,3628.00 
2020-09-22,3607.00 
2020-09-23,3618.00 
2020-09-24,3629.00 
2020-09-25,3624.00 
2020-09-28,3617.00 
2020-09-29,3613.00 
2020-09-30,3613.00 
2020-10-09,3637.00 
2020-10-12,3622.00 
2020-10-13,3619.00 
2020-10-14,3621.00 
2020-10-15,3620.00 
2020-10-16,3622.00 
2020-10-19,3643.00 
2020-10-20,3644.00 
2020-10-21,3656.00 
2020-10-22,3665.00 
2020-10-23,3678.00 
2020-10-26,3636.00 
2020-10-27,3630.00 
2020-10-28,3657.00 
2020-10-29,3687.00 
2020-10-30,3748.00 
2020-11-02,3733.00 
2020-11-03,3758.00 
2020-11-04,3655.00 
2020-11-05,3712.00 
2020-11-06,3744.00 
2020-11-09,3744.00 
2020-11-10,3744.00 
2020-11-11,3968.00 
2020-11-12,3968.00 
2020-11-13,3968.00 
2020-11-16,3968.00 
2020-11-17,4097.00 
2020-11-18,4089.00 
2020-11-19,4112.00 
2020-11-20,4119.00 
2020-11-23,4100.00 
2020-11-24,4071.00 
2020-11-25,4084.00 
2020-11-26,4053.00 
2020-11-27,4060.00 
2020-11-30,4194.00 
2020-12-01,4258.00 
2020-12-02,4258.00 
2020-12-03,4258.00 
2020-12-04,4258.00 
2020-12-07,4258.00 
2020-12-08,4258.00 
2020-12-09,4258.00 
2020-12-10,4400.00 
2020-12-11,4400.00 
2020-12-14,4400.00 
2020-12-15,4400.00 
2020-12-16,4200.00 
2020-12-17,4256.00 
2020-12-18,4328.00 
2020-12-21,4461.00 
2020-12-22,4546.00 
2020-12-23,4366.00 
2020-12-24,4263.00 
2020-12-25,4209.00 
2020-12-28,4223.00 
2020-12-29,4180.00 
2020-12-30,4169.00 
2020-12-31,4220.00 
2021-01-04,4220.00 
2021-01-05,4234.00 
2021-01-06,4231.00 
2021-01-07,4244.00 
2021-01-08,4270.00 
2021-01-11,4242.00 
2021-01-12,4178.00 
2021-01-13,4163.00 
2021-01-14,4164.00 
2021-01-15,4206.00 
2021-01-18,4240.00 
2021-01-19,4189.00 
2021-01-20,4168.00 
2021-01-21,4192.00 
2021-01-22,4200.00 
2021-01-25,4166.00 
2021-01-26,4182.00 
2021-01-27,4222.00 
2021-01-28,4210.00 
2021-01-29,4191.00 
2021-02-01,4143.00 
2021-02-02,4105.00 
2021-02-03,4011.00 
2021-02-04,4126.00 
2021-02-05,4166.00 
2021-02-08,4241.00 
2021-02-09,4280.00 
2021-02-10,4294.00 
2021-02-18,4402.00 
2021-02-19,4399.00 
2021-02-22,4510.00 
2021-02-23,4499.00 
2021-02-24,4511.00 
2021-02-25,4622.00 
2021-02-26,4587.00 
2021-03-01,4563.00 
2021-03-02,4575.00 
2021-03-03,4748.00 
2021-03-04,4738.00 
2021-03-05,4592.00 
2021-03-08,4686.00 
2021-03-09,4620.00 
2021-03-10,4476.00 
2021-03-11,4478.00 
2021-03-12,4598.00 
2021-03-15,4585.00 
2021-03-16,4708.00 
2021-03-17,4706.00 
2021-03-18,4739.00 
2021-03-19,4702.00 
2021-03-22,4737.00 
2021-03-23,4672.00 
2021-03-24,4695.00 
2021-03-25,4745.00 
2021-03-26,4770.00 
2021-03-29,4849.00 
2021-03-30,4820.00 
2021-03-31,4832.00 
2021-04-01,4878.00 
2021-04-02,4960.00 
2021-04-06,5000.00 
2021-04-07,5000.00 
2021-04-08,5000.00 
2021-04-09,5000.00 
2021-04-12,4925.00 
2021-04-13,5010.00 
2021-04-14,5050.00 
2021-04-15,5021.00 
2021-04-16,5138.00 
2021-04-19,5117.00 
2021-04-20,5122.00 
2021-04-21,5161.00 
2021-04-22,5193.00 
2021-04-23,5210.00 
2021-04-26,5336.00 
2021-04-27,5366.00 
2021-04-28,5332.00 
2021-04-29,5363.00 
2021-04-30,5362.00 
2021-05-06,5460.00 
2021-05-07,5552.00 
2021-05-10,5740.00 
2021-05-11,5975.00 
2021-05-12,5947.00 
2021-05-13,5938.00 
2021-05-14,5594.00 
2021-05-17,5580.00 
2021-05-18,5528.00 
2021-05-19,5379.00 
2021-05-20,5056.00 
2021-05-21,5114.00 
2021-05-24,4960.00 
2021-05-25,4911.00 
2021-05-26,4728.00 
2021-05-27,4659.00 
2021-05-28,4755.00 
2021-05-31,4842.00 
2021-06-01,4795.00 
2021-06-02,4830.00 
2021-06-03,4850.00 
2021-06-04,4860.00 
2021-06-07,4878.00 
2021-06-08,4898.00 
2021-06-09,4898.00 
2021-06-10,4898.00 
2021-06-11,4900.00 
2021-06-15,4856.00 
2021-06-16,4966.00 
2021-06-17,4909.00 
2021-06-18,4981.00 
2021-06-21,4874.00 
2021-06-22,4760.00 
2021-06-23,4786.00 
2021-06-24,4868.00 
2021-06-25,4909.00 
2021-06-28,4909.00 
2021-06-29,4914.00 
2021-06-30,4893.00 
2021-07-01,4971.00 
2021-07-02,4908.00 
2021-07-05,4949.00 
2021-07-06,5005.00 
2021-07-07,4924.00 
2021-07-08,4950.00 
2021-07-09,4899.00 
2021-07-12,4876.00 
2021-07-13,4946.00 
2021-07-14,4950.00 
2021-07-15,5050.00 
2021-07-16,5452.00 
2021-07-19,5539.00 
2021-07-20,5461.00 
2021-07-21,5511.00 
2021-07-22,5521.00 
2021-07-23,5597.00 
2021-07-26,5612.00 
2021-07-27,5633.00 
2021-07-28,5633.00 
2021-07-29,5657.00 
2021-07-30,5705.00 
2021-08-02,5473.00 
2021-08-03,5391.00 
2021-08-04,5431.00 
2021-08-05,5456.00 
2021-08-06,5390.00 
2021-08-09,5308.00 
2021-08-10,5311.00 
2021-08-11,5353.00 
2021-08-12,5411.00 
2021-08-13,5343.00 
2021-08-16,5296.00 
2021-08-17,5224.00 
2021-08-18,5131.00 
2021-08-19,4947.00 
2021-08-20,4957.00 
2021-08-23,5069.00 
2021-08-24,5143.00 
2021-08-25,5159.00 
2021-08-26,5136.00 
2021-08-27,5074.00 
2021-08-30,5208.00 
2021-08-31,5233.00 
2021-09-01,5211.00 
2021-09-02,5226.00 
2021-09-03,5302.00 
2021-09-06,5354.00 
2021-09-07,5420.00 
2021-09-08,5413.00 
2021-09-09,5575.00 
2021-09-10,5604.00 
2021-09-13,5600.00 
2021-09-14,5572.00 
2021-09-15,5466.00 
2021-09-16,5607.00 
2021-09-17,5709.00 
2021-09-22,5875.00 
2021-09-23,5858.00 
2021-09-24,5811.00 
2021-09-27,5782.00 
2021-09-28,5823.00 
2021-09-29,5803.00 
2021-09-30,5835.00 
2021-10-08,5925.00 
2021-10-11,5922.00 
2021-10-12,5867.00 
2021-10-13,5702.00 
2021-10-14,5638.00 
2021-10-15,5687.00 
2021-10-18,5583.00 
2021-10-19,5625.00 
2021-10-20,5573.00 
2021-10-21,5363.00 
2021-10-22,5009.00 
2021-10-25,4970.00 
2021-10-26,4899.00 
2021-10-27,4837.00 
2021-10-28,4705.00 
2021-10-29,4806.00 
2021-11-01,4686.00 
2021-11-02,4481.00 
2021-11-03,4534.00 
2021-11-04,4477.00 
2021-11-05,4490.00 
2021-11-08,4533.00 
2021-11-09,4475.00 
2021-11-10,4326.00 
2021-11-11,4461.00 
2021-11-12,4350.00 
2021-11-15,4374.00 
2021-11-16,4330.00 
2021-11-17,4362.00 
2021-11-18,4307.00 
2021-11-19,4274.00 
2021-11-22,4313.00 
2021-11-23,4317.00 
2021-11-24,4350.00 
2021-11-25,4366.00 
2021-11-26,4300.00 
2021-11-29,4217.00 
2021-11-30,4176.00 
2021-12-01,4283.00 
2021-12-02,4301.00 
2021-12-03,4301.00 
2021-12-06,4380.00 
2021-12-07,4380.00 
2021-12-08,4380.00 
2021-12-09,4300.00 
2021-12-10,4303.00 
2021-12-13,4303.00 
2021-12-14,4303.00 
2021-12-15,4303.00 
2021-12-16,4674.00 
2021-12-17,4680.00 
2021-12-20,4685.00 
2021-12-21,4663.00 
2021-12-22,4657.00 
2021-12-23,4660.00 
2021-12-24,4692.00 
2021-12-27,4603.00 
2021-12-28,4564.00 
2021-12-29,4555.00 
2021-12-30,4568.00 
2021-12-31,4548.00 
