,trade_date,pe,pe_ttm,pb,ps,ps_ttm,dv_ratio,dv_ttm,total_mv
0,2022-04-13,,,2.1002,3.0397,3.1907,0.0,,228930.7146
1,2022-04-12,,,2.1587,3.1243,3.2794,0.0,,235300.6249
2,2022-04-11,,,2.118,3.0653,3.2176,0.0,,230860.9905
3,2022-04-08,,,2.2331,3.2319,3.3924,0.0,,243407.7834
4,2022-04-07,,,2.226,3.2217,3.3817,0.0,,242635.6731
5,2022-04-06,,,2.3234,3.3626,3.5296,0.0,,253252.1902
6,2022-04-01,,,2.3198,3.3575,3.5243,0.0,,252866.135
7,2022-03-31,,,2.3552,3.4087,3.5781,0.0,,256726.6867
8,2022-03-30,,,2.3836,3.4498,3.6211,0.0,,259815.1281
9,2022-03-29,,,2.357,3.4113,3.5807,0.0,,256919.7143
10,2022-03-28,,,2.442,3.5343,3.7099,0.0,,266185.0383
11,2022-03-25,,,2.4774,3.5856,3.7637,0.0,,270045.59
12,2022-03-24,,,2.4633,3.5651,3.7422,0.0,,268501.3693
13,2022-03-23,,,2.5235,3.6522,3.8336,0.0,,275064.3072
14,2022-03-22,,,2.5412,3.6779,3.8605,0.0,,276994.583
15,2022-03-21,,,2.5819,3.7368,3.9224,0.0,,281434.2175
16,2022-03-18,,,2.55,3.6907,3.874,0.0,,277959.721
17,2022-03-17,,,2.5748,3.7266,3.9116,0.0,,280662.1071
18,2022-03-16,,,2.4031,3.4779,3.6507,0.0,,261938.4315
19,2022-03-15,,,2.2897,3.3139,3.4785,0.0,,249584.6661
20,2022-03-14,,,2.3907,3.46,3.6319,0.0,,260587.2384
21,2022-03-11,,,2.5323,3.665,3.8471,0.0,,276029.4451
22,2022-03-10,,,2.5518,3.6932,3.8767,0.0,,278152.7485
23,2022-03-09,,,2.6014,3.765,3.952,0.0,,283557.5209
24,2022-03-08,,,2.5323,3.665,3.8471,0.0,,276029.4451
25,2022-03-07,,,2.4243,3.5087,3.683,0.0,,264254.7625
26,2022-03-04,,,2.4845,3.5958,3.7744,0.0,,270817.7004
27,2022-03-03,,,2.4881,3.601,3.7798,0.0,,271203.7555
28,2022-03-02,,,2.5217,3.6497,3.8309,0.0,,274871.2796
29,2022-03-01,,,2.5129,3.6369,3.8175,0.0,,273906.1417
30,2022-02-28,,,2.5235,3.6522,3.8336,0.0,,275064.3072
31,2022-02-25,,,2.5855,3.7419,3.9278,0.0,,281820.2726
32,2022-02-24,,,2.5022,3.6215,3.8013,0.0,,272747.9762
33,2022-02-23,,,2.5766,3.7291,3.9143,0.0,,280855.1347
34,2022-02-22,,,2.481,3.5907,3.7691,0.0,,270431.6452
35,2022-02-21,,,2.4934,3.6087,3.7879,0.0,,271782.8383
36,2022-02-18,,,2.4509,3.5471,3.7233,0.0,,267150.1763
37,2022-02-17,,,2.458,3.5574,3.7341,0.0,,267922.2866
38,2022-02-16,,,2.4704,3.5753,3.7529,0.0,,269273.4797
39,2022-02-15,,,2.4402,3.5318,3.7072,0.0,,265992.0108
40,2022-02-14,,,2.4473,3.542,3.718,0.0,,266764.1211
41,2022-02-11,,,2.3924,3.4626,3.6346,0.0,,260780.266
42,2022-02-10,,,2.4686,3.5728,3.7502,0.0,,269080.4521
43,2022-02-09,,,2.5075,3.6292,3.8094,0.0,,273327.0589
44,2022-02-08,,,2.4774,3.5856,3.7637,0.0,,270045.59
45,2022-02-07,,,2.4048,3.4805,3.6534,0.0,,262131.4591
46,2022-01-28,,,2.4987,3.6163,3.796,0.0,,272361.921
47,2022-01-27,,,2.3871,3.4549,3.6265,0.0,,260201.1832
48,2022-01-26,,,2.5129,3.6369,3.8175,0.0,,273906.1417
49,2022-01-25,,,2.4739,3.5805,3.7583,0.0,,269659.5348
50,2022-01-24,,,2.6386,3.8188,4.0085,0.0,,287611.1002
51,2022-01-21,,,2.6651,3.8573,4.0489,0.0,,290506.5139
52,2022-01-20,,,2.6758,3.8726,4.065,0.0,,291664.6794
53,2022-01-19,,,2.8139,4.0726,4.2748,0.0,,306720.831
54,2022-01-18,,,2.8281,4.0931,4.2964,0.0,,308265.0516
55,2022-01-17,,,2.9024,4.2007,4.4093,0.0,,316372.2102
56,2022-01-14,,,2.8865,4.1776,4.3851,0.0,,314634.9619
57,2022-01-13,,,2.952,4.2725,4.4847,0.0,,321776.9825
58,2022-01-12,,,2.8918,4.1853,4.3932,0.0,,315214.0447
59,2022-01-11,,,2.8263,4.0905,4.2937,0.0,,308072.0241
60,2022-01-10,,,2.8688,4.152,4.3582,0.0,,312704.6861
61,2022-01-07,,,2.8015,4.0546,4.256,0.0,,305369.6379
62,2022-01-06,,,2.89,4.1828,4.3905,0.0,,315021.0171
63,2022-01-05,,,2.844,4.1161,4.3206,0.0,,310002.2999
64,2022-01-04,,,2.8936,4.1879,4.3959,0.0,,315407.0723
65,2021-12-31,,,2.8812,4.1699,4.3771,0.4917,,314055.8792
66,2021-12-30,,,2.8653,4.1469,4.3529,0.4944,,312318.6309
67,2021-12-29,,,2.8706,4.1546,4.3609,0.4935,,312897.7137
68,2021-12-28,,,2.8511,4.1264,4.3313,0.4969,,310774.4102
69,2021-12-27,,,2.7661,4.0034,4.2022,0.5122,,301509.0862
70,2021-12-24,,,2.7307,3.9521,4.1484,0.5188,,297648.5345
71,2021-12-23,,,2.8157,4.0751,4.2775,0.5031,,306913.8586
72,2021-12-22,,,2.8777,4.1648,4.3717,0.4923,,313669.824
73,2021-12-21,,,2.89,4.1828,4.3905,0.4902,,315021.0171
74,2021-12-20,,,2.8511,4.1264,4.3313,0.4969,,310774.4102
75,2021-12-17,,,2.9308,4.2417,4.4524,0.4834,,319460.6515
76,2021-12-16,,,3.0459,4.4083,4.6273,0.4651,,332007.4445
77,2021-12-15,,,3.0282,4.3827,4.6004,0.4678,,330077.1686
78,2021-12-14,,,3.0831,4.4621,4.6838,0.4595,,336061.0237
79,2021-12-13,,,3.053,4.4186,4.638,0.464,,332779.5548
80,2021-12-10,,,3.1344,4.5365,4.7618,0.452,,341658.8237
81,2021-12-09,,,3.1238,4.5211,4.7456,0.4535,,340500.6582
82,2021-12-08,,,3.1167,4.5108,4.7349,0.4545,,339728.5478
83,2021-12-07,,,3.0618,4.4314,4.6515,0.4627,,333744.6927
84,2021-12-06,,,3.1114,4.5031,4.7268,0.4553,,339149.4651
85,2021-12-03,,,3.2389,4.6877,4.9205,0.4374,,353047.4511
86,2021-12-02,,,3.2212,4.662,4.8936,0.4398,,351117.1753
87,2021-12-01,,,3.4054,4.9286,5.1734,0.416,,371192.044
88,2021-11-30,,,3.3381,4.8312,5.0712,0.4244,,363856.9958
89,2021-11-29,,,3.4797,5.0362,5.2864,0.4071,,379299.2026
90,2021-11-26,,,3.3912,4.9081,5.1519,0.4178,,369647.8234
91,2021-11-25,,,3.2779,4.7441,4.9797,0.4322,,357294.058
92,2021-11-24,,,3.292,4.7646,5.0012,0.4303,,358838.2787
93,2021-11-23,,,3.3292,4.8184,5.0577,0.4255,,362891.8579
94,2021-11-22,,,3.3097,4.7902,5.0281,0.428,,360768.5545
95,2021-11-19,,,3.0848,4.4647,4.6864,0.4592,,336254.0513
96,2021-11-18,,,3.053,4.4186,4.638,0.464,,332779.5548
97,2021-11-17,,,3.207,4.6415,4.8721,0.4417,,349572.9546
98,2021-11-16,,,3.1592,4.5723,4.7994,0.4484,,344361.2099
99,2021-11-15,,,3.269,4.7312,4.9662,0.4334,,356328.9201
100,2021-11-12,,,3.3576,4.8594,5.1007,0.4219,,365980.2993
101,2021-11-11,,,3.4071,4.9312,5.1761,0.4158,,371385.0716
102,2021-11-10,,,3.3257,4.8133,5.0523,0.426,,362505.8028
103,2021-11-09,,,3.2088,4.6441,4.8748,0.4415,,349765.9822
104,2021-11-08,,,3.1822,4.6057,4.8344,0.4452,,346870.5684
105,2021-11-05,,,3.0406,4.4006,4.6192,0.4659,,331428.3617
106,2021-11-04,,,3.1521,4.5621,4.7887,0.4494,,343589.0995
107,2021-11-03,,,3.0477,4.4109,4.63,0.4648,,332200.4721
108,2021-11-02,,,3.0919,4.4749,4.6972,0.4582,,337026.1617
109,2021-11-01,,,3.0724,4.4468,4.6676,0.4611,,334902.8582
110,2021-10-29,,,3.0246,4.3776,4.595,0.4684,,329691.1135
111,2021-10-28,,,3.0064,4.3878,4.201,0.4673,,330463.2238
112,2021-10-27,,,3.1382,4.58,4.385,0.4477,,344940.2926
113,2021-10-26,,,3.2154,4.6928,4.493,0.4369,,353433.5063
114,2021-10-25,,,3.1979,4.6672,4.4684,0.4393,,351503.2305
115,2021-10-22,,,3.1083,4.5365,4.3433,0.452,,341658.8237
116,2021-10-21,,,2.5903,3.7804,3.6194,0.5424,,284715.6864
117,2021-10-20,,,2.6464,3.8624,3.6979,0.5309,,290892.5691
118,2021-10-19,,,2.6623,3.8855,3.72,0.5277,,292629.8173
119,2021-10-18,,,2.6781,3.9085,3.7421,0.5246,,294367.0656
120,2021-10-15,,,2.6816,3.9137,3.747,0.5239,,294753.1208
121,2021-10-14,,,2.6921,3.929,3.7617,0.5219,,295911.2863
122,2021-10-13,,,2.6605,3.8829,3.7176,0.5281,,292436.7898
123,2021-10-12,,,2.6517,3.8701,3.7053,0.5298,,291471.6518
124,2021-10-11,,,2.7132,3.9598,3.7912,0.5178,,298227.6173
125,2021-10-08,,,2.6956,3.9342,3.7666,0.5212,,296297.3414
126,2021-09-30,,,2.6693,3.8957,3.7298,0.5263,,293401.9277
127,2021-09-29,,,2.52,3.6779,3.5213,0.5575,,276994.583
128,2021-09-28,,,2.657,3.8778,3.7127,0.5288,,292050.7346
129,2021-09-27,,,2.6623,3.8855,3.72,0.5277,,292629.8173
130,2021-09-24,,,2.7518,4.0162,3.8452,0.5105,,302474.2241
131,2021-09-23,,,2.9186,4.2597,4.0783,0.4813,,320811.8446
132,2021-09-22,,,2.9011,4.234,4.0537,0.4843,,318881.5688
133,2021-09-17,,,2.9731,4.3391,4.1543,0.4725,,326795.6997
134,2021-09-16,,,3.1118,4.5416,4.3482,0.4515,,342044.8788
135,2021-09-15,,,3.0275,4.4186,4.2304,0.464,,332779.5548
136,2021-09-14,,,3.0626,4.4698,4.2795,0.4587,,336640.1065
137,2021-09-13,,,3.1557,4.6057,4.4095,0.4452,,346870.5684
138,2021-09-10,,,3.2435,4.7338,4.5322,0.4331,,356521.9476
139,2021-09-09,,,3.1821,4.6441,4.4464,0.4415,,349765.9822
140,2021-09-08,,,3.312,4.8338,4.6279,0.4242,,364050.0234
141,2021-09-07,,,3.2066,4.68,4.4807,0.4381,,352468.3684
142,2021-09-06,,,3.1944,4.662,4.4635,0.4398,,351117.1753
143,2021-09-03,,,3.1926,4.6595,4.4611,0.44,,350924.1477
144,2021-09-02,,,3.0907,4.5108,4.3188,0.4545,,339728.5478
145,2021-09-01,,,3.1346,4.5749,4.3801,0.4482,,344554.2374
146,2021-08-31,,,3.2699,4.7722,4.569,0.4296,,359417.3614
147,2021-08-30,,,3.5719,5.2131,4.9911,0.3933,,392618.1059
148,2021-08-27,,,3.7678,5.5591,5.2639,0.3688,,418676.8297
149,2021-08-26,,,3.8164,5.6308,5.3318,0.3641,,424081.602
150,2021-08-25,,,4.183,6.1716,5.8439,0.3322,,464810.4223
151,2021-08-24,,,4.0475,5.9717,5.6546,0.3433,,449754.2707
152,2021-08-23,,,4.3167,6.369,6.0308,0.3219,,479673.5462
153,2021-08-20,,,4.282,6.3177,5.9822,0.3245,,475812.9946
154,2021-08-19,,,4.1552,6.1306,5.8051,0.3344,,461721.9809
155,2021-08-18,,,3.8182,5.6334,5.3342,0.364,,424274.6296
156,2021-08-17,,,3.7348,5.5104,5.2178,0.3721,,415009.3056
157,2021-08-16,,,3.6445,5.3771,5.0916,0.3813,,404971.8712
158,2021-08-13,,,3.8269,5.6462,5.3464,0.3631,,425239.7676
159,2021-08-12,,,3.6167,5.3361,5.0527,0.3842,,401883.4299
160,2021-08-11,,,3.6271,5.3515,5.0673,0.3831,,403041.5954
161,2021-08-10,,,3.6149,5.3335,5.0503,0.3844,,401690.4023
162,2021-08-09,,,3.3353,4.9209,4.6596,0.4167,,370612.9613
163,2021-08-06,,,3.3005,4.8696,4.611,0.4211,,366752.4096
164,2021-08-05,,,3.2918,4.8568,4.5989,0.4222,,365787.2717
165,2021-08-04,,,3.4343,5.067,4.7979,0.4047,,381615.5336
166,2021-08-03,,,3.3405,4.9286,4.6669,0.416,,371192.044
167,2021-08-02,,,3.6097,5.3258,5.043,0.385,,401111.3196
168,2021-07-30,,,3.6671,5.4104,5.1231,0.379,,407481.2298
169,2021-07-29,,,3.509,5.1772,4.9023,0.396,,389915.7197
170,2021-07-28,,,3.0052,4.4339,4.1985,0.4624,,333937.7203
171,2021-07-27,,,3.3492,4.9414,4.679,0.4149,,372157.182
172,2021-07-26,,,3.3492,4.9414,4.679,0.4149,,372157.182
173,2021-07-23,,,3.3787,4.985,4.7202,0.4113,,375438.6509
174,2021-07-22,,,3.4586,5.1029,4.8319,0.4018,,384317.9197
175,2021-07-21,,,3.2936,4.8594,4.6013,0.4219,,365980.2993
176,2021-07-20,,,3.264,4.8158,4.5601,0.4258,,362698.8303
177,2021-07-19,,,3.1598,4.662,4.4145,0.4398,,351117.1753
178,2021-07-16,,,3.0747,4.5365,4.2955,0.452,,341658.8237
179,2021-07-15,,,3.1181,4.6005,4.3562,0.4457,,346484.5133
180,2021-07-14,,,3.2971,4.8645,4.6062,0.4215,,366366.3544
181,2021-07-13,,,3.2693,4.8235,4.5674,0.4251,,363277.9131
182,2021-07-12,,,3.4777,5.1311,4.8586,0.3996,,386441.2232
183,2021-07-09,,,3.5142,5.1849,4.9095,0.3955,,390494.8024
184,2021-07-08,,,3.4204,5.0465,4.7785,0.4063,,380071.3129
185,2021-07-07,,,3.2658,4.8184,4.5625,0.4255,,362891.8579
186,2021-07-06,,,3.2936,4.8594,4.6013,0.4219,,365980.2993
187,2021-07-05,,,3.205,4.7287,4.4776,0.4336,,356135.8925
188,2021-07-02,,,3.1563,4.6569,4.4096,0.4403,,350731.1201
189,2021-07-01,,,3.007,4.4365,4.2009,0.4622,,334130.7479
190,2021-06-30,,,2.9514,4.3545,4.1232,0.4709,,327953.8652
191,2021-06-29,,,2.9045,4.2853,4.0577,0.4785,,322742.1204
192,2021-06-28,,,3.073,4.5339,4.2931,0.4522,,341465.7961
193,2021-06-25,,,3.0469,4.4954,4.2567,0.4561,,338570.3823
194,2021-06-24,,,3.0539,4.5057,4.2664,0.4551,,339342.4927
195,2021-06-23,,,3.2623,4.8133,4.5576,0.426,,362505.8028
196,2021-06-22,,,3.1563,4.6569,4.4096,0.4403,,350731.1201
197,2021-06-21,,,3.3023,4.8722,4.6135,0.4208,,366945.4372
198,2021-06-18,,,3.2675,4.8209,4.5649,0.4253,,363084.8855
199,2021-06-17,,,3.1268,4.6133,4.3684,0.4444,,347449.6512
200,2021-06-16,,,2.9253,4.316,4.0868,0.4751,,325058.4515
201,2021-06-15,,,2.9236,4.3135,4.0844,0.4753,,324865.4239
202,2021-06-11,,,2.9878,4.4083,4.1742,0.4651,,332007.4445
203,2021-06-10,,,3.1286,4.6159,4.3708,0.4442,,347642.6788
204,2021-06-09,,,2.7933,4.1213,3.9024,0.4975,,310388.3551
205,2021-06-08,,,2.9531,4.357,4.1257,0.4706,,328146.8928
206,2021-06-07,,,3.1372,4.6287,4.3829,0.443,,348607.8167
207,2021-06-04,,,3.0573,4.5108,4.2713,0.4545,,339728.5478
208,2021-06-03,,,2.9184,4.3058,4.0771,0.4762,,324286.3411
209,2021-06-02,,,3.0052,4.4339,4.1985,0.4624,,333937.7203
210,2021-06-01,,,2.9444,4.3442,4.1135,0.472,0.472,327181.7549
211,2021-05-31,,,2.9844,4.4032,4.1694,0.4657,0.4657,331621.3893
212,2021-05-28,,,2.7638,4.0777,3.8611,0.5028,0.5028,307106.8861
213,2021-05-27,,,2.6769,3.9495,3.7398,0.5191,0.5191,297455.5069
214,2021-05-26,,,2.2305,3.2909,3.1161,0.6231,0.6231,247847.4179
215,2021-05-25,,,2.2079,3.2575,3.0845,0.6294,0.6294,245338.0593
216,2021-05-24,,,2.194,3.237,3.0651,0.6334,0.6334,243793.8386
217,2021-05-21,,,2.1384,3.155,2.9875,0.6499,0.6499,237616.9559
218,2021-05-20,,,2.1384,3.155,2.9875,0.6499,0.6499,237616.9559
219,2021-05-19,,,2.2183,3.2729,3.0991,0.6265,0.6265,246496.2248
220,2021-05-18,,,2.2183,3.2729,3.0991,0.6265,0.6265,246496.2248
221,2021-05-17,,,2.2756,3.3575,3.1792,0.6107,0.6107,252866.135
222,2021-05-14,,,2.2409,3.3062,3.1307,0.6202,0.6202,249005.5834
223,2021-05-13,,,2.2287,3.2883,3.1137,0.6235,0.6235,247654.3903
224,2021-05-12,,,2.227,3.2857,3.1112,0.624,0.624,247461.3627
225,2021-05-11,,,2.1697,3.2011,3.0312,0.6405,0.6405,241091.4524
226,2021-05-10,,,2.1245,3.1345,2.9681,0.6541,0.6541,236072.7352
227,2021-05-07,,,2.1054,3.1063,2.9414,0.6601,0.6601,233949.4318
228,2021-05-06,,,2.1506,3.173,3.0045,0.6462,0.6462,238968.149
229,2021-04-30,,,2.1401,3.1576,2.9899,0.6494,0.6494,237809.9835
230,2021-04-29,,,2.0759,3.0627,2.9001,0.6695,0.6695,230667.9629
231,2021-04-28,,,2.0932,3.0884,2.9244,0.6639,0.6639,232598.2387
232,2021-04-27,,,2.1314,3.1448,2.9778,0.652,0.652,236844.8456
233,2021-04-26,,,2.1508,3.1499,3.1499,0.6509,0.6509,237230.9007
234,2021-04-23,37.6243,243.2535,2.0428,3.3573,3.7681,0.5686,0.5686,271589.8107
235,2021-04-22,37.2767,241.006,2.0239,3.3263,3.7333,0.5739,0.5739,269080.4521
236,2021-04-21,36.7419,237.5482,1.9949,3.2785,3.6797,0.5822,0.5822,265219.9004
237,2021-04-20,37.4371,242.0433,2.0326,3.3406,3.7494,0.5714,0.5714,270238.6176
238,2021-04-19,38.7474,250.5148,2.1038,3.4575,3.8806,0.5521,0.5521,279696.9692
239,2021-04-16,38.2928,247.5758,2.0791,3.4169,3.8351,0.5587,0.5587,276415.5003
240,2021-04-15,37.0627,239.6229,2.0123,3.3072,3.7119,0.5772,0.5772,267536.2314
241,2021-04-14,38.1591,246.7113,2.0718,3.405,3.8217,0.5606,0.5606,275450.3624
242,2021-04-13,38.3998,248.2673,2.0849,3.4265,3.8458,0.5571,0.5571,277187.6106
243,2021-04-12,37.5976,243.0807,2.0413,3.3549,3.7654,0.569,0.569,271396.7831
244,2021-04-09,37.3569,241.5247,2.0283,3.3334,3.7413,0.5727,0.5727,269659.5348
245,2021-04-08,39.7636,257.0846,2.1589,3.5482,3.9824,0.538,0.538,287032.0174
246,2021-04-07,39.1218,252.9353,2.1241,3.4909,3.9181,0.5468,0.5468,282399.3554
247,2021-04-06,40.4053,261.2339,2.1938,3.6054,4.0467,0.5295,0.5295,291664.6794
248,2021-04-02,42.2237,272.9903,2.2925,3.7677,4.2288,0.5066,0.5066,304790.5551
249,2021-04-01,40.539,262.0984,2.201,3.6174,4.06,0.5277,0.5277,292629.8173
250,2021-03-31,40.9936,265.0374,2.2257,3.6579,4.1056,0.5219,0.5219,295911.2863
251,2021-03-30,41.4482,267.9765,2.2504,3.6985,4.1511,0.5161,0.5161,299192.7552
252,2021-03-29,43.7212,282.672,2.3738,3.9013,4.3787,0.4893,0.4893,315600.0998
253,2021-03-26,42.2505,273.1632,2.2939,3.7701,4.2314,0.5063,0.5063,304983.5827
254,2021-03-25,41.983,271.4343,2.2794,3.7462,4.2047,0.5096,0.5096,303053.3069
255,2021-03-24,40.8599,264.173,2.2185,3.646,4.0922,0.5236,0.5236,294946.1484
256,2021-03-23,39.0148,252.2437,2.1183,3.4814,3.9074,0.5483,0.5483,281627.2451
257,2021-03-22,32.5168,210.2319,1.7655,2.9015,3.2566,0.6579,0.6579,234721.5421
258,2021-03-19,32.3296,209.0217,1.7553,2.8848,3.2379,0.6617,0.6617,233370.3491
259,2021-03-18,32.5435,210.4048,1.7669,2.9039,3.2593,0.6574,0.6574,234914.5697
260,2021-03-17,33.5062,216.6288,1.8192,2.9898,3.3557,0.6385,0.6385,241863.5628
261,2021-03-16,33.1586,214.3812,1.8003,2.9588,3.3209,0.6452,0.6452,239354.2042
262,2021-03-15,32.3029,208.8488,1.7539,2.8824,3.2352,0.6623,0.6623,233177.3215
263,2021-03-12,32.5168,210.2319,1.7655,2.9015,3.2566,0.6579,0.6579,234721.5421
264,2021-03-11,33.3725,215.7643,1.8119,2.9779,3.3423,0.641,0.641,240898.4248
265,2021-03-10,31.9018,206.2555,1.7321,2.8466,3.195,0.6706,0.6706,230281.9077
266,2021-03-09,33.4527,216.283,1.8163,2.985,3.3503,0.6395,0.6395,241477.5076
267,2021-03-08,35.4583,229.2496,1.9252,3.164,3.5512,0.6033,0.6033,255954.5764
268,2021-03-05,37.2232,240.6602,2.021,3.3215,3.728,0.5747,0.5747,268694.3969
269,2021-03-04,35.0037,226.3105,1.9005,3.1234,3.5057,0.6112,0.6112,252673.1075
270,2021-03-03,35.4583,229.2496,1.9252,3.164,3.5512,0.6033,0.6033,255954.5764
271,2021-03-02,34.6293,223.8901,1.8802,3.09,3.4682,0.6178,0.6178,249970.7213
272,2021-03-01,35.6455,230.4598,1.9353,3.1807,3.5699,0.6002,0.6002,257305.7695
273,2021-02-26,34.4421,222.6799,1.87,3.0733,3.4494,0.6211,0.6211,248619.5282
274,2021-02-25,34.3084,221.8154,1.8627,3.0614,3.436,0.6235,0.6235,247654.3903
275,2021-02-24,35.3246,228.3852,1.9179,3.1521,3.5378,0.6056,0.6056,254989.4385
276,2021-02-23,33.9608,219.5679,1.8439,3.0304,3.4012,0.6299,0.6299,245145.0317
277,2021-02-22,34.7363,224.5816,1.886,3.0996,3.4789,0.6159,0.6159,250742.8316
278,2021-02-19,33.4527,216.283,1.8163,2.985,3.3503,0.6395,0.6395,241477.5076
279,2021-02-18,31.6611,204.6995,1.719,2.8252,3.1709,0.6757,0.6757,228544.6595
280,2021-02-10,29.9764,193.8076,1.6275,2.6748,3.0022,0.7136,0.7136,216383.9217
281,2021-02-09,30.3508,196.228,1.6479,2.7082,3.0397,0.7048,0.7048,219086.3078
282,2021-02-08,29.709,192.0787,1.613,2.651,2.9754,0.7201,0.7201,214453.6458
283,2021-02-05,30.6984,198.4755,1.6667,2.7393,3.0745,0.6969,0.6969,221595.6664
284,2021-02-04,30.7519,198.8213,1.6696,2.744,3.0798,0.6957,0.6957,221981.7216
285,2021-02-03,32.5703,210.5777,1.7684,2.9063,3.262,0.6568,0.6568,235107.5973
286,2021-02-02,34.0678,220.2594,1.8497,3.0399,3.4119,0.6279,0.6279,245917.142
287,2021-02-01,33.6667,217.6661,1.8279,3.0041,3.3718,0.6354,0.6354,243021.7283
288,2021-01-29,34.4689,222.8528,1.8715,3.0757,3.4521,0.6206,0.6206,248812.5558
289,2021-01-28,35.2444,227.8665,1.9136,3.1449,3.5298,0.607,0.607,254410.3557
290,2021-01-27,36.1001,233.3989,1.96,3.2213,3.6155,0.5926,0.5926,260587.2384
291,2021-01-26,36.8756,238.4127,2.0021,3.2905,3.6931,0.5801,0.5801,266185.0383
292,2021-01-25,37.5708,242.9078,2.0399,3.3525,3.7628,0.5694,0.5694,271203.7555
293,2021-01-22,38.9079,251.5522,2.1125,3.4718,3.8967,0.5498,0.5498,280855.1347
294,2021-01-21,39.7903,257.2575,2.1604,3.5505,3.9851,0.5376,0.5376,287225.045
295,2021-01-20,39.6299,256.2202,2.1517,3.5362,3.969,0.5398,0.5398,286066.8795
296,2021-01-19,40.0042,258.6406,2.172,3.5696,4.0065,0.5348,0.5348,288769.2657
297,2021-01-18,39.4427,255.0099,2.1415,3.5195,3.9502,0.5424,0.5424,284715.6864
298,2021-01-15,37.9987,245.674,2.0631,3.3907,3.8056,0.563,0.563,274292.1969
299,2021-01-14,37.9719,245.5011,2.0616,3.3883,3.8029,0.5634,0.5634,274099.1693
300,2021-01-13,35.7257,230.9785,1.9397,3.1879,3.578,0.5988,0.5988,257884.8522
301,2021-01-12,37.758,244.118,2.05,3.3692,3.7815,0.5666,0.5666,272554.9486
302,2021-01-11,37.5976,243.0807,2.0413,3.3549,3.7654,0.569,0.569,271396.7831
303,2021-01-08,39.8973,257.949,2.1662,3.5601,3.9958,0.5362,0.5362,287997.1553
304,2021-01-07,39.6299,256.2202,2.1517,3.5362,3.969,0.5398,0.5398,286066.8795
305,2021-01-06,43.0259,278.1769,2.3361,3.8393,4.3091,0.4972,0.4972,310581.3827
306,2021-01-05,45.3791,293.3911,2.4638,4.0492,4.5448,0.4714,0.4714,327567.81
307,2021-01-04,44.7374,289.2418,2.429,3.992,4.4805,0.4782,0.4782,322935.148
308,2020-12-31,44.0154,284.5738,2.3898,3.9276,4.4082,0.3645,0.486,317723.4033
309,2020-12-30,43.0527,278.3498,2.3375,3.8417,4.3118,0.3727,0.4969,310774.4102
310,2020-12-29,42.7853,276.621,2.323,3.8178,4.285,0.375,0.5,308844.1344
311,2020-12-28,42.4644,274.5463,2.3056,3.7892,4.2529,0.3778,0.5038,306527.8034
312,2020-12-25,43.7212,282.672,2.3738,3.9013,4.3787,0.367,0.4893,315600.0998
313,2020-12-24,43.9351,284.0551,2.3854,3.9204,4.4002,0.3652,0.4869,317144.3205
314,2020-12-23,45.9139,296.8489,2.4929,4.097,4.5983,0.3494,0.4659,331428.3617
315,2020-12-22,45.4594,293.9098,2.4682,4.0564,4.5528,0.3529,0.4706,328146.8928
316,2020-12-21,47.5719,307.5679,2.5829,4.2449,4.7644,0.3373,0.4497,343396.0719
317,2020-12-18,46.2081,298.7506,2.5088,4.1232,4.6278,0.3472,0.463,333551.6652
318,2020-12-17,45.8337,296.3302,2.4885,4.0898,4.5903,0.3501,0.4667,330849.279
319,2020-12-16,45.2989,292.8724,2.4595,4.0421,4.5368,0.3542,0.4723,326988.7273
320,2020-12-15,47.0103,303.9373,2.5524,4.1948,4.7082,0.3413,0.4551,339342.4927
321,2020-12-14,47.1173,304.6288,2.5582,4.2043,4.7189,0.3405,0.454,340114.603
322,2020-12-11,48.0532,310.6799,2.609,4.2879,4.8126,0.3339,0.4452,346870.5684
323,2020-12-10,53.9629,348.8882,2.9299,4.8152,5.4045,0.2973,0.3964,389529.6645
324,2020-12-09,53.134,343.5286,2.8849,4.7412,5.3214,0.302,0.4026,383545.8094
325,2020-12-08,55.3534,357.8784,3.0054,4.9393,5.5437,0.2899,0.3865,399567.0989
326,2020-12-07,59.6052,385.3676,3.2362,5.3187,5.9696,0.2692,0.3589,430258.4847
327,2020-12-04,59.0972,382.0827,3.2086,5.2733,5.9187,0.2715,0.362,426590.9606
328,2020-12-03,61.4236,397.124,3.3349,5.4809,6.1517,0.2612,0.3483,443384.3604
329,2020-12-02,62.8944,406.6328,3.4148,5.6122,6.299,0.2551,0.3401,454000.8776
330,2020-12-01,58.188,376.2045,3.1593,5.1922,5.8276,0.2757,0.3676,420028.0228
331,2020-11-30,58.1077,375.6858,3.1549,5.185,5.8196,0.2761,0.3682,419448.94
332,2020-11-27,57.0916,369.1161,3.0997,5.0944,5.7178,0.281,0.3747,412113.8918
333,2020-11-26,53.9362,348.7153,2.9284,4.8128,5.4018,0.2975,0.3966,389336.6369
334,2020-11-25,56.1557,363.065,3.0489,5.0109,5.6241,0.2857,0.381,405357.9264
335,2020-11-24,56.022,362.2006,3.0417,4.9989,5.6107,0.2864,0.3819,404392.7885
336,2020-11-23,54.0164,349.234,2.9328,4.82,5.4098,0.297,0.396,389915.7197
337,2020-11-20,54.7117,353.729,2.9705,4.882,5.4795,0.2933,0.391,394934.4369
338,2020-11-19,56.3696,364.4481,3.0605,5.0299,5.6455,0.2846,0.3795,406902.1471
339,2020-11-18,55.2732,357.3597,3.001,4.9321,5.5357,0.2903,0.387,398988.0161
340,2020-11-17,54.9523,355.285,2.9836,4.9035,5.5036,0.292,0.3893,396671.6851
341,2020-11-16,55.4872,358.7428,3.0126,4.9512,5.5571,0.2892,0.3855,400532.2368
342,2020-11-13,56.7975,367.2143,3.0838,5.0681,5.6883,0.2825,0.3766,409990.5884
343,2020-11-12,56.744,366.8685,3.0809,5.0634,5.683,0.2828,0.377,409604.5332
344,2020-11-11,57.4927,371.7094,3.1215,5.1302,5.758,0.2791,0.3721,415009.3056
345,2020-11-10,60.7283,392.6289,3.2972,5.4189,6.082,0.2642,0.3523,438365.6433
346,2020-11-09,65.3812,422.7114,3.5498,5.8341,6.548,0.2454,0.3272,471952.4429
347,2020-11-06,62.0386,401.1004,3.3683,5.5358,6.2133,0.2586,0.3448,447823.9949
348,2020-11-05,58.4286,377.7605,3.1723,5.2137,5.8517,0.2746,0.3661,421765.271
349,2020-11-04,58.8565,380.5267,3.1956,5.2519,5.8946,0.2726,0.3635,424853.7124
350,2020-11-03,60.0598,388.3067,3.2609,5.3592,6.0151,0.2671,0.3562,433539.9537
351,2020-11-02,57.8671,374.1298,3.1418,5.1636,5.7955,0.2773,0.3697,417711.6918
352,2020-10-30,55.915,361.509,3.0359,4.9894,5.6,0.2869,0.3826,403620.6781
353,2020-10-29,59.8994,387.2693,3.2522,5.3449,5.999,0.2679,0.3571,432381.7882
354,2020-10-28,60.7016,115.6182,3.2831,5.4165,6.258,0.2643,0.3524,438172.6157
355,2020-10-27,63.0013,119.9985,3.4075,5.6217,6.4951,0.2547,0.3396,454772.9879
356,2020-10-26,62.8676,119.7438,3.4003,5.6098,6.4813,0.2552,0.3403,453807.85
357,2020-10-23,62.5735,119.1836,3.3844,5.5835,6.451,0.2564,0.3419,451684.5466
358,2020-10-22,66.2102,126.1105,3.5811,5.908,6.8259,0.2423,0.3231,477936.298
359,2020-10-21,65.7824,125.2955,3.5579,5.8699,6.7818,0.2439,0.3252,474847.8566
360,2020-10-20,71.2642,135.7368,3.8544,6.359,7.347,0.2251,0.3002,514418.5114
361,2020-10-19,70.7294,134.7182,3.8255,6.3113,7.2918,0.2268,0.3025,510557.9597
362,2020-10-16,69.7935,132.9355,3.7749,6.2278,7.1953,0.2299,0.3065,503801.9942
363,2020-10-15,68.2425,129.9814,3.691,6.0894,7.0354,0.2351,0.3135,492606.3944
364,2020-10-14,77.1472,146.9421,4.1726,6.884,7.9535,0.208,0.2773,556884.5798
365,2020-10-13,74.7405,142.3581,4.0424,6.6692,7.7054,0.2147,0.2862,539512.0973
366,2020-10-12,78.7516,149.9981,4.2594,7.0271,8.1189,0.2037,0.2716,568466.2349
367,2020-10-09,69.2587,131.9169,3.746,6.1801,7.1402,0.2317,0.3089,499941.4426
368,2020-09-30,57.7066,109.9137,3.1211,5.1493,5.9493,0.278,0.3707,416553.5263
369,2020-09-29,54.3908,103.598,2.9418,4.8534,5.6074,0.295,0.3933,392618.1059
370,2020-09-28,51.1017,97.3332,2.7639,4.5599,5.2683,0.314,0.4186,368875.713
371,2020-09-25,51.2888,97.6898,2.774,4.5766,5.2876,0.3128,0.4171,370226.9061
372,2020-09-24,51.1819,97.486,2.7682,4.567,5.2766,0.3135,0.418,369454.7958
373,2020-09-23,55.6743,106.0428,3.0112,4.9679,5.7397,0.2882,0.3842,401883.4299
374,2020-09-22,52.4387,99.8799,2.8362,4.6792,5.4062,0.306,0.408,378527.0922
375,2020-09-21,54.3373,103.4962,2.9389,4.8486,5.6019,0.2953,0.3937,392232.0507
376,2020-09-18,56.3696,107.3671,3.0488,5.0299,5.8114,0.2805,0.374,406902.1471
377,2020-09-17,53.1607,101.2551,2.8753,4.7436,5.4806,0.3018,0.4024,383738.837
378,2020-09-16,44.3095,84.3962,2.3965,3.9538,4.5681,0.3621,0.4828,319846.7067
379,2020-09-15,46.0477,87.7069,2.4906,4.1089,4.7473,0.3484,0.4646,332393.4996
380,2020-09-14,44.8978,85.5168,2.4284,4.0063,4.6287,0.3574,0.4765,324093.3135
381,2020-09-11,42.6783,81.2893,2.3083,3.8083,4.3999,0.3759,0.5013,308072.0241
382,2020-09-10,43.1864,82.257,2.3358,3.8536,4.4523,0.3715,0.4954,311739.5482
383,2020-09-09,48.4811,92.3418,2.6222,4.326,4.9981,0.3309,0.4413,349959.0098
384,2020-09-08,48.1334,91.6797,2.6034,4.295,4.9623,0.3333,0.4444,347449.6512
385,2020-09-07,47.8928,91.2213,2.5903,4.2735,4.9375,0.335,0.4467,345712.4029
386,2020-09-04,47.7056,90.8647,2.5802,4.2568,4.9182,0.3363,0.4484,344361.2099
387,2020-09-03,45.8605,87.3503,2.4804,4.0922,4.728,0.3499,0.4665,331042.3066
388,2020-09-02,45.4059,86.4845,2.4558,4.0516,4.6811,0.3534,0.4711,327760.8376
389,2020-09-01,44.0154,83.836,2.3806,3.9276,4.5378,0.3645,0.486,317723.4033
390,2020-08-31,44.1758,84.1416,2.3893,3.9419,4.5543,0.3632,0.4843,318881.5688
391,2020-08-28,44.9513,85.6186,2.4313,4.0111,4.6342,0.3569,0.4759,324479.3687
392,2020-08-27,44.3095,84.3962,2.3965,3.9538,4.5681,0.3621,0.4828,319846.7067
393,2020-08-26,42.4376,80.8309,2.2953,3.7868,4.3751,0.3781,0.5041,306334.7758
394,2020-08-25,44.4699,84.7018,2.4052,3.9681,4.5846,0.3608,0.4811,321004.8722
395,2020-08-24,43.7747,83.3776,2.3676,3.9061,4.5129,0.3665,0.4887,315986.155
396,2020-08-21,42.8388,81.5949,2.317,3.8226,4.4165,0.3745,0.4994,309230.1896
397,2020-08-20,42.6248,81.1874,2.3054,3.8035,4.3944,0.3764,0.5019,307685.9689
398,2020-08-19,43.0259,81.9514,2.3271,3.8393,4.4358,0.3729,0.4972,310581.3827
399,2020-08-18,44.5234,84.8037,2.4081,3.9729,4.5901,0.3604,0.4805,321390.9274
400,2020-08-17,45.6733,74.6262,2.4944,4.0755,4.6659,0.3513,0.4684,329691.1135
401,2020-08-14,44.8443,73.2718,2.4491,4.0015,4.5812,0.3578,0.477,323707.2584
402,2020-08-13,44.3897,72.529,2.4243,3.961,4.5348,0.3614,0.4819,320425.7894
403,2020-08-12,44.0688,72.0047,2.4068,3.9323,4.502,0.3641,0.4854,318109.4584
404,2020-08-11,44.8978,73.3592,2.4521,4.0063,4.5867,0.3574,0.4765,324093.3135
405,2020-08-10,45.9139,75.0195,2.5075,4.097,4.6905,0.3494,0.4659,331428.3617
406,2020-08-07,45.4594,74.2767,2.4827,4.0564,4.644,0.3529,0.4706,328146.8928
407,2020-08-06,47.0103,76.8109,2.5674,4.1948,4.8025,0.3413,0.4551,339342.4927
408,2020-08-05,47.9997,78.4275,2.6215,4.2831,4.9035,0.3343,0.4457,346484.5133
409,2020-08-04,48.5345,79.3013,2.6507,4.3308,4.9582,0.3306,0.4408,350345.065
410,2020-08-03,48.1334,78.6459,2.6288,4.295,4.9172,0.3333,0.4444,347449.6512
411,2020-07-31,46.1279,75.369,2.5192,4.1161,4.7123,0.3478,0.4638,332972.5824
412,2020-07-30,45.5931,74.4952,2.49,4.0683,4.6577,0.3519,0.4692,329112.0307
413,2020-07-29,46.8766,76.5924,2.5601,4.1829,4.7888,0.3423,0.4564,338377.3548
414,2020-07-28,45.807,74.8447,2.5017,4.0874,4.6795,0.3503,0.467,330656.2514
415,2020-07-27,44.6571,72.9659,2.4389,3.9848,4.5621,0.3593,0.479,322356.0653
416,2020-07-24,45.4594,74.2767,2.4827,4.0564,4.644,0.3529,0.4706,328146.8928
417,2020-07-23,48.9089,79.913,2.6711,4.3642,4.9964,0.328,0.4374,353047.4511
418,2020-07-22,50.1925,82.0102,2.7412,4.4788,5.1276,0.3197,0.4262,362312.7752
419,2020-07-21,51.0214,83.3647,2.7865,4.5527,5.2122,0.3145,0.4193,368296.6303
420,2020-07-20,50.2192,82.0539,2.7427,4.4811,5.1303,0.3195,0.426,362505.8028
421,2020-07-17,49.0426,80.1315,2.6784,4.3761,5.0101,0.3272,0.4362,354012.5891
422,2020-07-16,48.9891,80.0441,2.6755,4.3714,5.0046,0.3275,0.4367,353626.5339
423,2020-07-15,52.8131,86.2921,2.8843,4.7126,5.3953,0.3038,0.4051,381229.4784
424,2020-07-14,54.6849,89.3505,2.9866,4.8796,5.5865,0.2934,0.3912,394741.4093
425,2020-07-13,58.5623,95.6859,3.1983,5.2256,5.9826,0.274,0.3653,422730.409
426,2020-07-10,57.4392,93.8508,3.137,5.1254,5.8679,0.2793,0.3724,414623.2504
427,2020-07-09,55.6209,90.8797,3.0377,4.9631,5.6821,0.2885,0.3846,401497.3747
428,2020-07-08,53.134,86.8164,2.9019,4.7412,5.428,0.302,0.4026,383545.8094
429,2020-07-07,52.0911,85.1124,2.8449,4.6482,5.3215,0.308,0.4107,376017.7336
430,2020-07-06,51.2888,83.8016,2.8011,4.5766,5.2396,0.3128,0.4171,370226.9061
431,2020-07-03,48.3206,78.9518,2.639,4.3117,4.9363,0.332,0.4427,348800.8443
432,2020-07-02,48.4276,79.1265,2.6448,4.3213,4.9473,0.3313,0.4417,349572.9546
433,2020-07-01,48.2404,78.8207,2.6346,4.3046,4.9281,0.3326,0.4435,348221.7615
434,2020-06-30,50.1925,82.0102,2.7412,4.4788,5.1276,0.3197,0.4262,362312.7752
435,2020-06-29,50.2727,82.1413,2.7456,4.4859,5.1357,0.3191,0.4255,362891.8579
436,2020-06-24,50.1925,82.0102,2.7412,4.4788,5.1276,0.3197,0.4262,362312.7752
437,2020-06-23,49.1763,80.3499,2.6857,4.3881,5.0237,0.3263,0.435,354977.727
438,2020-06-22,50.5401,82.5782,2.7602,4.5098,5.1631,0.3175,0.4233,364822.1338
439,2020-06-19,48.4276,79.1265,2.6448,4.3213,4.9473,0.3313,0.4417,349572.9546
440,2020-06-18,48.8287,79.7819,2.6667,4.3571,4.9882,0.3286,0.7667,352468.3684
441,2020-06-17,47.866,78.209,2.6142,4.2712,4.8899,0.3352,0.7821,345519.3754
442,2020-06-16,49.0694,80.1752,2.6799,4.3785,5.0128,0.327,0.7629,354205.6166
443,2020-06-15,48.4008,79.0829,2.6434,4.3189,4.9445,0.3315,0.7735,349379.927
444,2020-06-12,50.3529,82.2724,2.75,4.4931,5.1439,0.3186,0.7435,363470.9407
445,2020-06-11,48.6682,79.5198,2.658,4.3427,4.9718,0.3297,0.7692,351310.2029
446,2020-06-10,50.0053,81.7044,2.731,4.462,5.1084,0.3209,0.7487,360961.5821
447,2020-06-09,51.8771,84.7628,2.8332,4.6291,5.2997,0.3093,0.7216,374473.513
448,2020-06-08,51.5295,84.1948,2.8142,4.5981,5.2641,0.3114,0.7265,371964.1544
449,2020-06-05,55.7546,91.0982,3.045,4.9751,5.6958,0.2878,0.6715,402462.5126
450,2020-06-04,50.9412,83.2336,2.7821,4.5456,5.204,0.315,0.7349,367717.5475
451,2020-06-03,49.9518,81.617,2.7281,4.4573,5.103,0.3212,0.7495,360575.5269
452,2020-06-02,45.4059,74.1893,2.4798,4.0516,4.6386,0.3534,0.8245,327760.8376
453,2020-06-01,45.1385,73.7524,2.4367,4.0278,4.6112,0.3555,0.3555,325830.5618
454,2020-05-29,43.0527,70.3444,2.3241,3.8417,4.3982,0.3727,0.3727,310774.4102
455,2020-05-28,43.0527,70.3444,2.3241,3.8417,4.3982,0.3727,0.3727,310774.4102
456,2020-05-27,45.0048,73.5339,2.4295,4.0158,4.5976,0.3565,0.3565,324865.4239
457,2020-05-26,45.9674,75.1069,2.4815,4.1017,4.6959,0.349,0.349,331814.4169
458,2020-05-25,45.1117,73.7087,2.4353,4.0254,4.6085,0.3557,0.3557,325637.5342
459,2020-05-22,41.0204,67.0238,2.2144,3.6603,4.1906,0.3911,0.3911,296104.3139
460,2020-05-21,41.7959,68.2909,2.2563,3.7295,4.2698,0.3839,0.3839,301702.1138
461,2020-05-20,43.1864,70.5629,2.3313,3.8536,4.4118,0.3715,0.3715,311739.5482
462,2020-05-19,43.641,71.3056,2.3559,3.8942,4.4583,0.3676,0.3676,315021.0171
463,2020-05-18,41.7691,68.2472,2.2548,3.7271,4.267,0.3841,0.3841,301509.0862
464,2020-05-15,41.6354,68.0287,2.2476,3.7152,4.2534,0.3854,0.3854,300543.9483
465,2020-05-14,41.3145,67.5044,2.2303,3.6866,4.2206,0.3883,0.3883,298227.6173
466,2020-05-13,41.6889,68.1161,2.2505,3.72,4.2588,0.3849,0.3849,300930.0035
467,2020-05-12,41.8761,68.422,2.2606,3.7367,4.278,0.3831,0.3831,302281.1965
468,2020-05-11,42.1168,68.8152,2.2736,3.7581,4.3026,0.381,0.381,304018.4448
469,2020-05-08,42.0098,68.6404,2.2678,3.7486,4.2916,0.3819,0.3819,303246.3345
470,2020-05-07,41.4482,67.7229,2.2375,3.6985,4.2343,0.3871,0.3871,299192.7552
471,2020-05-06,41.0471,67.0675,2.2159,3.6627,4.1933,0.3909,0.3909,296297.3414
472,2020-04-30,39.309,64.2275,2.122,3.5076,4.0157,0.4082,0.4082,283750.5485
473,2020-04-29,37.3302,60.9943,2.0152,3.331,3.8136,0.4298,0.4298,269466.5073
474,2020-04-28,36.421,59.5088,1.9661,3.2499,3.7207,0.4405,0.4405,262903.5694
475,2020-04-27,37.5173,61.3001,2.0253,3.3477,3.8327,0.4277,0.4277,270817.7004
476,2020-04-24,51.8091,37.7,2.143,4.459,3.4797,0.4062,0.4062,285101.7416
477,2020-04-23,53.8787,39.206,2.2287,4.6371,3.6187,0.3906,0.3906,296490.369
478,2020-04-22,55.2116,40.1759,2.2838,4.7518,3.7082,0.3812,0.3812,303825.4172
479,2020-04-21,54.2294,39.4612,2.2432,4.6673,3.6423,0.3881,0.3881,298420.6449
480,2020-04-20,54.7556,39.8441,2.2649,4.7126,3.6776,0.3844,0.3844,301316.0586
481,2020-04-17,54.2645,39.4867,2.2446,4.6703,3.6446,0.3878,0.3878,298613.6724
482,2020-04-16,54.1242,39.3846,2.2388,4.6582,3.6352,0.3889,0.3889,297841.5621
483,2020-04-15,53.3525,38.8231,2.2069,4.5918,3.5834,0.3945,0.3945,293594.9553
484,2020-04-14,54.3347,39.5378,2.2475,4.6764,3.6493,0.3873,0.3873,298999.7276
485,2020-04-13,53.2823,38.7721,2.204,4.5858,3.5787,0.395,0.395,293208.9001
486,2020-04-10,55.0362,40.0483,2.2765,4.7367,3.6965,0.3824,0.3824,302860.2793
487,2020-04-09,58.5439,42.6008,2.4216,5.0386,3.932,0.3595,0.3595,322163.0377
488,2020-04-08,58.123,42.2945,2.4042,5.0024,3.9038,0.3621,0.3621,319846.7067
489,2020-04-07,57.211,41.6308,2.3665,4.9239,3.8425,0.3679,0.3679,314827.9895
490,2020-04-03,55.7728,40.5843,2.307,4.8001,3.7459,0.3774,0.3774,306913.8586
491,2020-04-02,57.1759,41.6053,2.365,4.9209,3.8402,0.3681,0.3681,314634.9619
492,2020-04-01,54.475,39.6399,2.2533,4.6884,3.6588,0.3863,0.3863,299771.838
493,2020-03-31,54.8608,39.9207,2.2693,4.7216,3.6847,0.3836,0.3836,301895.1414
494,2020-03-30,54.054,39.3336,2.2359,4.6522,3.6305,0.3894,0.3894,297455.5069
495,2020-03-27,57.7021,41.9882,2.3868,4.9662,3.8755,0.3647,0.3647,317530.3757
496,2020-03-26,58.6842,42.7029,2.4274,5.0507,3.9415,0.3586,0.3586,322935.148
497,2020-03-25,60.7538,44.2088,2.513,5.2288,4.0805,0.3464,0.3464,334323.7755
498,2020-03-24,60.7889,44.2343,2.5145,5.2318,4.0828,0.3462,0.3462,334516.8031
499,2020-03-23,60.0873,43.7238,2.4855,5.1715,4.0357,0.3503,0.3503,330656.2514
500,2020-03-20,66.752,48.5735,2.7612,5.7451,4.4833,0.3153,0.3153,367331.4924
501,2020-03-19,68.0499,49.518,2.8148,5.8568,4.5705,0.3093,0.3093,374473.513
502,2020-03-18,63.4898,46.1997,2.6262,5.4643,4.2642,0.3315,0.3315,349379.927
503,2020-03-17,63.5249,46.2253,2.6277,5.4673,4.2666,0.3313,0.3313,349572.9546
504,2020-03-16,58.1581,42.32,2.4057,5.0054,3.9061,0.3619,0.3619,320039.7343
505,2020-03-13,60.9292,44.3364,2.5203,5.2439,4.0922,0.3454,0.3454,335288.9134
506,2020-03-12,60.9292,44.3364,2.5203,5.2439,4.0922,0.3454,0.3454,335288.9134
507,2020-03-11,61.9815,45.1022,2.5638,5.3345,4.1629,0.3396,0.3396,341079.7409
508,2020-03-10,64.0511,46.6081,2.6494,5.5126,4.3019,0.3286,0.3286,352468.3684
509,2020-03-09,61.2098,44.5406,2.5319,5.2681,4.1111,0.3438,0.3438,336833.1341
510,2020-03-06,67.2431,48.9309,2.7815,5.7873,4.5163,0.313,0.313,370033.8785
511,2020-03-05,68.4006,49.7732,2.8293,5.887,4.5941,0.3077,0.3077,376403.7888
512,2020-03-04,68.9619,50.1816,2.8526,5.9353,4.6318,0.3052,0.3052,379492.2301
513,2020-03-03,69.3127,50.4368,2.8671,5.9654,4.6553,0.3036,0.3036,381422.506
514,2020-03-02,70.0493,50.9729,2.8975,6.0288,4.7048,0.3005,0.3005,385476.0852
515,2020-02-28,67.1729,48.8798,2.7786,5.7813,4.5116,0.3133,0.3133,369647.8234
516,2020-02-27,71.2068,42.9004,2.9438,6.1285,4.882,0.2956,0.2956,391845.9955
517,2020-02-26,73.1711,44.0839,3.025,6.2975,5.0167,0.2876,0.2876,402655.5402
518,2020-02-25,80.1515,48.2894,3.3136,6.8983,5.4953,0.2626,0.2626,441068.0294
519,2020-02-24,74.6444,44.9715,3.0859,6.4243,5.1177,0.282,0.282,410762.6988
520,2020-02-21,72.5748,43.7246,3.0004,6.2462,4.9758,0.29,0.29,399374.0713
521,2020-02-20,70.821,42.6679,2.9278,6.0953,4.8556,0.2972,0.2972,389722.6921
522,2020-02-19,68.0499,40.9984,2.8133,5.8568,4.6656,0.3093,0.3093,374473.513
523,2020-02-18,68.0849,41.0196,2.8147,5.8598,4.668,0.3091,0.3091,374666.5405
524,2020-02-17,63.7003,38.3779,2.6335,5.4824,4.3674,0.3304,0.3304,350538.0925
525,2020-02-14,61.5957,37.1099,2.5465,5.3013,4.2231,0.3417,0.3417,338956.4375
526,2020-02-13,60.4381,36.4125,2.4986,5.2017,4.1437,0.3482,0.3482,332586.5272
527,2020-02-12,60.368,36.3702,2.4957,5.1956,4.1389,0.3486,0.3486,332200.4721
528,2020-02-11,59.7015,35.9687,2.4681,5.1383,4.0932,0.3525,0.3525,328532.948
529,2020-02-10,59.8418,36.0532,2.4739,5.1503,4.1028,0.3517,0.3517,329305.0583
530,2020-02-07,60.1224,36.2223,2.4856,5.1745,4.1221,0.3501,0.3501,330849.279
531,2020-02-06,58.1581,35.0389,2.4043,5.0054,3.9874,0.3619,0.3619,320039.7343
532,2020-02-05,56.8251,34.2358,2.3492,4.8907,3.896,0.3704,0.3704,312704.6861
533,2020-02-04,56.5445,34.0667,2.3376,4.8666,3.8768,0.3722,0.3722,311160.4654
534,2020-02-03,59.9119,36.0955,2.4768,5.1564,4.1076,0.3513,0.3513,329691.1135
535,2020-01-23,66.5766,40.1108,2.7524,5.73,4.5646,0.3161,0.3161,366366.3544
536,2020-01-22,71.3121,42.9638,2.9481,6.1375,4.8892,0.2951,0.2951,392425.0783
537,2020-01-21,67.9096,40.9139,2.8075,5.8447,4.656,0.3099,0.3099,373701.4026
538,2020-01-20,68.3305,41.1675,2.8249,5.8809,4.6848,0.308,0.308,376017.7336
539,2020-01-17,66.9625,40.3433,2.7683,5.7632,4.591,0.3143,0.3143,368489.6579
540,2020-01-16,68.0499,40.9984,2.8133,5.8568,4.6656,0.3093,0.3093,374473.513
541,2020-01-15,67.7693,40.8294,2.8017,5.8326,4.6463,0.3106,0.3106,372929.2923
542,2020-01-14,67.7342,40.8082,2.8002,5.8296,4.6439,0.3107,0.3107,372736.2647
543,2020-01-13,67.664,40.766,2.7973,5.8236,4.6391,0.311,0.311,372350.2095
544,2020-01-10,64.6123,38.9274,2.6712,5.5609,4.4299,0.3257,0.3257,355556.8097
545,2020-01-09,64.4369,38.8217,2.6639,5.5458,4.4179,0.3266,0.3266,354591.6718
546,2020-01-08,62.683,37.765,2.5914,5.3949,4.2976,0.3358,0.3358,344940.2926
547,2020-01-07,65.1735,39.2655,2.6944,5.6092,4.4684,0.3229,0.3229,358645.2511
548,2020-01-06,64.8929,39.0964,2.6828,5.5851,4.4491,0.3243,0.3243,357101.0304
549,2020-01-03,67.3483,40.5758,2.7843,5.7964,4.6175,0.3125,0.3125,370612.9613
550,2020-01-02,67.4886,40.6603,2.7901,5.8085,4.6271,0.3119,0.3119,371385.0716
551,2019-12-31,66.1557,39.8572,2.735,5.6937,4.5357,0.5567,0.3181,364050.0234
552,2019-12-30,67.9096,40.9139,2.8075,5.8447,4.656,0.5424,0.3099,373701.4026
553,2019-12-27,67.6991,40.7871,2.7988,5.8266,4.6415,0.544,0.3109,372543.2371
554,2019-12-26,71.9084,43.3231,2.9728,6.1889,4.9301,0.5122,0.2927,395706.5472
555,2019-12-25,70.821,42.6679,2.9278,6.0953,4.8556,0.5201,0.2972,389722.6921
556,2019-12-24,69.8037,42.0551,2.8858,6.0077,4.7858,0.5276,0.3015,384124.8922
557,2019-12-23,65.7698,39.6248,2.719,5.6605,4.5093,0.56,0.32,361926.72
558,2019-12-20,66.9625,40.3433,2.7683,5.7632,4.591,0.55,0.3143,368489.6579
559,2019-12-19,68.1902,41.083,2.8191,5.8688,4.6752,0.5401,0.3086,375245.6233
560,2019-12-18,67.5588,40.7026,2.793,5.8145,4.6319,0.5452,0.3115,371771.1268
561,2019-12-17,68.997,41.569,2.8524,5.9383,4.7305,0.5338,0.305,379685.2577
562,2019-12-16,68.997,41.569,2.8524,5.9383,4.7305,0.5338,0.305,379685.2577
563,2019-12-13,66.2259,39.8995,2.7379,5.6998,4.5405,0.5561,0.3178,364436.0786
564,2019-12-12,65.2086,39.2866,2.6958,5.6122,4.4708,0.5648,0.3228,358838.2787
565,2019-12-11,64.7175,38.9908,2.6755,5.57,4.4371,0.5691,0.3252,356135.8925
566,2019-12-10,62.3674,37.5748,2.5784,5.3677,4.276,0.5906,0.3375,343203.0444
567,2019-12-09,63.1391,38.0398,2.6103,5.4341,4.3289,0.5833,0.3333,347449.6512
568,2019-12-06,63.9809,38.547,2.6451,5.5066,4.3866,0.5757,0.3289,352082.3132
569,2019-12-05,64.1563,38.6526,2.6523,5.5217,4.3986,0.5741,0.328,353047.4511
570,2019-12-04,63.6301,38.3356,2.6306,5.4764,4.3626,0.5788,0.3308,350152.0374
571,2019-12-03,64.2264,38.6949,2.6552,5.5277,4.4034,0.5735,0.3277,353433.5063
572,2019-12-02,63.7704,38.4202,2.6364,5.4885,4.3722,0.5776,0.33,350924.1477
573,2019-11-29,62.4024,37.596,2.5798,5.3707,4.2784,0.5902,0.3373,343396.0719
574,2019-11-28,61.2449,36.8986,2.532,5.2711,4.199,0.6014,0.3436,337026.1617
575,2019-11-27,61.315,36.9408,2.5349,5.2771,4.2038,0.6007,0.3432,337412.2168
576,2019-11-26,61.1397,36.8352,2.5276,5.262,4.1918,0.6024,0.3442,336447.0789
577,2019-11-25,61.5606,37.0888,2.545,5.2983,4.2207,0.5983,0.3419,338763.4099
578,2019-11-22,62.0867,37.4058,2.5668,5.3435,4.2567,0.5932,0.339,341658.8237
579,2019-11-21,64.472,38.8428,2.6654,5.5488,4.4203,0.5713,0.3264,354784.6994
580,2019-11-20,64.8578,39.0753,2.6813,5.582,4.4467,0.5679,0.3245,356908.0028
581,2019-11-19,65.7348,39.6036,2.7176,5.6575,4.5068,0.5603,0.3202,361733.6924
582,2019-11-18,63.2443,38.1032,2.6146,5.4432,4.3361,0.5824,0.3328,348028.734
583,2019-11-15,63.1391,38.0398,2.6103,5.4341,4.3289,0.5833,0.3333,347449.6512
584,2019-11-14,65.6295,39.5402,2.7132,5.6485,4.4996,0.5612,0.3207,361154.6097
585,2019-11-13,66.3311,39.9629,2.7422,5.7088,4.5477,0.5553,0.3173,365015.1613
586,2019-11-12,66.0505,39.7938,2.7306,5.6847,4.5285,0.5576,0.3186,363470.9407
587,2019-11-11,67.3132,40.5546,2.7828,5.7934,4.6151,0.5472,0.3127,370419.9337
588,2019-11-08,72.9607,43.9571,3.0163,6.2794,5.0023,0.5048,0.2885,401497.3747
589,2019-11-07,74.9601,45.1617,3.099,6.4515,5.1393,0.4913,0.2808,412499.947
590,2019-11-06,72.7151,43.8091,3.0062,6.2583,4.9854,0.5065,0.2894,400146.1816
591,2019-11-05,73.9078,44.5277,3.0555,6.3609,5.0672,0.4983,0.2848,406709.1195
592,2019-11-04,73.6622,44.3797,3.0453,6.3398,5.0504,0.5,0.2857,405357.9264
593,2019-11-01,72.8204,43.8725,3.0105,6.2673,4.9926,0.5058,0.289,400725.2644
594,2019-10-31,68.7514,41.4211,2.8423,5.9171,4.7137,0.5357,0.3061,378334.0646
595,2019-10-30,71.733,43.2174,2.9655,6.1738,4.9181,0.5134,0.2934,394741.4093
596,2019-10-29,70.6105,42.5411,2.9191,6.0772,4.8411,0.5216,0.2981,388564.5266
597,2019-10-28,71.9084,51.7309,3.0219,6.1889,5.2385,0.5122,0.2927,395706.5472
598,2019-10-25,67.7342,48.7279,2.8465,5.8296,4.9344,0.5438,0.3107,372736.2647
599,2019-10-24,67.0326,48.2233,2.817,5.7692,4.8833,0.5495,0.314,368875.713
600,2019-10-23,71.1717,51.2009,2.9909,6.1255,5.1848,0.5175,0.2957,391652.9679
601,2019-10-22,75.0653,54.002,3.1546,6.4606,5.4685,0.4907,0.2804,413079.0298
602,2019-10-21,73.4167,52.8159,3.0853,6.3187,5.3484,0.5017,0.2867,404006.7333
603,2019-10-18,72.0838,51.857,3.0293,6.2039,5.2513,0.5109,0.292,396671.6851
604,2019-10-17,74.925,53.901,3.1487,6.4485,5.4582,0.4916,0.2809,412306.9194
605,2019-10-16,77.1349,55.4908,3.2415,6.6387,5.6192,0.4775,0.2729,424467.6572
606,2019-10-15,75.6616,54.431,3.1796,6.5119,5.5119,0.4868,0.2782,416360.4987
607,2019-10-14,77.17,55.516,3.243,6.6417,5.6218,0.4773,0.2727,424660.6848
608,2019-10-11,72.7502,52.3365,3.0573,6.2613,5.2998,0.5063,0.2893,400339.2092
609,2019-10-10,74.0832,53.2954,3.1133,6.376,5.3969,0.4972,0.2841,407674.2574
610,2019-10-09,67.3483,48.4504,2.8303,5.7964,4.9063,0.5469,0.3125,370612.9613
611,2019-10-08,69.1022,49.7121,2.904,5.9473,5.034,0.533,0.3046,380264.3405
612,2019-09-30,72.1188,51.8823,3.0307,6.207,5.2538,0.5107,0.2918,396864.7127
613,2019-09-27,70.6807,50.8477,2.9703,6.0832,5.149,0.5211,0.2978,388950.5818
614,2019-09-26,65.4191,47.0625,2.7492,5.6303,4.7657,0.563,0.3217,359996.4442
615,2019-09-25,67.9446,48.8794,2.8553,5.8477,4.9497,0.5421,0.3098,373894.4302
616,2019-09-24,69.7336,50.1663,2.9305,6.0017,5.08,0.5282,0.3018,383738.837
617,2019-09-23,72.3644,52.0589,3.0411,6.2281,5.2717,0.509,0.2908,398215.9058
618,2019-09-20,70.7157,50.8729,2.9718,6.0862,5.1516,0.5208,0.2976,389143.6093
619,2019-09-19,69.032,49.6616,2.901,5.9413,5.0289,0.5335,0.3049,379878.2853
620,2019-09-18,64.2264,46.2045,2.6991,5.5277,4.6789,0.5735,0.3277,353433.5063
621,2019-09-17,63.0338,45.3465,2.649,5.4251,4.592,0.5843,0.3339,346870.5684
622,2019-09-16,65.1735,46.8858,2.7389,5.6092,4.7478,0.5651,0.3229,358645.2511
623,2019-09-12,65.4542,47.0877,2.7507,5.6334,4.7683,0.5627,0.3215,360189.4717
624,2019-09-11,63.3144,45.5484,2.6607,5.4492,4.6124,0.5817,0.3324,348414.7891
625,2019-09-10,63.8406,45.9269,2.6829,5.4945,4.6507,0.5769,0.3297,351310.2029
626,2019-09-09,67.9797,48.9046,2.8568,5.8507,4.9523,0.5418,0.3096,374087.4578
627,2019-09-06,61.8061,44.4633,2.5974,5.3194,4.5025,0.5959,0.3405,340114.603
628,2019-09-05,60.7538,43.7063,2.5531,5.2288,4.4259,0.6062,0.3464,334323.7755
629,2019-09-04,58.5089,42.0913,2.4588,5.0356,4.2623,0.6295,0.3597,321970.0101
630,2019-09-03,57.6319,41.4604,2.4219,4.9601,4.1984,0.6391,0.3652,317144.3205
631,2019-09-02,56.6498,40.7538,2.3807,4.8756,4.1269,0.6502,0.3715,311739.5482
632,2019-08-30,54.5451,39.2398,2.2922,4.6945,3.9736,0.6752,0.3859,300157.8931
633,2019-08-29,56.2639,40.4762,2.3645,4.8424,4.0988,0.6546,0.3741,309616.2447
634,2019-08-28,56.1236,40.3753,2.3586,4.8303,4.0886,0.6562,0.375,308844.1344
635,2019-08-27,59.1052,46.0267,2.4985,5.0869,4.544,0.6231,0.3561,325251.479
636,2019-08-26,58.6842,45.6989,2.4807,5.0507,4.5117,0.6276,0.3586,322935.148
637,2019-08-23,61.28,47.7203,2.5904,5.2741,4.7112,0.601,0.3434,337219.1892
638,2019-08-22,62.5427,48.7036,2.6438,5.3828,4.8083,0.5889,0.3365,344168.1823
639,2019-08-21,64.8578,50.5064,2.7417,5.582,4.9863,0.5679,0.3245,356908.0028
640,2019-08-20,63.7003,49.605,2.6927,5.4824,4.8973,0.5782,0.3304,350538.0925
641,2019-08-19,66.1206,51.4898,2.795,5.6907,5.0834,0.557,0.3183,363856.9958
642,2019-08-16,63.1741,49.1953,2.6705,5.4371,4.8568,0.583,0.3331,347642.6788
643,2019-08-15,60.9643,47.4744,2.5771,5.2469,4.687,0.6041,0.3452,335481.941
644,2019-08-14,61.28,47.7203,2.5904,5.2741,4.7112,0.601,0.3434,337219.1892
645,2019-08-13,59.5261,46.3545,2.5163,5.1232,4.5764,0.6187,0.3536,327567.81
646,2019-08-12,61.0344,47.5291,2.58,5.253,4.6923,0.6034,0.3448,335867.9962
647,2019-08-09,57.4565,44.7429,2.4288,4.945,4.4173,0.641,0.3663,316179.1826
648,2019-08-08,57.4565,44.7429,2.4288,4.945,4.4173,0.641,0.3663,316179.1826
649,2019-08-07,56.1236,43.7049,2.3724,4.8303,4.3148,0.6562,0.375,308844.1344
650,2019-08-06,58.8246,45.8082,2.4866,5.0628,4.5224,0.6261,0.3578,323707.2584
651,2019-08-05,60.5784,47.1739,2.5608,5.2137,4.6573,0.608,0.3474,333358.6376
652,2019-08-02,62.9286,49.0041,2.6601,5.416,4.838,0.5853,0.3344,346291.4857
653,2019-08-01,60.6836,47.2559,2.5652,5.2228,4.6654,0.6069,0.3468,333937.7203
654,2019-07-31,58.4036,45.4804,2.4688,5.0266,4.4901,0.6306,0.3604,321390.9274
655,2019-07-30,57.3864,44.6882,2.4258,4.939,4.4119,0.6418,0.3667,315793.1274
656,2019-07-29,54.5802,42.503,2.3072,4.6975,4.1961,0.6748,0.3856,300350.9207
657,2019-07-26,52.9667,41.2465,2.239,4.5586,4.0721,0.6954,0.3974,291471.6518
658,2019-07-25,54.054,42.0933,2.285,4.6522,4.1557,0.6814,0.3894,297455.5069
659,2019-07-24,53.9137,41.984,2.279,4.6401,4.1449,0.6831,0.3904,296683.3966
660,2019-07-23,51.3531,39.99,2.1708,4.4197,3.948,0.7172,0.4098,282592.383
661,2019-07-22,50.4762,39.3071,2.1337,4.3443,3.8806,0.7297,0.417,277766.6934
662,2019-07-19,52.1599,40.6182,2.2049,4.4892,4.0101,0.7061,0.4035,287032.0174
663,2019-07-18,53.2122,41.4377,2.2494,4.5798,4.091,0.6922,0.3955,292822.8449
664,2019-07-17,56.5445,44.0327,2.3902,4.8666,4.3472,0.6514,0.3722,311160.4654
665,2019-07-16,51.3882,40.0173,2.1723,4.4228,3.9507,0.7167,0.4096,282785.4106
666,2019-07-15,52.1599,40.6182,2.2049,4.4892,4.0101,0.7061,0.4035,287032.0174
667,2019-07-12,50.2657,39.1432,2.1248,4.3262,3.8644,0.7327,0.4187,276608.5279
668,2019-07-11,49.2134,38.3237,2.0803,4.2356,3.7835,0.7484,0.4277,270817.7004
669,2019-07-10,50.7919,39.5529,2.1471,4.3714,3.9049,0.7251,0.4144,279503.9416
670,2019-07-09,46.1617,35.9473,1.9513,3.9729,3.5489,0.7979,0.4559,254024.3005
671,2019-07-08,46.4072,36.1385,1.9617,3.9941,3.5678,0.7937,0.4535,255375.4936
672,2019-07-05,48.582,37.832,2.0537,4.1812,3.735,0.7581,0.4332,267343.2038
673,2019-07-04,47.9506,37.3404,2.027,4.1269,3.6865,0.7681,0.4389,263868.7073
674,2019-07-03,48.7223,37.9413,2.0596,4.1933,3.7458,0.7559,0.432,268115.3142
675,2019-07-02,48.3715,37.6681,2.0448,4.1631,3.7188,0.7614,0.4351,266185.0383
676,2019-07-01,46.9684,36.5755,1.9854,4.0424,3.6109,0.7842,0.4481,258463.935
677,2019-06-28,45.0743,35.1005,1.9054,3.8794,3.4653,0.8171,0.4669,248040.4454
678,2019-06-27,46.4423,36.1658,1.9632,3.9971,3.5705,0.7931,0.4532,255568.5212
679,2019-06-26,46.3721,36.1112,1.9602,3.9911,3.5651,0.7943,1.2481,255182.466
680,2019-06-25,45.425,35.3736,1.9202,3.9095,3.4923,0.8108,1.2741,249970.7213
681,2019-06-24,47.3192,36.8487,2.0003,4.0726,3.6379,0.7784,1.2231,260394.2108
682,2019-06-21,46.758,36.4116,1.9765,4.0243,3.5948,0.7877,1.2378,257305.7695
683,2019-06-20,45.8109,35.6741,1.9365,3.9428,3.522,0.804,1.2634,252094.0247
684,2019-06-19,46.0564,35.8653,1.9469,3.9639,3.5408,0.7997,1.2567,253445.2178
685,2019-06-18,46.302,36.0565,1.9573,3.985,3.5597,0.7955,0.7955,254796.4109
686,2019-06-17,45.0392,35.0732,1.9039,3.8763,3.4626,0.8178,0.8178,247847.4179
687,2019-06-14,44.934,34.9912,1.8994,3.8673,3.4545,0.8197,0.8197,247268.3351
688,2019-06-13,45.9161,35.7561,1.941,3.9518,3.53,0.8021,0.8021,252673.1075
689,2019-06-12,45.9161,35.7561,1.941,3.9518,3.53,0.8021,0.8021,252673.1075
690,2019-06-11,46.7229,36.3843,1.9751,4.0212,3.5921,0.7883,0.7883,257112.7419
691,2019-06-10,45.5654,35.4829,1.9261,3.9216,3.5031,0.8083,0.8083,250742.8316
692,2019-06-06,43.8816,34.1717,1.855,3.7767,3.3736,0.8393,0.8393,241477.5076
693,2019-06-05,45.1795,35.1824,1.9098,3.8884,3.4734,0.8152,0.8152,248619.5282
694,2019-06-04,44.513,34.6634,1.8816,3.8311,3.4222,0.8274,0.8274,244952.0041
695,2019-06-03,44.1973,34.4176,1.8683,3.8039,3.3979,0.8333,0.8333,243214.7558
696,2019-05-31,45.4952,35.4283,1.9232,3.9156,3.4977,0.8096,0.8096,250356.7764
697,2019-05-30,45.2497,35.2371,1.9128,3.8944,3.4788,0.814,0.814,249005.5834
698,2019-05-29,47.0737,36.6575,1.9899,4.0514,3.619,0.7824,0.7824,259043.0177
699,2019-05-28,44.5832,34.7181,1.8846,3.8371,3.4276,0.8261,0.8261,245338.0593
700,2019-05-27,45.9161,35.7561,1.941,3.9518,3.53,0.8021,0.8021,252673.1075
701,2019-05-24,44.8989,34.9639,1.898,3.8643,3.4518,0.8203,0.8203,247075.3075
702,2019-05-23,45.5654,35.4829,1.9261,3.9216,3.5031,0.8083,0.8083,250742.8316
703,2019-05-22,46.6527,36.3297,1.9721,4.0152,3.5867,0.7895,0.7895,256726.6867
704,2019-05-21,46.6527,36.3297,1.9721,4.0152,3.5867,0.7895,0.7895,256726.6867
705,2019-05-20,47.8454,37.2584,2.0225,4.1179,3.6784,0.7698,0.7698,263289.6246
706,2019-05-17,46.3721,36.1112,1.9602,3.9911,3.5651,0.7943,0.7943,255182.466
707,2019-05-16,47.9857,37.3677,2.0284,4.1299,3.6892,0.7675,0.7675,264061.7349
708,2019-05-15,47.7051,37.1491,2.0166,4.1058,3.6676,0.7721,0.7721,262517.5142
709,2019-05-14,47.3894,36.9033,2.0032,4.0786,3.6433,0.7772,0.7772,260780.266
710,2019-05-13,48.0909,37.4496,2.0329,4.139,3.6972,0.7659,0.7659,264640.8177
711,2019-05-10,48.9328,38.1052,2.0685,4.2114,3.762,0.7527,0.7527,269273.4797
712,2019-05-09,45.5303,35.4556,1.9246,3.9186,3.5004,0.8089,0.8089,250549.804
713,2019-05-08,43.7764,34.0898,1.8505,3.7677,3.3655,0.8413,0.8413,240898.4248
714,2019-05-07,47.6349,37.0945,2.0136,4.0997,3.6622,0.7732,0.7732,262131.4591
715,2019-05-06,47.5297,37.0126,2.0092,4.0907,3.6541,0.7749,0.7749,261552.3763
716,2019-04-30,52.8263,41.1372,2.2331,4.5465,4.0613,0.6972,0.6972,290699.5415
717,2019-04-29,53.6682,41.7928,2.2687,4.619,4.126,0.6863,0.6863,295332.2035
718,2019-04-26,50.4762,50.4762,2.1921,4.3443,4.3443,0.7297,0.7297,277766.6934
719,2019-04-25,50.5112,50.5112,2.1936,4.3473,4.3473,0.7292,0.7292,277959.721
720,2019-04-24,46.4204,55.1745,2.2527,6.341,4.2809,0.7119,0.7119,284715.6864
721,2019-04-23,45.8854,54.5386,2.2268,6.2679,4.2315,0.7202,0.7202,281434.2175
722,2019-04-22,46.8925,55.7356,2.2757,6.4055,4.3244,0.7047,0.7047,287611.1002
723,2019-04-19,47.8996,56.9326,2.3245,6.5431,4.4173,0.6899,0.6899,293787.9828
724,2019-04-18,48.4346,57.5685,2.3505,6.6161,4.4666,0.6823,0.6823,297069.4518
725,2019-04-17,49.662,59.0273,2.4101,6.7838,4.5798,0.6654,0.6654,304597.5276
726,2019-04-16,49.7564,59.1396,2.4146,6.7967,4.5885,0.6641,0.6641,305176.6103
727,2019-04-15,48.6864,57.8677,2.3627,6.6505,4.4898,0.6787,0.6787,298613.6724
728,2019-04-12,46.7666,55.5859,2.2695,6.3883,4.3128,0.7066,0.7066,286838.9898
729,2019-04-11,45.5392,54.1271,2.21,6.2206,4.1996,0.7256,0.7256,279310.914
730,2019-04-10,48.4031,57.5311,2.349,6.6118,4.4637,0.6827,0.6827,296876.4242
731,2019-04-09,49.4102,58.7281,2.3978,6.7494,4.5566,0.6688,0.6688,303053.3069
732,2019-04-08,50.795,60.374,2.465,6.9386,4.6843,0.6506,0.6506,311546.5206
733,2019-04-04,48.9381,58.167,2.3749,6.6849,4.5131,0.6752,0.6752,300157.8931
734,2019-04-03,45.6651,54.2767,2.2161,6.2378,4.2112,0.7236,0.7236,280083.0244
735,2019-04-02,43.4621,51.6583,2.1092,5.9369,4.0081,0.7603,0.7603,266571.0935
736,2019-04-01,39.4967,46.9451,1.9167,5.3952,3.6424,0.8367,0.8367,242249.6179
737,2019-03-29,38.8673,46.1969,1.8862,5.3093,3.5843,0.8502,0.8502,238389.0662
738,2019-03-28,37.1993,44.2144,1.8053,5.0814,3.4305,0.8883,0.8883,228158.6043
739,2019-03-27,36.5699,43.4663,1.7747,4.9954,3.3725,0.9036,0.9036,224298.0526
740,2019-03-26,36.1292,42.9426,1.7533,4.9352,3.3318,0.9146,0.9146,221595.6664
741,2019-03-25,36.444,43.3166,1.7686,4.9782,3.3608,0.9067,0.9067,223525.9423
742,2019-03-22,37.1363,44.1396,1.8022,5.0728,3.4247,0.8898,0.8898,227772.5491
743,2019-03-21,37.1678,44.177,1.8037,5.0771,3.4276,0.8891,0.8891,227965.5767
744,2019-03-20,36.8531,43.8029,1.7885,5.0341,3.3986,0.8967,0.8967,226035.3009
745,2019-03-19,37.6084,44.7007,1.8251,5.1373,3.4682,0.8787,0.8787,230667.9629
746,2019-03-18,38.0175,45.187,1.845,5.1932,3.506,0.8692,0.8692,233177.3215
747,2019-03-15,36.8216,43.7655,1.7869,5.0298,3.3957,0.8974,0.8974,225842.2733
748,2019-03-14,36.7272,43.6533,1.7823,5.0169,3.387,0.8997,0.8997,225263.1905
749,2019-03-13,38.0805,45.2618,1.848,5.2018,3.5118,0.8678,0.8678,233563.3766
750,2019-03-12,39.4967,46.9451,1.9167,5.3952,3.6424,0.8367,0.8367,242249.6179
751,2019-03-11,38.7729,46.0847,1.8816,5.2964,3.5756,0.8523,0.8523,237809.9835
752,2019-03-08,36.6013,43.5037,1.7762,4.9997,3.3754,0.9028,0.9028,224491.0802
753,2019-03-07,37.5769,44.6633,1.8236,5.133,3.4653,0.8794,0.8794,230474.9353
754,2019-03-06,37.1993,44.2144,1.8053,5.0814,3.4305,0.8883,0.8883,228158.6043
755,2019-03-05,35.846,42.6059,1.7396,4.8966,3.3057,0.9219,0.9219,219858.4182
756,2019-03-04,35.0907,41.7082,1.7029,4.7934,3.2361,0.9417,0.9417,215225.7562
757,2019-03-01,34.9963,41.5959,1.6983,4.7805,3.2273,0.9442,0.9442,214646.6734
758,2019-02-28,34.9019,41.4837,1.6938,4.7676,3.2186,0.9468,0.9468,214067.5907
759,2019-02-27,34.8704,41.9029,1.7131,4.7633,3.5683,0.9477,0.9477,213874.5631
760,2019-02-26,35.1536,42.2433,1.727,4.802,3.5973,0.94,0.94,215611.8113
761,2019-02-25,36.2551,43.5669,1.7811,4.9524,3.71,0.9115,0.9115,222367.7768
762,2019-02-22,34.8389,41.8651,1.7115,4.759,3.5651,0.9485,0.9485,213681.5355
763,2019-02-21,33.9892,40.844,1.6698,4.6429,3.4781,0.9722,0.9722,208469.7907
764,2019-02-20,32.7933,39.4069,1.611,4.4795,3.3557,1.0077,1.0077,201134.7425
765,2019-02-19,33.2968,40.012,1.6358,4.5483,3.4073,0.9924,0.9924,204223.1839
766,2019-02-18,33.3283,40.0498,1.6373,4.5526,3.4105,0.9915,0.9915,204416.2115
767,2019-02-15,31.9435,38.3858,1.5693,4.3635,3.2688,1.0345,1.0345,195922.9978
768,2019-02-14,32.7618,39.3691,1.6095,4.4752,3.3525,1.0086,1.0086,200941.7149
769,2019-02-13,32.3841,38.9152,1.5909,4.4237,3.3139,1.0204,1.0204,198625.3839
770,2019-02-12,29.4258,35.3603,1.4456,4.0196,3.0112,1.123,1.123,180480.791
771,2019-02-11,29.1741,35.0578,1.4332,3.9852,2.9854,1.1327,1.1327,178936.5704
772,2019-02-01,28.0726,33.7341,1.3791,3.8347,2.8727,1.1771,1.1771,172180.6049
773,2019-01-31,27.1599,32.6374,1.3343,3.71,2.7793,1.2167,1.2167,166582.805
774,2019-01-30,27.7264,33.3181,1.3621,3.7874,2.8372,1.1918,1.1918,170057.3015
775,2019-01-29,27.8208,33.4316,1.3668,3.8003,2.8469,1.1878,1.1878,170636.3843
776,2019-01-28,28.8279,34.6418,1.4162,3.9379,2.95,1.1463,1.1463,176813.2669
777,2019-01-25,30.5903,36.7596,1.5028,4.1786,3.1303,1.0802,1.0802,187622.8116
778,2019-01-24,30.6847,36.873,1.5075,4.1915,3.14,1.0769,1.0769,188201.8944
779,2019-01-23,30.4644,36.6083,1.4966,4.1614,3.1174,1.0847,1.0847,186850.7013
780,2019-01-22,30.4329,36.5705,1.4951,4.1571,3.1142,1.0858,1.0858,186657.6737
781,2019-01-21,31.0623,37.3269,1.526,4.2431,3.1786,1.0638,1.0638,190518.2254
782,2019-01-18,30.6217,36.7974,1.5044,4.1829,3.1335,1.0791,1.0791,187815.8392
783,2019-01-17,30.842,37.0621,1.5152,4.213,3.1561,1.0714,1.0714,189167.0323
784,2019-01-16,31.3141,37.6294,1.5384,4.2775,3.2044,1.0553,1.0553,192062.4461
785,2019-01-15,32.4156,38.9531,1.5925,4.428,3.3171,1.0194,1.0194,198818.4115
786,2019-01-14,33.6115,40.3902,1.6512,4.5913,3.4395,0.9831,0.9831,206153.4597
787,2019-01-11,32.8877,39.5203,1.6157,4.4924,3.3654,1.0048,1.0048,201713.8253
788,2019-01-10,29.8979,35.9276,1.4688,4.084,3.0595,1.1053,1.1053,183376.2048
789,2019-01-09,29.0796,34.9443,1.4286,3.9723,2.9757,1.1364,1.1364,178357.4876
790,2019-01-08,28.7964,34.6039,1.4147,3.9336,2.9467,1.1475,1.1475,176620.2394
791,2019-01-07,28.639,34.4148,1.407,3.9121,2.9306,1.1538,1.1538,175655.1014
792,2019-01-04,28.104,33.7719,1.3807,3.839,2.8759,1.1758,1.1758,172373.6325
793,2019-01-03,27.6949,33.2803,1.3606,3.7831,2.834,1.1932,1.1932,169864.2739
794,2019-01-02,29.0167,34.8687,1.4255,3.9637,2.9693,1.1388,1.1388,177971.4324
795,2018-12-28,28.9223,34.7552,1.4209,3.9508,2.9596,0.8456,1.1425,177392.3497
796,2018-12-27,28.8279,34.6418,1.4162,3.9379,2.95,0.8484,1.1463,176813.2669
797,2018-12-26,28.4502,34.1879,1.3977,3.8863,2.9113,0.8596,1.1615,174496.9359
798,2018-12-25,28.4817,34.2257,1.3992,3.8906,2.9145,0.8587,1.1602,174689.9635
799,2018-12-24,29.1426,35.0199,1.4317,3.9809,2.9822,0.8392,1.1339,178743.5428
800,2018-12-21,28.4502,34.1879,1.3977,3.8863,2.9113,0.8596,1.1615,174496.9359
801,2018-12-20,28.5761,34.3392,1.4039,3.9035,2.9242,0.8558,1.1564,175269.0463
802,2018-12-19,28.4187,34.1501,1.3961,3.882,2.9081,0.8606,1.1628,174303.9084
803,2018-12-18,29.237,35.1334,1.4363,3.9938,2.9918,0.8365,1.1302,179322.6255
804,2018-12-17,29.5832,35.5494,1.4533,4.0411,3.0273,0.8267,1.117,181445.929
805,2018-12-14,30.5273,36.684,1.4997,4.17,3.1239,0.8011,1.0825,187236.7565
806,2018-12-13,31.9121,38.348,1.5677,4.3592,3.2656,0.7664,1.0355,195729.9702
807,2018-12-12,31.3141,37.6294,1.5384,4.2775,3.2044,0.781,1.0553,192062.4461
808,2018-12-11,31.9121,38.348,1.5677,4.3592,3.2656,0.7664,1.0355,195729.9702
809,2018-12-10,31.9121,38.348,1.5677,4.3592,3.2656,0.7664,1.0355,195729.9702
810,2018-12-07,31.8491,38.2723,1.5647,4.3506,3.2591,0.7679,1.0375,195343.915
811,2018-12-06,31.8177,38.2345,1.5631,4.3463,3.2559,0.7686,1.0386,195150.8874
812,2018-12-05,32.6674,39.2556,1.6049,4.4624,3.3429,0.7486,1.0116,200362.6322
813,2018-12-04,33.2968,40.012,1.6358,4.5483,3.4073,0.7345,0.9924,204223.1839
814,2018-12-03,33.9892,40.844,1.6698,4.6429,3.4781,0.7195,0.9722,208469.7907
815,2018-11-30,33.045,39.7094,1.6234,4.5139,3.3815,0.7401,1.0,202678.9632
816,2018-11-29,30.8106,37.0243,1.5136,4.2087,3.1529,0.7938,1.0725,188974.0047
817,2018-11-28,31.2197,37.516,1.5337,4.2646,3.1947,0.7834,1.0585,191483.3633
818,2018-11-27,29.7405,35.7385,1.4611,4.0625,3.0434,0.8223,1.1111,182411.0669
819,2018-11-26,29.6776,35.6629,1.458,4.0539,3.0369,0.8241,1.1135,182025.0117
820,2018-11-23,29.2685,35.1712,1.4379,3.9981,2.9951,0.8356,1.129,179515.6531
821,2018-11-22,30.4644,36.6083,1.4966,4.1614,3.1174,0.8028,1.0847,186850.7013
822,2018-11-21,30.5588,36.7218,1.5013,4.1743,3.1271,0.8003,1.0814,187429.7841
823,2018-11-20,29.835,35.8519,1.4657,4.0754,3.053,0.8197,1.1076,182990.1496
824,2018-11-19,30.6847,36.873,1.5075,4.1915,3.14,0.797,1.0769,188201.8944
825,2018-11-16,30.6532,36.8352,1.5059,4.1872,3.1368,0.7978,1.078,188008.8668
826,2018-11-15,30.6217,36.7974,1.5044,4.1829,3.1335,0.7987,1.0791,187815.8392
827,2018-11-14,29.7405,35.7385,1.4611,4.0625,3.0434,0.8223,1.1111,182411.0669
828,2018-11-13,29.835,35.8519,1.4657,4.0754,3.053,0.8197,1.1076,182990.1496
829,2018-11-12,29.3314,35.2468,1.441,4.0067,3.0015,0.8338,1.1266,179901.7083
830,2018-11-09,28.5761,34.3392,1.4039,3.9035,2.9242,0.8558,1.1564,175269.0463
831,2018-11-08,28.7335,34.5283,1.4116,3.925,2.9403,0.8511,1.1501,176234.1842
832,2018-11-07,28.8279,34.6418,1.4162,3.9379,2.95,0.8484,1.1463,176813.2669
833,2018-11-06,29.6461,35.625,1.4564,4.0496,3.0337,0.8249,1.1146,181831.9841
834,2018-11-05,30.0867,36.1545,1.4781,4.1098,3.0788,0.8129,1.0983,184534.3703
835,2018-11-02,30.2126,36.3058,1.4843,4.127,3.0917,0.8095,1.0937,185306.4806
836,2018-11-01,28.6076,34.377,1.4054,3.9078,2.9274,0.8549,1.1551,175462.0739
837,2018-10-31,27.9467,33.5828,1.3729,3.8175,2.8598,0.8751,1.1824,171408.4946
838,2018-10-30,27.5375,33.0912,1.3528,3.7616,2.8179,0.8881,1.2,168899.136
839,2018-10-29,26.9396,32.3726,1.3235,3.6799,2.7567,0.9078,1.2266,165231.6119
840,2018-10-26,27.3487,24.5396,1.3509,3.7358,2.8412,0.8942,1.2083,167740.9705
841,2018-10-25,26.8452,24.0878,1.326,3.667,2.7889,0.911,1.2309,164652.5292
842,2018-10-24,27.7264,24.8784,1.3696,3.7874,2.8805,0.8821,1.1918,170057.3015
843,2018-10-23,27.4117,24.5961,1.354,3.7444,2.8478,0.8922,1.2055,168127.0257
844,2018-10-22,27.8523,24.9914,1.3758,3.8046,2.8935,0.8781,1.1864,170829.4118
845,2018-10-19,26.8137,24.0595,1.3245,3.6627,2.7856,0.9121,1.2324,164459.5016
846,2018-10-18,26.0899,23.41,1.2887,3.5639,2.7104,0.9374,1.2666,160019.8671
847,2018-10-17,27.0025,24.2289,1.3338,3.6885,2.8053,0.9057,1.2238,165617.6671
848,2018-10-16,26.1213,23.4383,1.2903,3.5682,2.7137,0.9363,1.2651,160212.8947
849,2018-10-15,27.5061,24.6808,1.3587,3.7573,2.8576,0.8891,1.2014,168706.1084
850,2018-10-12,27.9152,25.0479,1.3789,3.8132,2.9001,0.8761,1.1838,171215.467
851,2018-10-11,28.9223,25.9515,1.4286,3.9508,3.0047,0.8456,1.1425,177392.3497
852,2018-10-10,32.1324,28.8319,1.5872,4.3893,3.3382,0.7611,1.0284,197081.1633
853,2018-10-09,31.6603,28.4083,1.5639,4.3248,3.2892,0.7725,1.0437,194185.7495
854,2018-10-08,30.9994,27.8153,1.5312,4.2345,3.2205,0.7889,1.066,190132.1702
855,2018-09-28,32.6989,29.3402,1.6152,4.4667,3.397,0.7479,1.0106,200555.6598
856,2018-09-27,32.3841,29.0578,1.5996,4.4237,3.3644,0.7552,1.0204,198625.3839
857,2018-09-26,33.2339,29.8202,1.6416,4.5397,3.4526,0.7359,0.9943,203837.1287
858,2018-09-25,33.108,29.7073,1.6354,4.5225,3.4396,0.7387,0.9981,203065.0184
859,2018-09-21,33.4856,30.0462,1.654,4.5741,3.4788,0.7303,0.9868,205381.3494
860,2018-09-20,32.9506,29.5661,1.6276,4.501,3.4232,0.7422,1.0029,202099.8804
861,2018-09-19,33.3283,29.905,1.6463,4.5526,3.4624,0.7338,0.9915,204416.2115
862,2018-09-18,33.108,29.7073,1.6354,4.5225,3.4396,0.7387,0.9981,203065.0184
863,2018-09-17,32.4471,29.1143,1.6027,4.4323,3.3709,0.7537,1.0184,199011.4391
864,2018-09-14,32.4786,29.1425,1.6043,4.4366,3.3742,0.753,1.0174,199204.4667
865,2018-09-13,33.1709,29.7638,1.6385,4.5311,3.4461,0.7373,0.9962,203451.0735
866,2018-09-12,32.6359,29.2837,1.6121,4.4581,3.3905,0.7494,1.0125,200169.6046
867,2018-09-11,32.3841,29.0578,1.5996,4.4237,3.3644,0.7552,1.0204,198625.3839
868,2018-09-10,32.1953,28.8884,1.5903,4.3979,3.3447,0.7596,1.0264,197467.2184
869,2018-09-07,34.2095,30.6956,1.6898,4.673,3.554,0.7149,0.966,209820.9838
870,2018-09-06,33.8948,30.4133,1.6742,4.63,3.5213,0.7215,0.9749,207890.708
871,2018-09-05,34.3983,30.8651,1.6991,4.6988,3.5736,0.711,0.9607,210979.1493
872,2018-09-04,34.9333,31.3451,1.7256,4.7719,3.6292,0.7001,0.9459,214260.6182
873,2018-09-03,34.8074,31.2322,1.7193,4.7547,3.6161,0.7026,0.9494,213488.5079
874,2018-08-31,34.6816,31.1192,1.7131,4.7375,3.603,0.7052,0.9528,212716.3976
875,2018-08-30,35.8145,32.1358,1.7691,4.8923,3.7207,0.6829,0.9227,219665.3906
876,2018-08-29,36.8846,33.096,1.8219,5.0384,3.8319,0.663,0.8959,226228.3284
877,2018-08-28,37.2308,33.4066,1.839,5.0857,3.8679,0.6569,0.8876,228351.6319
878,2018-08-27,37.1363,33.3219,1.8344,5.0728,3.8581,0.6586,0.8898,227772.5491
879,2018-08-24,36.4125,32.6724,1.7986,4.9739,3.7829,0.6716,0.9075,223332.9147
880,2018-08-23,37.1678,32.0303,1.8559,5.0771,4.3294,0.658,0.8891,227965.5767
881,2018-08-22,36.381,31.3522,1.8166,4.9696,4.2377,0.6722,0.9083,223139.8871
882,2018-08-21,37.3881,32.2201,1.8669,5.1072,4.355,0.6541,0.8838,229316.7698
883,2018-08-20,36.3496,31.3251,1.815,4.9653,4.2341,0.6728,0.9091,222946.8595
884,2018-08-17,36.2237,31.2166,1.8087,4.9481,4.2194,0.6751,0.9123,222174.7492
885,2018-08-16,37.2308,32.0845,1.859,5.0857,4.3367,0.6569,0.8876,228351.6319
886,2018-08-15,37.8602,32.6269,1.8905,5.1717,4.41,0.646,0.8728,232212.1836
887,2018-08-14,38.9932,33.6033,1.947,5.3264,4.542,0.6272,0.8475,239161.1766
888,2018-08-13,39.119,33.7118,1.9533,5.3436,4.5567,0.6252,0.8447,239933.2869
889,2018-08-10,38.7099,33.3592,1.9329,5.2878,4.509,0.6318,0.8537,237423.9283
890,2018-08-09,38.049,32.7897,1.8999,5.1975,4.432,0.6428,0.8685,233370.3491
891,2018-08-08,37.1363,32.0032,1.8543,5.0728,4.3257,0.6586,0.8898,227772.5491
892,2018-08-07,39.0246,33.6304,1.9486,5.3307,4.5457,0.6267,0.8468,239354.2042
893,2018-08-06,38.1434,32.871,1.9046,5.2104,4.443,0.6412,0.8663,233949.4318
894,2018-08-03,40.4408,34.8509,2.0193,5.5242,4.7106,0.6047,0.8171,248040.4454
895,2018-08-02,40.6611,35.0407,2.0303,5.5543,4.7363,0.6015,0.8127,249391.6385
896,2018-08-01,42.8956,36.9664,2.1419,5.8595,4.9966,0.5701,0.7704,263096.597
897,2018-07-31,44.1545,38.0512,2.2047,6.0315,5.1432,0.5539,0.7484,270817.7004
898,2018-07-30,43.7453,37.6986,2.1843,5.9756,5.0955,0.5591,0.7554,268308.3418
899,2018-07-27,44.4377,38.2953,2.2189,6.0702,5.1762,0.5503,0.7436,272554.9486
900,2018-07-26,45.3189,39.0547,2.2629,6.1905,5.2788,0.5396,0.7292,277959.721
901,2018-07-25,46.5148,40.0853,2.3226,6.3539,5.4181,0.5258,0.7104,285294.7692
902,2018-07-24,46.1372,39.7598,2.3037,6.3023,5.3741,0.5301,0.7162,282978.4381
903,2018-07-23,45.791,39.4615,2.2865,6.255,5.3338,0.5341,0.7216,280855.1347
904,2018-07-20,46.1057,39.7327,2.3022,6.298,5.3705,0.5304,0.7167,282785.4106
905,2018-07-19,46.861,40.3836,2.3399,6.4012,5.4585,0.5219,0.7052,287418.0726
906,2018-07-18,47.459,40.8989,2.3697,6.4829,5.5281,0.5153,0.6963,291085.5967
907,2018-07-17,43.1474,37.1833,2.1545,5.8939,5.0259,0.5668,0.7659,264640.8177
908,2018-07-16,42.8956,36.9664,2.1419,5.8595,4.9966,0.5701,0.7704,263096.597
909,2018-07-13,46.1686,39.787,2.3053,6.3066,5.3778,0.5297,0.7157,283171.4657
910,2018-07-12,45.9483,39.5971,2.2943,6.2765,5.3522,0.5323,0.7192,281820.2726
911,2018-07-11,44.4692,38.3224,2.2205,6.0745,5.1799,0.55,0.7431,272747.9762
912,2018-07-10,47.0499,40.5464,2.3493,6.427,5.4805,0.5198,0.7023,288576.2381
913,2018-07-09,47.5219,40.9532,2.3729,6.4915,5.5354,0.5146,0.6954,291471.6518
914,2018-07-06,46.8925,40.4108,2.3415,6.4055,5.4621,0.5215,0.7047,287611.1002
915,2018-07-05,46.2945,39.8955,2.3116,6.3238,5.3925,0.5283,0.7138,283943.5761
916,2018-07-04,45.6966,39.3802,2.2817,6.2421,5.3228,0.5352,0.7231,280276.052
917,2018-07-03,46.7351,40.2752,2.3336,6.384,5.4438,0.5233,0.7071,286645.9622
918,2018-07-02,43.6824,37.6444,2.1812,5.967,5.0882,0.5599,0.7565,267922.2866
919,2018-06-29,45.4133,39.1361,2.2676,6.2034,5.2898,0.5385,0.7277,278538.8037
920,2018-06-28,44.2174,38.1054,2.2079,6.0401,5.1505,0.5531,0.7473,271203.7555
921,2018-06-27,44.8468,38.6479,2.2393,6.1261,5.2238,0.5453,0.7368,275064.3072
922,2018-06-26,45.5707,39.2717,2.2385,6.2249,5.3082,0.5367,,279503.9416
923,2018-06-25,44.8783,38.675,2.2045,6.1304,5.2275,0.5449,,275257.3348
924,2018-06-22,44.5007,38.3495,2.186,6.0788,5.1835,0.5496,,272941.0038
925,2018-06-21,43.053,37.102,2.1148,5.881,5.0149,0.568,,264061.7349
926,2018-06-20,44.4377,38.2953,2.1829,6.0702,5.1762,0.5503,,272554.9486
927,2018-06-19,43.1159,37.1562,2.1179,5.8896,5.0222,0.5672,,264447.7901
928,2018-06-15,45.0671,38.8377,2.2138,6.1562,5.2495,0.5427,,276415.5003
929,2018-06-14,46.5778,40.1395,2.288,6.3625,5.4255,0.5251,,285680.8243
930,2018-06-13,46.4519,40.0311,2.2818,6.3453,5.4108,0.5265,,284908.714
931,2018-06-12,51.1097,44.045,2.5106,6.9816,5.9534,0.4785,,313476.7964
932,2018-06-11,50.3858,43.4212,2.4751,6.8827,5.869,0.4854,,309037.162
933,2018-06-08,52.7777,45.4824,2.5925,7.2094,6.1476,0.4634,,323707.2584
934,2018-06-07,51.267,44.1806,2.5183,7.0031,5.9717,0.477,,314441.9343
935,2018-06-06,52.3371,45.1027,2.5709,7.1492,6.0963,0.4673,,321004.8722
936,2018-06-05,51.8335,44.6688,2.5462,7.0804,6.0377,0.4718,,317916.4308
937,2018-06-04,50.6376,43.6382,2.4874,6.9171,5.8984,0.483,,310581.3827
938,2018-06-01,54.8862,47.2996,2.6961,7.4974,6.3933,0.4456,,336640.1065
939,2018-05-31,60.8973,52.4797,2.9914,8.3185,7.0934,0.4016,,373508.375
940,2018-05-30,56.8689,49.0082,2.7935,7.7683,6.6242,0.43,0.43,348800.8443
941,2018-05-29,59.4811,51.2593,2.9218,8.1251,6.9285,0.4112,0.4112,364822.1338
942,2018-05-28,58.5055,50.4185,2.8739,7.9918,6.8148,0.418,0.418,358838.2787
943,2018-05-25,57.4354,49.4964,2.8213,7.8457,6.6902,0.4258,0.4258,352275.3408
944,2018-05-24,56.1766,48.4115,2.7595,7.6737,6.5436,0.4353,0.4353,344554.2374
945,2018-05-23,55.4842,47.8149,2.7255,7.5791,6.4629,0.4408,0.4408,340307.6306
946,2018-05-22,57.7502,49.7676,2.8368,7.8886,6.7268,0.4235,0.4235,354205.6166
947,2018-05-21,57.6243,49.6591,2.8306,7.8715,6.7122,0.4244,0.4244,353433.5063
948,2018-05-18,57.4984,49.5506,2.8244,7.8543,6.6975,0.4253,0.4253,352661.396
949,2018-05-17,57.1207,49.2252,2.8059,7.8027,6.6535,0.4281,0.4281,350345.065
950,2018-05-16,56.1136,48.3573,2.7564,7.6651,6.5362,0.4358,0.4358,344168.1823
951,2018-05-15,58.7258,50.6084,2.8847,8.0219,6.8405,0.4164,0.4164,360189.4717
952,2018-05-14,57.7502,49.7676,2.8368,7.8886,6.7268,0.4235,0.4235,354205.6166
953,2018-05-11,52.4944,45.2384,2.5786,7.1707,6.1146,0.4659,0.4659,321970.0101
954,2018-05-10,54.5401,47.0012,2.6791,7.4502,6.3529,0.4484,0.4484,334516.8031
955,2018-05-09,54.5401,47.0012,2.6791,7.4502,6.3529,0.4484,0.4484,334516.8031
956,2018-05-08,52.7462,45.4553,2.591,7.2051,6.144,0.4637,0.4637,323514.2308
957,2018-05-07,52.9035,45.5909,2.5987,7.2266,6.1623,0.4623,0.4623,324479.3687
958,2018-05-04,51.7076,44.5603,2.54,7.0632,6.023,0.473,0.473,317144.3205
959,2018-05-03,55.8619,48.1403,2.744,7.6307,6.5069,0.4378,0.4378,342623.9616
960,2018-05-02,57.1207,49.2252,2.8059,7.8027,6.6535,0.4281,0.4281,350345.065
961,2018-04-27,55.9877,48.2488,2.7502,7.6479,6.5216,0.4368,0.4368,343396.0719
962,2018-04-26,56.5857,56.5857,2.8226,7.7296,7.7296,0.4322,0.4322,347063.596
963,2018-04-25,58.2222,58.2222,2.9042,7.9531,7.9531,0.42,0.42,357101.0304
964,2018-04-24,60.6455,60.6455,3.0251,8.2842,8.2842,0.4033,0.4033,371964.1544
965,2018-04-23,57.6872,57.6872,2.8775,7.88,7.88,0.4239,0.4239,353819.5615
966,2018-04-20,54.2253,54.2253,2.7048,7.4072,7.4072,0.451,0.451,332586.5272
967,2018-04-19,49.2843,49.2843,2.4584,6.7322,6.7322,0.4962,0.4962,302281.1965
968,2018-04-18,48.9696,48.9696,2.4427,6.6892,6.6892,0.4994,0.4994,300350.9207
969,2018-04-17,48.3087,48.3087,2.4097,6.599,6.599,0.5062,0.5062,296297.3414
970,2018-04-16,71.817,48.9819,2.456,11.2414,6.7738,0.4925,0.4925,304597.5276
971,2018-04-13,74.1836,50.596,2.537,11.6118,6.997,0.4767,0.4767,314634.9619
972,2018-04-12,74.2747,50.658,2.5401,11.6261,7.0056,0.4762,0.4762,315021.0171
973,2018-04-11,72.6818,49.5716,2.4856,11.3767,6.8554,0.4866,0.4866,308265.0516
974,2018-04-10,71.4985,48.7646,2.4451,11.1915,6.7438,0.4946,0.4946,303246.3345
975,2018-04-09,73.0458,49.8199,2.498,11.4337,6.8897,0.4842,0.4842,309809.2723
976,2018-04-04,71.3164,48.6404,2.4389,11.163,6.7266,0.4959,0.4959,302474.2241
977,2018-04-03,72.6818,49.5716,2.4856,11.3767,6.8554,0.4866,0.4866,308265.0516
978,2018-04-02,71.3619,48.6714,2.4405,11.1702,6.7309,0.4956,0.4956,302667.2517
979,2018-03-30,69.7235,47.554,2.3844,10.9137,6.5763,0.5072,0.5072,295718.2587
980,2018-03-29,68.2671,46.5607,2.3346,10.6857,6.439,0.5181,0.5181,289541.376
981,2018-03-28,67.3114,45.9088,2.3019,10.5361,6.3488,0.5254,0.5254,285487.7967
982,2018-03-27,66.9928,45.6916,2.291,10.4863,6.3188,0.5279,0.5279,284136.6036
983,2018-03-26,64.4897,43.9843,2.2054,10.0945,6.0827,0.5484,0.5484,273520.0865
984,2018-03-23,62.9423,42.929,2.1525,9.8522,5.9367,0.5619,0.5619,266957.1487
985,2018-03-22,69.6325,47.4919,2.3813,10.8994,6.5678,0.5079,0.5079,295332.2035
986,2018-03-21,70.9068,48.361,2.4249,11.0989,6.6879,0.4988,0.4988,300736.9759
987,2018-03-20,71.6805,48.8887,2.4513,11.22,6.7609,0.4934,0.4934,304018.4448
988,2018-03-19,72.4997,49.4475,2.4794,11.3482,6.8382,0.4878,0.4878,307492.9413
989,2018-03-16,72.1356,49.1991,2.4669,11.2913,6.8039,0.4903,0.4903,305948.7206
990,2018-03-15,72.2266,49.2612,2.47,11.3055,6.8124,0.4897,0.4897,306334.7758
991,2018-03-14,73.3644,50.0372,2.5089,11.4836,6.9198,0.4821,0.4821,311160.4654
992,2018-03-13,74.5022,50.8132,2.5478,11.6617,7.0271,0.4747,0.4747,315986.155
993,2018-03-12,75.731,51.6513,2.5899,11.854,7.143,0.467,0.467,321197.8998
994,2018-03-09,74.7753,50.9995,2.5572,11.7044,7.0528,0.473,0.473,317144.3205
995,2018-03-08,73.501,50.1304,2.5136,11.505,6.9326,0.4812,0.4812,311739.5482
996,2018-03-07,73.4099,50.0683,2.5105,11.4907,6.924,0.4818,0.4818,311353.493
997,2018-03-06,74.1836,50.596,2.537,11.6118,6.997,0.4767,0.4767,314634.9619
998,2018-03-05,71.4074,48.7025,2.442,11.1773,6.7352,0.4953,0.4953,302860.2793
999,2018-03-02,71.1799,48.5473,2.4342,11.1417,6.7137,0.4969,0.4969,301895.1414
1000,2018-03-01,70.9978,48.4231,2.428,11.1132,6.6965,0.4981,0.4981,301123.031
1001,2018-02-28,70.5427,48.1127,2.4124,11.0419,6.6536,0.5013,0.5013,299192.7552
1002,2018-02-27,71.817,51.4123,2.5072,11.2414,8.4343,0.4925,0.4925,304597.5276
1003,2018-02-26,72.5452,51.9335,2.5326,11.3554,8.5198,0.4875,0.4875,307685.9689
1004,2018-02-23,69.2684,49.5877,2.4182,10.8425,8.135,0.5106,0.5106,293787.9828
1005,2018-02-22,69.86,50.0113,2.4389,10.9351,8.2045,0.5062,0.5062,296297.3414
1006,2018-02-14,69.587,49.8158,2.4294,10.8923,8.1724,0.5082,0.5082,295139.1759
1007,2018-02-13,67.9486,48.6429,2.3722,10.6359,7.98,0.5205,0.5205,288190.1829
1008,2018-02-12,67.9486,48.6429,2.3722,10.6359,7.98,0.5205,0.5205,288190.1829
1009,2018-02-09,65.9461,47.2094,2.3022,10.3224,7.7448,0.5363,0.5363,279696.9692
1010,2018-02-08,67.9031,48.6103,2.3706,10.6287,7.9746,0.5208,0.5208,287997.1553
1011,2018-02-07,65.764,47.079,2.2959,10.2939,7.7234,0.5378,0.5378,278924.8589
1012,2018-02-06,64.3077,46.0364,2.245,10.066,7.5524,0.55,0.55,272747.9762
1013,2018-02-05,69.1319,49.49,2.4135,10.8211,8.119,0.5116,0.5116,293208.9001
1014,2018-02-02,69.2229,49.5552,2.4166,10.8353,8.1297,0.5109,0.5109,293594.9553
1015,2018-02-01,68.4947,49.0339,2.3912,10.7214,8.0441,0.5163,0.5163,290506.5139
1016,2018-01-31,71.1344,50.9235,2.4834,11.1345,8.3541,0.4972,0.4972,301702.1138
1017,2018-01-30,73.3644,52.52,2.5612,11.4836,8.616,0.4821,0.4821,311160.4654
1018,2018-01-29,73.2734,52.4548,2.558,11.4694,8.6054,0.4827,0.4827,310774.4102
1019,2018-01-26,73.4099,52.5526,2.5628,11.4907,8.6214,0.4818,0.4818,311353.493
1020,2018-01-25,73.7285,52.7806,2.5739,11.5406,8.6588,0.4797,0.4797,312704.6861
1021,2018-01-24,75.7765,54.2468,2.6454,11.8612,8.8993,0.4667,0.4667,321390.9274
1022,2018-01-23,77.4149,55.4197,2.7026,12.1176,9.0917,0.4568,0.4568,328339.9204
1023,2018-01-22,70.3607,50.3697,2.4564,11.0134,8.2633,0.5026,0.5026,298420.6449
1024,2018-01-19,69.1774,49.5226,2.4151,10.8282,8.1243,0.5112,0.5112,293401.9277
1025,2018-01-18,69.4049,49.6855,2.423,10.8638,8.151,0.5096,0.5096,294367.0656
1026,2018-01-17,69.1319,49.49,2.4135,10.8211,8.119,0.5116,0.5116,293208.9001
1027,2018-01-16,68.9043,49.3271,2.4055,10.7855,8.0922,0.5133,0.5133,292243.7622
1028,2018-01-15,68.8588,49.2945,2.4039,10.7783,8.0869,0.5136,0.5136,292050.7346
1029,2018-01-12,71.0889,50.891,2.4818,11.1274,8.3488,0.4975,0.4975,301509.0862
1030,2018-01-11,72.8638,52.1616,2.5437,11.4052,8.5572,0.4854,0.4854,309037.162
1031,2018-01-10,73.2734,52.4548,2.558,11.4694,8.6054,0.4827,0.4827,310774.4102
1032,2018-01-09,68.7678,49.2294,2.4008,10.7641,8.0762,0.5143,0.5143,291664.6794
1033,2018-01-08,69.769,49.9461,2.4357,10.9208,8.1938,0.5069,0.5069,295911.2863
1034,2018-01-05,70.9978,50.8258,2.4786,11.1132,8.3381,0.4981,0.4981,301123.031
1035,2018-01-04,71.2254,50.9887,2.4865,11.1488,8.3648,0.4965,0.4965,302088.169
1036,2018-01-03,72.2266,51.7055,2.5215,11.3055,8.4824,0.4897,0.4897,306334.7758
1037,2018-01-02,71.1344,50.9235,2.4834,11.1345,8.3541,0.4972,0.4972,301702.1138
1038,2017-12-29,70.8613,50.7281,2.4738,11.0918,8.3221,,0.4991,300543.9483
1039,2017-12-28,70.5427,50.5,2.4627,11.0419,8.2847,,0.5013,299192.7552
1040,2017-12-27,71.0433,50.8584,2.4802,11.1203,8.3434,,0.4978,301316.0586
1041,2017-12-26,71.1799,50.9561,2.485,11.1417,8.3595,,0.4969,301895.1414
1042,2017-12-25,70.0876,50.1742,2.4468,10.9707,8.2312,,0.5046,297262.4794
1043,2017-12-22,69.6325,49.8484,2.4309,10.8994,8.1778,,0.5079,295332.2035
1044,2017-12-21,71.4529,51.1516,2.4945,11.1844,8.3916,,0.495,303053.3069
1045,2017-12-20,72.2722,51.7381,2.5231,11.3126,8.4878,,0.4894,306527.8034
1046,2017-12-19,73.501,52.6177,2.566,11.505,8.6321,,0.4812,311739.5482
1047,2017-12-18,73.3189,52.4874,2.5596,11.4765,8.6107,,0.4824,310967.4378
1048,2017-12-15,73.774,52.8132,2.5755,11.5477,8.6641,,0.4794,312897.7137
1049,2017-12-14,74.8663,53.5952,2.6137,11.7187,8.7924,,0.4724,317530.3757
1050,2017-12-13,76.2316,54.5726,2.6613,11.9324,8.9528,,0.4639,323321.2032
1051,2017-12-12,76.1861,54.54,2.6597,11.9253,8.9474,,0.4642,323128.1756
1052,2017-12-11,77.1874,55.2568,2.6947,12.082,9.065,,0.4582,327374.7825
1053,2017-12-08,75.9586,54.3771,2.6518,11.8897,8.9207,,0.4656,322163.0377
1054,2017-12-07,74.0471,53.0087,2.5851,11.5905,8.6962,,0.4776,314055.8792
1055,2017-12-06,74.1836,53.1064,2.5898,11.6118,8.7122,,0.4767,314634.9619
1056,2017-12-05,73.501,52.6177,2.566,11.505,8.6321,,0.4812,311739.5482
1057,2017-12-04,75.8676,54.3119,2.6486,11.8754,8.91,,0.4662,321776.9825
1058,2017-12-01,78.0521,55.8758,2.7249,12.2174,9.1666,,0.4531,331042.3066
1059,2017-11-30,75.2759,53.8884,2.628,11.7828,8.8405,,0.4698,319267.6239
1060,2017-11-29,74.4567,53.3019,2.5994,11.6546,8.7443,,0.475,315793.1274
1061,2017-11-28,75.0939,53.7581,2.6216,11.7543,8.8191,,0.471,318495.5136
1062,2017-11-27,74.3657,53.2368,2.5962,11.6403,8.7336,,0.4756,315407.0723
1063,2017-11-24,76.0041,54.4097,2.6534,11.8968,8.926,,0.4653,322356.0653
1064,2017-11-23,76.8233,54.9961,2.682,12.025,9.0223,,0.4604,325830.5618
1065,2017-11-22,79.645,57.0161,2.7805,12.4667,9.3536,,0.4441,337798.272
1066,2017-11-21,79.554,56.951,2.7773,12.4524,9.343,,0.4446,337412.2168
1067,2017-11-20,80.2822,57.4723,2.8027,12.5664,9.4285,,0.4405,340500.6582
1068,2017-11-17,78.7348,56.3645,2.7487,12.3242,9.2467,,0.4492,333937.7203
1069,2017-11-16,84.0596,60.1764,2.9346,13.1577,9.8721,,0.4207,356521.9476
1070,2017-11-15,83.3769,59.6877,2.9108,13.0508,9.7919,,0.4242,353626.5339
1071,2017-11-14,83.2859,59.6226,2.9076,13.0366,9.7812,,0.4246,353240.4787
1072,2017-11-13,85.0154,60.8606,2.968,13.3073,9.9843,,0.416,360575.5269
1073,2017-11-10,86.0166,61.5774,3.0029,13.464,10.1019,,0.4112,364822.1338
1074,2017-11-09,84.4237,60.4371,2.9473,13.2147,9.9149,,0.4189,358066.1683
1075,2017-11-08,84.3782,60.4045,2.9457,13.2076,9.9095,,0.4191,357873.1407
1076,2017-11-07,84.7878,60.6977,2.96,13.2717,9.9576,,0.4171,359610.389
1077,2017-11-06,84.0141,60.1439,2.933,13.1506,9.8668,,0.421,356328.9201
1078,2017-11-03,82.4212,59.0035,2.8774,12.9012,9.6797,,0.4291,349572.9546
1079,2017-11-02,82.0571,58.7429,2.8647,12.8443,9.6369,,0.431,348028.734
1080,2017-11-01,85.1064,60.9258,2.9711,13.3215,9.995,,0.4156,360961.5821
1081,2017-10-31,82.2392,58.8732,2.8711,12.8727,9.6583,,0.43,348800.8443
1082,2017-10-30,81.693,58.4823,2.852,12.7873,9.5942,,0.4329,346484.5133
1083,2017-10-27,86.4262,61.8706,3.0172,13.5281,10.15,,0.4092,366559.382
1084,2017-10-26,87.9736,82.463,2.3514,13.7703,12.9282,,0.402,373122.3199
1085,2017-10-25,86.4262,81.0126,2.3101,13.5281,12.7008,,0.4092,366559.382
1086,2017-10-24,85.3339,79.9887,2.2809,13.3572,12.5403,,0.4144,361926.72
1087,2017-10-23,86.9268,81.4819,2.3234,13.6065,12.7744,,0.4069,368682.6854
1088,2017-10-20,86.9268,81.4819,2.3234,13.6065,12.7744,,0.4069,368682.6854
1089,2017-10-19,83.2404,78.0263,2.2249,13.0295,12.2327,,0.4249,353047.4511
1090,2017-10-18,86.5627,81.1406,2.3137,13.5495,12.7209,,0.4086,367138.4648
1091,2017-10-17,87.3819,81.9085,2.3356,13.6777,12.8413,,0.4047,370612.9613
1092,2017-10-16,86.9723,81.5245,2.3247,13.6136,12.7811,,0.4066,368875.713
1093,2017-10-13,92.4337,86.6438,2.4706,14.4685,13.5837,,0.3826,392039.0231
1094,2017-10-12,90.1581,84.5108,2.4098,14.1123,13.2493,,0.3923,382387.6439
1095,2017-10-11,91.2504,85.5346,2.439,14.2833,13.4098,,0.3876,387020.3059
1096,2017-10-10,93.708,87.8383,2.5047,14.6679,13.771,,0.3774,397443.7955
1097,2017-10-09,89.703,84.0842,2.3977,14.0411,13.1824,,0.3943,380457.3681
1098,2017-09-29,88.6108,83.0603,2.3685,13.8701,13.0219,,0.3991,375824.706
1099,2017-09-28,88.7473,83.1883,2.3721,13.8915,13.0419,,0.3985,376403.7888
1100,2017-09-27,87.0634,81.6098,2.3271,13.6279,12.7945,,0.4062,369261.7682
1101,2017-09-26,85.698,80.33,2.2906,13.4142,12.5938,,0.4127,363470.9407
1102,2017-09-25,87.9736,82.463,2.3514,13.7703,12.9282,,0.402,373122.3199
1103,2017-09-22,90.1126,84.4681,2.4086,14.1052,13.2426,,0.3925,382194.6163
1104,2017-09-21,92.7068,86.8998,2.4779,14.5112,13.6238,,0.3815,393197.1886
1105,2017-09-20,96.5753,90.5259,2.5813,15.1167,14.1923,,0.3662,409604.5332
1106,2017-09-19,95.2554,89.2887,2.5461,14.9102,13.9984,,0.3713,404006.7333
1107,2017-09-18,95.3464,89.3741,2.5485,14.9244,14.0117,,0.3709,404392.7885
1108,2017-09-15,94.8913,88.9475,2.5363,14.8532,13.9448,,0.3727,402462.5126
1109,2017-09-14,98.7143,92.531,2.6385,15.4516,14.5067,,0.3583,418676.8297
1110,2017-09-13,99.4425,93.2135,2.658,15.5655,14.6137,,0.3556,421765.271
1111,2017-09-12,102.8103,96.3704,2.748,16.0927,15.1086,,0.344,436049.3123
1112,2017-09-11,99.397,93.1709,2.6568,15.5584,14.607,,0.3558,421572.2435
1113,2017-09-08,96.4842,90.4406,2.5789,15.1025,14.1789,,0.3666,409218.4781
1114,2017-09-07,86.2588,80.8556,2.8528,13.5019,12.6762,,0.37,365849.2404
1115,2017-09-06,89.668,84.0514,2.9656,14.0356,13.1773,,0.356,380308.9961
1116,2017-09-05,88.3536,82.8193,2.9221,13.8298,12.9841,,0.3613,374734.1505
1117,2017-09-04,91.804,86.0535,3.0362,14.3699,13.4911,,0.3477,389368.1201
1118,2017-09-01,88.1072,82.5883,2.9139,13.7913,12.9479,,0.3623,373688.867
1119,2017-08-31,83.8353,78.584,2.7727,13.1226,12.3201,,0.4219,355570.6189
1120,2017-08-30,76.1952,71.4225,2.52,11.9267,11.1973,,0.4642,323166.829
1121,2017-08-29,78.0847,73.1936,2.5825,12.2225,11.475,,0.4529,331180.6695
1122,2017-08-28,78.8652,78.5327,3.8415,12.3446,12.2779,,0.4484,334490.7341
1123,2017-08-25,75.8666,75.5469,3.6954,11.8753,11.8111,,0.4662,321773.1176
1124,2017-08-24,75.2916,74.9742,3.6674,11.7853,11.7215,,0.4697,319334.1227
1125,2017-08-23,77.14,76.8148,3.7575,12.0746,12.0093,,0.4585,327173.7493
1126,2017-08-15,80.6314,80.2915,3.9275,12.6211,12.5529,,0.4386,341981.9328
1127,2017-08-14,78.7419,78.41,3.8355,12.3253,12.2587,,0.4491,333968.0923
1128,2017-08-11,79.4402,79.1054,3.8695,12.4346,12.3674,,0.4452,336929.729
1129,2017-08-10,83.5478,83.1956,4.0696,13.0776,13.0069,,0.4233,354351.1214
1130,2017-08-09,80.8779,80.537,3.9395,12.6597,12.5912,,0.4373,343027.2164
1131,2017-08-08,73.5253,73.2154,3.5814,11.5088,11.4466,,0.481,311842.924
1132,2017-08-07,73.1557,72.8473,3.5634,11.4509,11.389,,0.4834,310274.9986
1133,2017-08-04,71.4716,71.1703,3.4814,11.1873,11.1268,,0.4948,303132.2278
1134,2017-08-03,72.0055,71.702,3.5074,11.2709,11.21,,0.4912,305397.0088
1135,2017-08-02,70.2393,69.9432,3.4213,10.9944,10.935,,0.5035,297905.81
1136,2017-08-01,72.4574,72.152,3.5294,11.3416,11.2803,,0.4881,307313.3619
1137,2017-07-31,71.4716,71.1703,3.4814,11.1873,11.1268,,0.4948,303132.2278
1138,2017-07-28,71.8412,71.5384,3.4994,11.2452,11.1844,,0.4923,304700.1531
1139,2017-07-27,72.827,72.5201,3.5474,11.3995,11.3379,,0.4856,308881.2873
1140,2017-07-26,70.075,69.7796,3.4133,10.9687,10.9094,,0.5047,297208.9543
1141,2017-07-25,71.184,70.884,3.4673,11.1423,11.0821,,0.4968,301912.7303
1142,2017-07-24,70.9786,70.6795,3.4573,11.1102,11.0501,,0.4983,301041.6607
1143,2017-07-21,70.3214,70.025,3.4253,11.0073,10.9478,,0.5029,298254.2379
1144,2017-07-20,73.4432,73.1336,3.5774,11.4959,11.4338,,0.4815,311494.4961
1145,2017-07-19,74.1825,73.8699,3.6134,11.6117,11.5489,,0.4767,314630.3467
1146,2017-07-18,74.963,74.647,3.6514,11.7338,11.6704,,0.4718,317940.4113
1147,2017-07-17,74.8398,74.5243,3.6454,11.7145,11.6512,,0.4726,317417.7695
1148,2017-07-14,76.354,76.0321,6.8215,11.9515,11.8869,,0.4254,323840.0
1149,2017-07-13,75.5618,75.2433,6.7508,11.8275,11.7636,,0.4299,320480.0
1150,2017-07-12,76.8444,76.5205,6.8654,12.0283,11.9633,,0.4227,325920.0
1151,2017-07-11,78.1647,77.8353,6.9833,12.235,12.1688,,0.4155,331520.0
1152,2017-07-10,77.9007,77.5723,6.9597,12.1936,12.1277,,0.417,330400.0
1153,2017-07-07,80.6923,80.3521,7.2091,12.6306,12.5623,,0.4025,342240.0
1154,2017-07-06,79.1833,78.8495,7.0743,12.3944,12.3274,,0.4102,335840.0
1155,2017-07-05,78.6551,78.3236,7.0271,12.3117,12.2452,,0.413,333600.0
1156,2017-07-04,76.5049,76.1824,6.835,11.9752,11.9104,,0.4623,324480.0
1157,2017-07-03,78.3911,78.0607,7.0035,12.2704,12.2041,,0.4512,332480.0
1158,2017-06-30,77.7875,77.4596,6.9496,12.1759,12.1101,,0.4547,329920.0
1159,2017-06-29,77.9761,77.6474,6.9665,12.2055,12.1395,,0.4536,330720.0
1160,2017-06-28,78.127,77.7977,6.9799,12.2291,12.163,,0.4527,331360.0
1161,2017-06-27,79.8623,79.5257,7.135,12.5007,12.4331,,0.4428,338720.0
1162,2017-06-26,78.8438,78.5114,7.044,12.3413,12.2746,,0.4486,334400.0
1163,2017-06-23,79.1833,78.8495,7.0743,12.3944,12.3274,,0.4466,335840.0
1164,2017-06-22,78.9192,78.5866,7.0507,12.3531,12.2863,,0.4481,334720.0
1165,2017-06-21,82.1635,81.8172,7.3406,12.8609,12.7914,,0.4304,348480.0
1166,2017-06-20,84.5024,84.1462,7.5495,13.227,13.1555,,0.4185,358400.0
1167,2017-06-19,84.427,84.0711,7.5428,13.2152,13.1438,,0.4189,358080.0
1168,2017-06-16,85.7096,85.3483,7.6574,13.416,13.3434,,0.4126,363520.0
1169,2017-06-15,87.8976,87.5271,7.8529,13.7585,13.6841,,0.4024,372800.0
1170,2017-06-14,85.1815,84.8224,7.6102,13.3333,13.2612,,0.4152,361280.0
1171,2017-06-13,86.1623,85.7991,7.6978,13.4868,13.4139,,0.4105,365440.0
1172,2017-06-12,78.3156,77.9855,6.9968,12.2586,12.1923,,0.4516,332160.0
1173,2017-06-09,85.3701,85.0102,7.6271,13.3628,13.2906,,0.4143,362080.0
1174,2017-06-08,84.2006,83.8457,7.5226,13.1798,13.1085,,0.42,357120.0
1175,2017-06-07,87.1431,86.7758,7.7855,13.6404,13.5666,,0.4058,369600.0
1176,2017-06-06,81.3336,80.9907,7.2664,12.731,12.6622,,0.4348,344960.0
1177,2017-06-05,73.9396,73.628,6.6058,11.5736,11.5111,,0.4783,313600.0
1178,2017-06-02,71.7139,71.4116,6.407,11.2252,11.1646,,0.4932,304160.0
1179,2017-06-01,76.354,76.0321,6.8215,11.9515,11.8869,,0.4632,323840.0
1180,2017-05-31,84.8419,84.4843,7.5799,13.2802,13.2084,,0.4169,359840.0
1181,2017-05-26,87.3789,87.0106,7.5674,13.6773,13.6033,,,370600.0
1182,2017-05-25,85.5163,85.1558,7.4061,13.3857,13.3133,,,362700.0
1183,2017-05-24,85.6813,85.3201,7.4204,13.4115,13.339,,,363400.0
1184,2017-05-23,83.465,83.1132,7.2285,13.0646,12.994,,,354000.0
1185,2017-05-22,88.6285,88.2549,7.6756,13.8729,13.7979,,,375900.0
1186,2017-05-19,93.2497,92.8567,8.0759,14.5962,14.5173,,,395500.0
1187,2017-05-18,92.8018,92.4106,8.0371,14.5261,14.4476,,,393600.0
1188,2017-05-17,93.2026,92.8097,8.0718,14.5888,14.51,,,395300.0
1189,2017-05-16,91.8587,91.4715,7.9554,14.3785,14.3007,,,389600.0
1190,2017-05-15,88.6992,88.3254,7.6818,13.8839,13.8089,,,376200.0
1191,2017-05-12,89.1708,88.7949,7.7226,13.9577,13.8823,,,378200.0
1192,2017-05-11,89.7602,89.3819,7.7737,14.05,13.974,,,380700.0
1193,2017-05-10,87.3553,86.9871,7.5654,13.6736,13.5996,,,370500.0
1194,2017-05-09,89.1472,88.7715,7.7206,13.9541,13.8786,,,378100.0
1195,2017-05-08,86.8366,86.4706,7.5205,13.5924,13.5189,,,368300.0
1196,2017-05-05,91.4107,91.0254,7.9166,14.3083,14.231,,,387700.0
1197,2017-05-04,93.014,92.6219,8.0554,14.5593,14.4806,,,394500.0
1198,2017-05-03,95.2538,94.8523,8.2494,14.9099,14.8293,,,404000.0
1199,2017-05-02,95.3246,94.9228,8.2555,14.921,14.8403,,,404300.0
1200,2017-04-28,96.0791,95.6741,8.3209,15.0391,14.9578,,,407500.0
1201,2017-04-27,93.3205,92.9271,8.082,14.6073,14.5283,,,395800.0
1202,2017-04-26,91.2928,90.908,7.9064,14.2899,14.2126,,,387200.0
1203,2017-04-25,91.0099,90.6262,7.8819,14.2456,14.1686,,,386000.0
1204,2017-04-24,87.4968,87.4968,7.7106,13.6957,13.6957,,,371100.0
1205,2017-04-12,90.7033,90.7033,7.9931,14.1976,14.1976,,,384700.0
1206,2017-04-11,94.405,94.405,8.3193,14.777,14.777,,,400400.0
1207,2017-04-10,94.3579,94.3579,8.3152,14.7697,14.7697,,,400200.0
1208,2017-04-07,100.1816,100.1816,8.8284,15.6812,15.6812,,,424900.0
1209,2017-04-06,103.8361,103.8361,9.1504,16.2533,16.2533,,,440400.0
1210,2017-04-05,102.1857,102.1857,9.005,15.9949,15.9949,,,433400.0
1211,2017-03-31,100.6767,100.6767,8.872,15.7587,15.7587,,,427000.0
1212,2017-03-30,100.6767,100.6767,8.872,15.7587,15.7587,,,427000.0
1213,2017-03-29,110.32,110.32,9.7218,17.2682,17.2682,,,467900.0
1214,2017-03-28,112.4655,112.4655,9.9109,17.604,17.604,,,477000.0
1215,2017-03-27,114.1255,112.0466,9.8622,18.9558,17.5213,,,474600.0
1216,2017-03-24,111.817,109.7801,9.6627,18.5724,17.1669,,,465000.0
1217,2017-03-23,112.7308,110.6773,9.7417,18.7242,17.3072,,,468800.0
1218,2017-03-22,111.793,109.7565,9.6606,18.5684,17.1632,,,464900.0
1219,2017-03-21,112.2739,110.2287,9.7022,18.6483,17.237,,,466900.0
1220,2017-03-20,112.0815,110.0398,9.6856,18.6164,17.2075,,,466100.0
1221,2017-03-17,109.9414,107.9387,9.5006,18.2609,16.8789,,,457200.0
1222,2017-03-16,111.817,109.7801,9.6627,18.5724,17.1669,,,465000.0
1223,2017-03-15,106.8394,104.8932,9.2325,17.7456,16.4027,,,444300.0
1224,2017-03-14,104.5309,102.6267,9.0331,17.3622,16.0483,,,434700.0
1225,2017-03-13,102.6071,100.738,8.8668,17.0427,15.7529,,,426700.0
1226,2017-03-10,102.4869,100.62,8.8564,17.0227,15.7345,,,426200.0
1227,2017-03-09,104.2423,102.3434,9.0081,17.3143,16.004,,,433500.0
1228,2017-03-08,103.3045,101.4227,8.9271,17.1585,15.86,,,429600.0
1229,2017-03-07,104.3866,102.4851,9.0206,17.3382,16.0261,,,434100.0
1230,2017-03-06,104.603,102.6976,9.0393,17.3742,16.0593,,,435000.0
1231,2017-03-03,101.7896,99.9353,8.7962,16.9069,15.6274,,,423300.0
1232,2017-03-02,96.4512,94.6942,8.3349,16.0202,14.8078,,,401100.0
1233,2017-03-01,97.87,96.0871,8.4575,16.2559,15.0256,,,407000.0
1234,2017-02-28,98.5673,96.7718,8.5177,16.3717,15.1327,,,409900.0
1235,2017-02-27,97.87,92.9847,8.6727,16.2559,15.3848,,,407000.0
1236,2017-02-24,97.1486,92.2993,8.6088,16.136,15.2714,,,404000.0
1237,2017-02-23,92.4835,87.8671,8.1954,15.3612,14.538,,,384600.0
1238,2017-02-22,90.5838,86.0622,8.027,15.0457,14.2394,,,376700.0
1239,2017-02-21,90.5598,86.0394,8.0249,15.0417,14.2356,,,376600.0
1240,2017-02-20,88.4918,84.0746,7.8416,14.6982,13.9106,,,368000.0
1241,2017-02-17,91.2812,86.7248,8.0888,15.1615,14.349,,,379600.0
1242,2017-02-16,97.389,92.5277,8.6301,16.176,15.3092,,,405000.0
1243,2017-02-15,97.8219,92.939,8.6684,16.2479,15.3772,,,406800.0
1244,2017-02-14,96.9081,92.0708,8.5875,16.0961,15.2336,,,403000.0
1245,2017-02-13,93.6858,89.0094,8.3019,15.5609,14.727,,,389600.0
1246,2017-02-10,92.219,87.6158,8.1719,15.3173,14.4965,,,383500.0
1247,2017-02-09,92.6999,88.0727,8.2145,15.3971,14.5721,,,385500.0
1248,2017-02-08,93.5416,88.8723,8.2891,15.5369,14.7044,,,389000.0
1249,2017-02-07,91.9785,87.3873,8.1506,15.2773,14.4587,,,382500.0
1250,2017-02-06,94.9363,90.1974,8.4127,15.7686,14.9236,,,394800.0
1251,2017-02-03,88.1311,83.7319,7.8097,14.6383,13.8538,,,366500.0
1252,2017-01-26,86.3516,82.0413,7.652,14.3427,13.5741,,,359100.0
1253,2017-01-25,84.5962,80.3735,7.4964,14.0511,13.2982,,,351800.0
1254,2017-01-24,82.5522,78.4315,7.3153,13.7116,12.9769,,,343300.0
1255,2017-01-23,86.8806,82.5439,7.6989,14.4306,13.6573,,,361300.0
1256,2017-01-20,86.4718,82.1555,7.6626,14.3627,13.593,,,359600.0
1257,2017-01-19,84.9569,80.7162,7.5284,14.111,13.3549,,,353300.0
1258,2017-01-18,84.1633,79.9622,7.4581,13.9792,13.2301,,,350000.0
1259,2017-01-17,92.5797,87.9585,8.2039,15.3772,14.5532,,,385000.0
1260,2017-01-16,95.0324,90.2888,8.4212,15.7846,14.9387,,,395200.0
1261,2017-01-13,105.5889,100.3183,9.3567,17.538,16.5982,,,439100.0
1262,2016-10-11,117.3237,116.5779,10.6083,19.4871,18.6386,,,487900.0
1263,2016-10-10,114.4622,113.7345,10.3496,19.0118,18.184,,,476000.0
1264,2016-09-30,109.4604,108.7646,9.8973,18.181,17.3894,,,455200.0
1265,2016-09-29,113.7408,113.0177,10.2843,18.8919,18.0694,,,473000.0
1266,2016-09-28,113.0194,112.3009,10.2191,18.7721,17.9548,,,470000.0
1267,2016-09-27,116.6264,115.885,10.5453,19.3712,18.5278,,,485000.0
1268,2016-09-26,112.9953,112.277,10.2169,18.7681,17.9509,,,469900.0
1269,2016-09-23,125.5477,124.7496,11.3519,20.853,19.9451,,,522100.0
1270,2016-09-22,132.93,132.085,12.0194,22.0792,21.1179,,,552800.0
1271,2016-09-21,120.8345,120.0664,10.9258,20.0702,19.1963,,,502500.0
1272,2016-09-20,109.8452,109.1469,9.9321,18.2449,17.4505,,,456800.0
1273,2016-09-19,99.8658,99.231,9.0298,16.5874,15.8651,,,415300.0
1274,2016-09-14,90.7762,90.1991,8.2079,15.0776,14.4211,,,377500.0
1275,2016-09-13,82.5282,82.0035,7.4621,13.7076,13.1108,,,343200.0
1276,2016-09-12,75.0256,74.5487,6.7838,12.4615,11.9189,,,312000.0
1277,2016-09-09,68.1964,67.7628,6.1663,11.3272,10.834,,,283600.0
1278,2016-09-08,61.9923,61.5982,5.6053,10.2967,9.8484,,,257800.0
1279,2016-09-07,56.3654,56.0071,5.0965,9.3621,8.9545,,,234400.0
1280,2016-09-06,51.2435,50.9177,4.6334,8.5114,8.1408,,,213100.0
1281,2016-09-05,46.5784,46.2823,4.2116,7.7365,7.3997,,,193700.0
1282,2016-09-02,42.3462,42.077,3.8289,7.0336,6.7273,,,176100.0
1283,2016-09-01,38.4987,38.254,3.481,6.3945,6.1161,,,160100.0
1284,2016-08-31,34.9879,34.7655,3.1636,5.8114,5.5583,,,145500.0
1285,2016-08-30,31.8137,31.6115,2.8766,5.2842,5.0541,,,132300.0
